ID,post_title,post_name
895,"CHAPÉUS MIKI / MARINHEIRO",chapeus-miki-marinheiro-4
894,"CHAPÉUS MIKI / MARINHEIRO",chapeus-miki-marinheiro-3
576,bone-15114,bone-15114
561,"CHAPÉU COWBOY",chapeu-cowboy
539,"BONÉS TRUCKER",bones-trucker-3
482,"BONÉS CUBANOS",bones-cubanos-5
466,"BONÉS CUBANOS",bones-cubanos-4
451,"BONÉS CUBANOS",bones-cubanos-3
360,"BOINA CLÁSSICA / BERET",boina-classica-beret
322,"BOINA COM PALA INVERNO",bones-de-inverno-para-mulheres-4
307,"BOINA COM PALA ALGODÃO",bones-de-verao-para-mulheres
273,"CHAPÉU CHAPKA IMPERMEÁVEL",chapeu-chapka
177,"Tag: Verão , Fabricado na Itália",viseira-feminina
414,"CHAPÉU SAFARI",chapeu-safari
412,"BUCKT HAT ALGODÃO",buckt-hat-algodao
407,"CHAPÉUS ALGODÃO ENCERADO",chapeus-algodao-encerado
399,"CHAPEU PANAMÁ AJUSTÁVEL",chapeu-panama-ajustavel
392,"CHAPEU PANAMÁ ABA CURTA",chapeu-panama-aba-curta
386,"CHAPEU PANAMÁ",chapeu-panama
384,"CHAPÉU DE PALHA NATURAL",chapeu-de-palha-natural
366,"BOINA COM PALA PIED POULE",boina-com-pala-pied-poule
364,"CHAPÉU LÃ HARMONICO",chapeu-la-harmonico
327,"BONÉS DE INVERNO PARA MULHERES",bones-de-inverno-para-mulheres-5
287,"BONÉS DE INVERNO PARA MULHERES",bones-de-inverno-para-mulheres
285,"CHAPÉUS DE LÃ IMPERMEÁVEL",chapeus-de-la-impermeavel
283,"CHAPÉU DE LÃ TRILBY",chapeu-de-la-trilby
281,"CHAPÉUS DE LÃ ITALIANA",chapeus-de-la-italiana
279,"CHAPEU FEDORA",chapeu-fedora
275,"Bonnet – Pierre Cardin",bonnet-pierre-cardin
271,"GORRO USHANKA",gorro-ushanka
269,"CHAPÉU TIROLÊS EM CORTIÇA",chapeu-tiroles-em-cortica
267,CARTEIRAS,carteiras
265,"LUVAS MASCULINAS",luvas-masculinas
263,"LUVAS FEMININAS",luvas-femininas
261,"BOINA SEXTAVADA PELE",boina-sextavada-pele
226,"BOINA SEXTAVADA ALGODÃO",boina-sextavada-algodao
221,"BOINA PIEMONTE ALGODÃO",boina-piemonte-algodao
210,"Tag: Fabricado na Itália, Linho",tag-fabricado-na-italia-linho
201,"BOINA SEXTAVADA CORES NA PALA",boina-sextavada-cores-na-pala
192,"BOINA PIEMONTE LINHO E ALGODÃO",boina-piemonte-linho-e-algodao
182,"BOINA OITAVADA LINHO",boina-oitavada-linho
172,"BOINA OITAVADA PURE WOOL",boina-oitavada-pure-wool
159,"BOINA SEXTAVADA COM BOMBAZINE",boina-sextavada-com-bombazine
145,"BOINA PIEMONTE MIX WOOL",boina-piemonte-mix-wool
140,"BOINA HARRIS TWEED PATCHWORK",boina-harris-tweed-patchwork
135,"BOINA HARRIS TWEED QUADRADOS",boina-harris-tweed-quadrados
118,"BOINA SEXTAVADA PURE WOOL",boina-sextavada-pure-wool
114,"CHAPÉUS MIKI / MARINHEIRO",chapeus-miki-marinheiro
109,"BOINA OITAVADA PURE WOOL XADREZ",boina-oitavada-pure-wool-xadrez
88,"BOINA PIEMONTE CASHMERE",boina-piemonte-cashmere
83,"BOINA MISTURA DE LÃ QUADRADOS",boina-mistura-de-la-quadrados
81,"BOINA PIEMONTE BOMBAZINE",boina-piemonte-bombazine
76,"BOINA OITAVA HARRIS TWEED",boina-oitava-harris-tweed
71,"BOINA PURE WOOL QUADRADOS",boina-pure-wool-quadrados
54,"BOINA PIEMONTE HARRINGBONE",boina-piemonte-harringbone
46,"BOINA OITAVADA HARRINGBONE",boina-oitavada-harringbone
38,"BOINA OITAVA XADREZ",boina-oitava-xadrez
28,"BOINA OITAVA INVERNO",boina-oitava-inverno
18,"BOINA BICO DE PATO AJUSTÁVEL",boina-bico-de-pato-ajustavel
