timestamp,file_path,file_hash,wordpress_id,sku,product_name,file_size_kb,status
2025-11-14T11:13:38.302017,wordpress/wp-content/uploads/products/artigos em pele/bone-18161n-bone-18161m/img_01_pro.jpg,5f127d15b5f28455310f1d3c7f19997d,3336,bone-18161n-bone-18161m,,43,registered
2025-11-14T11:13:39.232960,wordpress/wp-content/uploads/products/artigos em pele/bone-18161n-bone-18161m/img_02_pro.jpg,b265584e2c73a01a571d2485be9fec38,3337,bone-18161n-bone-18161m,,44,registered
2025-11-14T11:13:40.165915,wordpress/wp-content/uploads/products/artigos em pele/bone-18161n-bone-18161m/img_03_pro.jpg,bbc2d5591719cd8c78dbe92ce99fd9d7,3338,bone-18161n-bone-18161m,,48,registered
2025-11-14T11:13:41.038222,wordpress/wp-content/uploads/products/artigos em pele/bone-18161n-bone-18161m/img_04_pro.jpg,b3bddb7e6dd302f36520403972ed9f0a,3339,bone-18161n-bone-18161m,,44,registered
2025-11-14T11:13:41.892304,wordpress/wp-content/uploads/products/artigos em pele/bone-18161n-bone-18161m/img_05_pro.jpg,a9f2a9d83da369811f9047d095511d66,3340,bone-18161n-bone-18161m,,36,registered
2025-11-14T11:13:42.791913,wordpress/wp-content/uploads/products/artigos em pele/gants-17119/img_01_pro.jpg,2359b82a67abc05c705dc0c833b28f55,3341,gants-17119,,64,registered
2025-11-14T11:13:43.670956,wordpress/wp-content/uploads/products/artigos em pele/gants-17119/img_02_pro.jpg,332996a87761b28eba42d55b8df29107,3342,gants-17119,,56,registered
2025-11-14T11:13:44.558464,wordpress/wp-content/uploads/products/artigos em pele/gants-17119/img_03_pro.jpg,28e66c49bb1f85bb3987adeb2cc33e79,3343,gants-17119,,43,registered
2025-11-14T11:13:45.738140,wordpress/wp-content/uploads/products/artigos em pele/gants-17119/img_04_pro.jpg,b1f1209840a9f164baa44d827facab70,3344,gants-17119,,51,registered
2025-11-14T11:13:46.583700,wordpress/wp-content/uploads/products/artigos em pele/gants-17119/img_05_pro.jpg,34ce0b777180d189b54a08368c08e9fd,3345,gants-17119,,58,registered
2025-11-14T11:13:47.455567,wordpress/wp-content/uploads/products/artigos em pele/gants-17120/img_01_pro.jpg,958ee76df230f03346bf9e99108d7943,3346,gants-17120,,58,registered
2025-11-14T11:13:48.349131,wordpress/wp-content/uploads/products/artigos em pele/gants-17120/img_02_pro.jpg,f748ea7e35906d1a8ce0b32d514478c5,3347,gants-17120,,51,registered
2025-11-14T11:13:49.196673,wordpress/wp-content/uploads/products/artigos em pele/gants-17120/img_03_pro.jpg,65d99f935ae31a3634c4908ef29a0057,3348,gants-17120,,60,registered
2025-11-14T11:13:50.042063,wordpress/wp-content/uploads/products/artigos em pele/gants-17120/img_04_pro.jpg,92299ed9304e82c47ff8d4daca0d19e5,3349,gants-17120,,51,registered
2025-11-14T11:13:50.914612,wordpress/wp-content/uploads/products/artigos em pele/gants-17120/img_05_pro.jpg,489873d8f8f3d5edb8083068c1def1eb,3350,gants-17120,,52,registered
2025-11-14T11:13:51.782397,wordpress/wp-content/uploads/products/artigos em pele/gants-17120/img_06_pro.jpg,3afb994462bf2c003fd9065169268510,3351,gants-17120,,53,registered
2025-11-14T11:13:52.657916,wordpress/wp-content/uploads/products/artigos em pele/gants-17120/img_07_pro.jpg,c023835ea7406608ad9967db2e560dfc,3352,gants-17120,,54,registered
2025-11-14T11:13:53.546202,wordpress/wp-content/uploads/products/artigos em pele/gants-17120/img_08_pro.jpg,a1542eba218c3b71745089ba30d69ee2,3353,gants-17120,,56,registered
2025-11-14T11:13:54.415370,wordpress/wp-content/uploads/products/artigos em pele/gants-17120/img_09_pro.jpg,43d3d27eff062b9212f3deb3d764d639,3354,gants-17120,,60,registered
2025-11-14T11:13:55.513765,wordpress/wp-content/uploads/products/artigos em pele/gants-17120/img_10_pro.jpg,c4202b8cf51b50ef8c8e8043a042ec0b,3355,gants-17120,,39,registered
2025-11-14T11:13:56.416892,wordpress/wp-content/uploads/products/artigos em pele/porte-monnaie-5657/img_01_pro.jpg,fb0dbb6973208d9dd71e6f227b195f55,3356,porte-monnaie-5657,,53,registered
2025-11-14T11:13:57.381754,wordpress/wp-content/uploads/products/boinas inverno/18220mi/img_01_pro.jpg,4967198eceb674de91be9653225607f5,3357,18220mi,,69,registered
2025-11-14T11:13:58.268645,wordpress/wp-content/uploads/products/boinas inverno/18220mi/img_02_pro.jpg,2e116d366d9ba5a85cffa0bdbf3eb296,3358,18220mi,,58,registered
2025-11-14T11:13:59.168667,wordpress/wp-content/uploads/products/boinas inverno/18220mi/img_03_pro.jpg,0c5cab381bfb6bdd5b6a3b5d9962ac4a,3359,18220mi,,69,registered
2025-11-14T11:14:00.027914,wordpress/wp-content/uploads/products/boinas inverno/18220mi/img_04_pro.jpg,d3002a0d8c9a8db8f5a1eb910d1433c1,3360,18220mi,,80,registered
2025-11-14T11:14:00.915738,wordpress/wp-content/uploads/products/boinas inverno/bone-18074-bone-18074k-bone-18074gc/img_01_pro.jpg,25fe3068aedee876451d0293a33174ac,3361,bone-18074-bone-18074k-bone-18074gc,,93,registered
2025-11-14T11:14:01.821701,wordpress/wp-content/uploads/products/boinas inverno/bone-18074-bone-18074k-bone-18074gc/img_02_pro.jpg,941b8364008686c09c9c636e20b4c84b,3362,bone-18074-bone-18074k-bone-18074gc,,54,registered
2025-11-14T11:14:02.695905,wordpress/wp-content/uploads/products/boinas inverno/bone-18074-bone-18074k-bone-18074gc/img_03_pro.jpg,831eb4f18b6e5a6f6bad72d01444d608,3363,bone-18074-bone-18074k-bone-18074gc,,102,registered
2025-11-14T11:14:03.557517,wordpress/wp-content/uploads/products/boinas inverno/bone-18074-bone-18074k-bone-18074gc/img_04_pro.jpg,a6a8a6b2400c9b8a3035e3ace57b962c,3364,bone-18074-bone-18074k-bone-18074gc,,85,registered
2025-11-14T11:14:04.429863,wordpress/wp-content/uploads/products/boinas inverno/bone-18074-bone-18074k-bone-18074gc/img_05_pro.jpg,4282fe68eb5c4a65e4bd6fe4e70ecbb6,3365,bone-18074-bone-18074k-bone-18074gc,,86,registered
2025-11-14T11:14:05.723860,wordpress/wp-content/uploads/products/boinas inverno/bone-18074-bone-18074k-bone-18074gc/img_06_pro.jpg,f87acefc5adac0f1ce3bbc58360ed949,3366,bone-18074-bone-18074k-bone-18074gc,,77,registered
2025-11-14T11:14:06.570780,wordpress/wp-content/uploads/products/boinas inverno/bone-18074-bone-18074k-bone-18074gc/img_07_pro.jpg,54ac4d7240fd6493eb8f6e1b5a1e7906,3367,bone-18074-bone-18074k-bone-18074gc,,56,registered
2025-11-14T11:14:07.433136,wordpress/wp-content/uploads/products/boinas inverno/bone-18074-bone-18074k-bone-18074gc/img_08_pro.jpg,4bd994cf1beda3f647628e8fd68ed040,3368,bone-18074-bone-18074k-bone-18074gc,,71,registered
2025-11-14T11:14:08.348135,wordpress/wp-content/uploads/products/boinas inverno/bone-18074-bone-18074k-bone-18074gc/img_09_pro.jpg,a2e6649c572fc19bff12c4ec7d2b9fd6,3369,bone-18074-bone-18074k-bone-18074gc,,85,registered
2025-11-14T11:14:09.184272,wordpress/wp-content/uploads/products/boinas inverno/bone-18074-bone-18074k-bone-18074gc/img_10_pro.jpg,23d10a1ddf52ca325c72af862e06427c,3370,bone-18074-bone-18074k-bone-18074gc,,57,registered
2025-11-14T11:14:10.045417,wordpress/wp-content/uploads/products/boinas inverno/bone-18074-bone-18074k-bone-18074gc/img_11_pro.jpg,9b86f142d8b7646bedc7cc8cffa0866d,3371,bone-18074-bone-18074k-bone-18074gc,,72,registered
2025-11-14T11:14:10.907526,wordpress/wp-content/uploads/products/boinas inverno/bone-18074-bone-18074k-bone-18074gc/img_12_pro.jpg,256064751e5529fda836201020e862dd,3372,bone-18074-bone-18074k-bone-18074gc,,93,registered
2025-11-14T11:14:11.776666,wordpress/wp-content/uploads/products/boinas inverno/bone-18074-bone-18074k-bone-18074gc/img_13_pro.jpg,bb9c5fc9ae4a5241c1306dc1d580fd22,3373,bone-18074-bone-18074k-bone-18074gc,,62,registered
2025-11-14T11:14:12.695079,wordpress/wp-content/uploads/products/boinas inverno/bone-18074-bone-18074k-bone-18074gc/img_14_pro.jpg,682c34a85a850337cfbcd651a3bdff53,3374,bone-18074-bone-18074k-bone-18074gc,,93,registered
2025-11-14T11:14:13.550040,wordpress/wp-content/uploads/products/boinas inverno/bone-18074-bone-18074k-bone-18074gc/img_15_pro.jpg,05a13e171aa807288a649f45e9e83e9f,3375,bone-18074-bone-18074k-bone-18074gc,,90,registered
2025-11-14T11:14:14.508441,wordpress/wp-content/uploads/products/boinas inverno/bone-18074-bone-18074k-bone-18074gc/img_16_pro.jpg,f2a27d6106a8d437a31d607d562646f0,3376,bone-18074-bone-18074k-bone-18074gc,,92,registered
2025-11-14T11:14:15.660836,wordpress/wp-content/uploads/products/boinas inverno/bone-18074-bone-18074k-bone-18074gc/img_17_pro.jpg,f6c8c3abbd2dc4be53ad66de947ab4a9,3377,bone-18074-bone-18074k-bone-18074gc,,62,registered
2025-11-14T11:14:16.525551,wordpress/wp-content/uploads/products/boinas inverno/bone-18074-bone-18074k-bone-18074gc/img_18_pro.jpg,cf0b118689e11cc7544ca39ce1d3d69c,3378,bone-18074-bone-18074k-bone-18074gc,,85,registered
2025-11-14T11:14:17.368044,wordpress/wp-content/uploads/products/boinas inverno/bone-18106mi-bone-18106k-bone-18106g-18106ma/img_01_pro.jpg,77da0022cad15e3c3e642a2094c07f84,3379,bone-18106mi-bone-18106k-bone-18106g-18106ma,,52,registered
2025-11-14T11:14:18.216838,wordpress/wp-content/uploads/products/boinas inverno/bone-18106mi-bone-18106k-bone-18106g-18106ma/img_02_pro.jpg,e6fdf5d21570ef9775cfd25d62dcd781,3380,bone-18106mi-bone-18106k-bone-18106g-18106ma,,50,registered
2025-11-14T11:14:19.059511,wordpress/wp-content/uploads/products/boinas inverno/bone-18106mi-bone-18106k-bone-18106g-18106ma/img_03_pro.jpg,f93df256cee70577700b2cff3a0488a1,3381,bone-18106mi-bone-18106k-bone-18106g-18106ma,,47,registered
2025-11-14T11:14:19.869115,wordpress/wp-content/uploads/products/boinas inverno/bone-18106mi-bone-18106k-bone-18106g-18106ma/img_04_pro.jpg,480d247e66e09ae28598e4b4fa5a0ab7,3382,bone-18106mi-bone-18106k-bone-18106g-18106ma,,67,registered
2025-11-14T11:14:20.682199,wordpress/wp-content/uploads/products/boinas inverno/bone-18106mi-bone-18106k-bone-18106g-18106ma/img_05_pro.jpg,c126534105475458d3faa76a865eae44,3383,bone-18106mi-bone-18106k-bone-18106g-18106ma,,52,registered
2025-11-14T11:14:21.562785,wordpress/wp-content/uploads/products/boinas inverno/bone-18106mi-bone-18106k-bone-18106g-18106ma/img_06_pro.jpg,321c89a0952861c96b6545237cab7867,3384,bone-18106mi-bone-18106k-bone-18106g-18106ma,,38,registered
2025-11-14T11:14:22.502617,wordpress/wp-content/uploads/products/boinas inverno/bone-18106mi-bone-18106k-bone-18106g-18106ma/img_07_pro.jpg,c4a71adb08b8233353cf5d8170603807,3385,bone-18106mi-bone-18106k-bone-18106g-18106ma,,52,registered
2025-11-14T11:14:23.336328,wordpress/wp-content/uploads/products/boinas inverno/bone-18106mi-bone-18106k-bone-18106g-18106ma/img_08_pro.jpg,a9027f24da21745c6f5d8bc6ac4176e3,3386,bone-18106mi-bone-18106k-bone-18106g-18106ma,,61,registered
2025-11-14T11:14:24.156056,wordpress/wp-content/uploads/products/boinas inverno/bone-18106mi-bone-18106k-bone-18106g-18106ma/img_09_pro.jpg,0c55ede5c0a236dc64ca97126c87ec90,3387,bone-18106mi-bone-18106k-bone-18106g-18106ma,,50,registered
2025-11-14T11:14:25.012966,wordpress/wp-content/uploads/products/boinas inverno/bone-18106mi-bone-18106k-bone-18106g-18106ma/img_10_pro.jpg,f600a2e91657a13b2156688bc1fb5cde,3388,bone-18106mi-bone-18106k-bone-18106g-18106ma,,64,registered
2025-11-14T11:14:26.052114,wordpress/wp-content/uploads/products/boinas inverno/bone-18106mi-bone-18106k-bone-18106g-18106ma/img_11_pro.jpg,49bd06c1c00b735adfea7ee882c2474c,3389,bone-18106mi-bone-18106k-bone-18106g-18106ma,,57,registered
2025-11-14T11:14:26.897659,wordpress/wp-content/uploads/products/boinas inverno/bone-18106mi-bone-18106k-bone-18106g-18106ma/img_12_pro.jpg,cb21f3d4e92bb744907d11b2cc7c53fa,3390,bone-18106mi-bone-18106k-bone-18106g-18106ma,,57,registered
2025-11-14T11:14:27.772831,wordpress/wp-content/uploads/products/boinas inverno/bone-18106mi-bone-18106k-bone-18106g-18106ma/img_13_pro.jpg,b6cdef770451ff458b7b4cbd0c6c1b0e,3391,bone-18106mi-bone-18106k-bone-18106g-18106ma,,46,registered
2025-11-14T11:14:28.587990,wordpress/wp-content/uploads/products/boinas inverno/bone-18106mi-bone-18106k-bone-18106g-18106ma/img_14_pro.jpg,8f922b09e3af08df43b00aeedb611a35,3392,bone-18106mi-bone-18106k-bone-18106g-18106ma,,70,registered
2025-11-14T11:14:29.394988,wordpress/wp-content/uploads/products/boinas inverno/bone-18106mi-bone-18106k-bone-18106g-18106ma/img_15_pro.jpg,98a0326b4c47df97c453c7987b33069d,3393,bone-18106mi-bone-18106k-bone-18106g-18106ma,,62,registered
2025-11-14T11:14:30.219073,wordpress/wp-content/uploads/products/boinas inverno/bone-18106mi-bone-18106k-bone-18106g-18106ma/img_16_pro.jpg,8429ae8864dbd1cc3959462a78599fa1,3394,bone-18106mi-bone-18106k-bone-18106g-18106ma,,48,registered
2025-11-14T11:14:31.014211,wordpress/wp-content/uploads/products/boinas inverno/bone-18106mi-bone-18106k-bone-18106g-18106ma/img_17_pro.jpg,ba074fc16cb8903640cc16b6c2548043,3395,bone-18106mi-bone-18106k-bone-18106g-18106ma,,50,registered
2025-11-14T11:14:31.838312,wordpress/wp-content/uploads/products/boinas inverno/bone-18106mi-bone-18106k-bone-18106g-18106ma/img_18_pro.jpg,ecdb0d5352ba966a9142e409faf491e1,3396,bone-18106mi-bone-18106k-bone-18106g-18106ma,,59,registered
2025-11-14T11:14:32.769259,wordpress/wp-content/uploads/products/boinas inverno/bone-18106mi-bone-18106k-bone-18106g-18106ma/img_19_pro.jpg,6591c9c3bfd51d79f52d8409178e055d,3397,bone-18106mi-bone-18106k-bone-18106g-18106ma,,65,registered
2025-11-14T11:14:33.704072,wordpress/wp-content/uploads/products/boinas inverno/bone-18106mi-bone-18106k-bone-18106g-18106ma/img_20_pro.jpg,b0187e8cfe1a40030acba10b7035e252,3398,bone-18106mi-bone-18106k-bone-18106g-18106ma,,67,registered
2025-11-14T11:14:34.655371,wordpress/wp-content/uploads/products/boinas inverno/bone-18106mi-bone-18106k-bone-18106g-18106ma/img_21_pro.jpg,f5cc88a53a353882e5f1a155681860f9,3399,bone-18106mi-bone-18106k-bone-18106g-18106ma,,58,registered
2025-11-14T11:14:35.921439,wordpress/wp-content/uploads/products/boinas inverno/bone-18153k/img_01_pro.jpg,80e8cab9db665bfae29d746912dd95f7,3400,bone-18153k,,82,registered
2025-11-14T11:14:36.818092,wordpress/wp-content/uploads/products/boinas inverno/bone-18153k/img_02_pro.jpg,9bf7d946f3a24b2d9fb58b24d39b9fbe,3401,bone-18153k,,57,registered
2025-11-14T11:14:37.662708,wordpress/wp-content/uploads/products/boinas inverno/bone-18153k/img_03_pro.jpg,0966e7b52384a804a2d07e7cbffb44a6,3402,bone-18153k,,86,registered
2025-11-14T11:14:38.499944,wordpress/wp-content/uploads/products/boinas inverno/bone-18153k/img_04_pro.jpg,a3cb6f3bd5aa68b071112fe9d9f9ad46,3403,bone-18153k,,76,registered
2025-11-14T11:14:39.396940,wordpress/wp-content/uploads/products/boinas inverno/bone-18153k/img_05_pro.jpg,741fd374dcfbceb5cb0af58c980520b7,3404,bone-18153k,,61,registered
2025-11-14T11:14:40.203032,wordpress/wp-content/uploads/products/boinas inverno/bone-18279k-bone-18279ma-bone-18279mi-bone-18279bg-bone-18279g/img_01_pro.jpg,0b9f42af6eab78cabf680e5f58fd5bc7,3405,bone-18279k-bone-18279ma-bone-18279mi-bone-18279bg-bone-18279g,,77,registered
2025-11-14T11:14:41.022309,wordpress/wp-content/uploads/products/boinas inverno/bone-18279k-bone-18279ma-bone-18279mi-bone-18279bg-bone-18279g/img_02_pro.jpg,8474a60f4b2762eb3bad308fc7f3d473,3406,bone-18279k-bone-18279ma-bone-18279mi-bone-18279bg-bone-18279g,,46,registered
2025-11-14T11:14:41.837190,wordpress/wp-content/uploads/products/boinas inverno/bone-18279k-bone-18279ma-bone-18279mi-bone-18279bg-bone-18279g/img_03_pro.jpg,7712432d7a1deb71fa9a3d8088ebcd3b,3407,bone-18279k-bone-18279ma-bone-18279mi-bone-18279bg-bone-18279g,,79,registered
2025-11-14T11:14:42.690639,wordpress/wp-content/uploads/products/boinas inverno/bone-18279k-bone-18279ma-bone-18279mi-bone-18279bg-bone-18279g/img_04_pro.jpg,102b9b531d64cd2e12ed4a39ac0823d2,3408,bone-18279k-bone-18279ma-bone-18279mi-bone-18279bg-bone-18279g,,77,registered
2025-11-14T11:14:43.540814,wordpress/wp-content/uploads/products/boinas inverno/bone-18279k-bone-18279ma-bone-18279mi-bone-18279bg-bone-18279g/img_05_pro.jpg,683e9bba1681558c594cf8cf3fd6f807,3409,bone-18279k-bone-18279ma-bone-18279mi-bone-18279bg-bone-18279g,,59,registered
2025-11-14T11:14:44.352649,wordpress/wp-content/uploads/products/boinas inverno/bone-18279k-bone-18279ma-bone-18279mi-bone-18279bg-bone-18279g/img_06_pro.jpg,1f2adf3b433a797fedd59103513aa91e,3410,bone-18279k-bone-18279ma-bone-18279mi-bone-18279bg-bone-18279g,,45,registered
2025-11-14T11:14:45.267094,wordpress/wp-content/uploads/products/boinas inverno/bone-18279k-bone-18279ma-bone-18279mi-bone-18279bg-bone-18279g/img_07_pro.jpg,30165dd603115062eecac6df453ff729,3411,bone-18279k-bone-18279ma-bone-18279mi-bone-18279bg-bone-18279g,,75,registered
2025-11-14T11:14:46.286777,wordpress/wp-content/uploads/products/boinas inverno/bone-18279k-bone-18279ma-bone-18279mi-bone-18279bg-bone-18279g/img_08_pro.jpg,be2634579dadddd44833caf6fcbbdad2,3412,bone-18279k-bone-18279ma-bone-18279mi-bone-18279bg-bone-18279g,,53,registered
2025-11-14T11:14:47.106011,wordpress/wp-content/uploads/products/boinas inverno/bone-18279k-bone-18279ma-bone-18279mi-bone-18279bg-bone-18279g/img_09_pro.jpg,67314a7457c19fd626a066c58e7305f0,3413,bone-18279k-bone-18279ma-bone-18279mi-bone-18279bg-bone-18279g,,78,registered
2025-11-14T11:14:48.075855,wordpress/wp-content/uploads/products/boinas inverno/bone-18279k-bone-18279ma-bone-18279mi-bone-18279bg-bone-18279g/img_10_pro.jpg,a19f07e203a41307c9476255b30e043d,3414,bone-18279k-bone-18279ma-bone-18279mi-bone-18279bg-bone-18279g,,50,registered
2025-11-14T11:14:48.933405,wordpress/wp-content/uploads/products/boinas inverno/bone-18279k-bone-18279ma-bone-18279mi-bone-18279bg-bone-18279g/img_11_pro.jpg,2ec0e943df9241bfd066dab4c6b94a79,3415,bone-18279k-bone-18279ma-bone-18279mi-bone-18279bg-bone-18279g,,87,registered
2025-11-14T11:14:49.755566,wordpress/wp-content/uploads/products/boinas inverno/bone-18279k-bone-18279ma-bone-18279mi-bone-18279bg-bone-18279g/img_12_pro.jpg,1ab5df99b96472f14cd92c75bbd2ec6f,3416,bone-18279k-bone-18279ma-bone-18279mi-bone-18279bg-bone-18279g,,63,registered
2025-11-14T11:14:50.586422,wordpress/wp-content/uploads/products/boinas inverno/bone-18438mc-18502mi/img_01_pro.jpg,21c47565ab585d33e2f27ef22e411a83,3417,bone-18438mc-18502mi,,79,registered
2025-11-14T11:14:51.400535,wordpress/wp-content/uploads/products/boinas inverno/bone-18438mc-18502mi/img_02_pro.jpg,2e75929b3ed9a7b211f8e0c73bd07602,3418,bone-18438mc-18502mi,,51,registered
2025-11-14T11:14:52.311240,wordpress/wp-content/uploads/products/boinas inverno/bone-18438mc-18502mi/img_03_pro.jpg,20d269a75308f1c66633df783ffdeeaf,3419,bone-18438mc-18502mi,,85,registered
2025-11-14T11:14:53.166813,wordpress/wp-content/uploads/products/boinas inverno/bone-18438mc-18502mi/img_04_pro.jpg,09b790e0da0474397fff9509ee3f14c2,3420,bone-18438mc-18502mi,,48,registered
2025-11-14T11:14:54.005489,wordpress/wp-content/uploads/products/boinas inverno/bone-18439ol/img_01_pro.jpg,7532a43f8ec6610cfdf3198cf3d62e5c,3421,bone-18439ol,,85,registered
2025-11-14T11:14:54.851461,wordpress/wp-content/uploads/products/boinas inverno/bone-18439ol/img_02_pro.jpg,6998935591cff32a110cb36c6df663ea,3422,bone-18439ol,,61,registered
2025-11-14T11:14:55.931289,wordpress/wp-content/uploads/products/boinas inverno/bone-18439ol/img_03_pro.jpg,500701cfa6dbbf0c6db76de5f5c7232c,3423,bone-18439ol,,83,registered
2025-11-14T11:14:56.792884,wordpress/wp-content/uploads/products/boinas inverno/bone-18439ol/img_04_pro.jpg,2f5f55ed83bb621fdb4adbf586b0c4bb,3424,bone-18439ol,,64,registered
2025-11-14T11:14:57.712116,wordpress/wp-content/uploads/products/boinas inverno/bone-18440ol/img_01_pro.jpg,bce22d895785a2c156f01fb20e41cc46,3425,bone-18440ol,,81,registered
2025-11-14T11:14:58.542933,wordpress/wp-content/uploads/products/boinas inverno/bone-18440ol/img_02_pro.jpg,a0a894c582e2e7828a995a8f218db8bb,3426,bone-18440ol,,48,registered
2025-11-14T11:14:59.381756,wordpress/wp-content/uploads/products/boinas inverno/bone-18440ol/img_03_pro.jpg,1ca73a9ac79a3327a13fb9bf1d56088a,3427,bone-18440ol,,83,registered
2025-11-14T11:15:00.198885,wordpress/wp-content/uploads/products/boinas inverno/bone-18440ol/img_04_pro.jpg,3a95ab82526e2c99c1e6821c4b232aef,3428,bone-18440ol,,94,registered
2025-11-14T11:15:01.010874,wordpress/wp-content/uploads/products/boinas inverno/bone-18445mi-bone-18445k-bone-18445n-bone-18445gr-bone-18445ca/img_01_pro.jpg,5b0f42929aad59637413aa6139ab5d33,3429,bone-18445mi-bone-18445k-bone-18445n-bone-18445gr-bone-18445ca,,48,registered
2025-11-14T11:15:01.857664,wordpress/wp-content/uploads/products/boinas inverno/bone-18445mi-bone-18445k-bone-18445n-bone-18445gr-bone-18445ca/img_02_pro.jpg,a670155c71f88d04b638779a6a3a78b8,3430,bone-18445mi-bone-18445k-bone-18445n-bone-18445gr-bone-18445ca,,38,registered
2025-11-14T11:15:02.686327,wordpress/wp-content/uploads/products/boinas inverno/bone-18445mi-bone-18445k-bone-18445n-bone-18445gr-bone-18445ca/img_03_pro.jpg,2b7306db102bc88d33582091ff9f84aa,3431,bone-18445mi-bone-18445k-bone-18445n-bone-18445gr-bone-18445ca,,42,registered
2025-11-14T11:15:03.492715,wordpress/wp-content/uploads/products/boinas inverno/bone-18445mi-bone-18445k-bone-18445n-bone-18445gr-bone-18445ca/img_04_pro.jpg,7a9c652112528589b285eee5451a92cb,3432,bone-18445mi-bone-18445k-bone-18445n-bone-18445gr-bone-18445ca,,49,registered
2025-11-14T11:15:04.307425,wordpress/wp-content/uploads/products/boinas inverno/bone-18445mi-bone-18445k-bone-18445n-bone-18445gr-bone-18445ca/img_05_pro.jpg,d1aa4c3ebfd8be6cf9102e9fc785d80b,3433,bone-18445mi-bone-18445k-bone-18445n-bone-18445gr-bone-18445ca,,49,registered
2025-11-14T11:15:05.204296,wordpress/wp-content/uploads/products/boinas inverno/bone-18445mi-bone-18445k-bone-18445n-bone-18445gr-bone-18445ca/img_06_pro.jpg,e4b1e0b0dd4a9c80ec6403d451443482,3434,bone-18445mi-bone-18445k-bone-18445n-bone-18445gr-bone-18445ca,,35,registered
2025-11-14T11:15:06.250680,wordpress/wp-content/uploads/products/boinas inverno/bone-18445mi-bone-18445k-bone-18445n-bone-18445gr-bone-18445ca/img_07_pro.jpg,85e79696f5879b6b9aef3675ff4f37f4,3435,bone-18445mi-bone-18445k-bone-18445n-bone-18445gr-bone-18445ca,,53,registered
2025-11-14T11:15:07.178300,wordpress/wp-content/uploads/products/boinas inverno/bone-18445mi-bone-18445k-bone-18445n-bone-18445gr-bone-18445ca/img_08_pro.jpg,3b864d452e3a8b3267cf44298fdb6ef8,3436,bone-18445mi-bone-18445k-bone-18445n-bone-18445gr-bone-18445ca,,49,registered
2025-11-14T11:15:08.012796,wordpress/wp-content/uploads/products/boinas inverno/bone-18445mi-bone-18445k-bone-18445n-bone-18445gr-bone-18445ca/img_09_pro.jpg,2f1b71ee8570df767fe96480b6d3d80b,3437,bone-18445mi-bone-18445k-bone-18445n-bone-18445gr-bone-18445ca,,45,registered
2025-11-14T11:15:08.858415,wordpress/wp-content/uploads/products/boinas inverno/bone-18445mi-bone-18445k-bone-18445n-bone-18445gr-bone-18445ca/img_10_pro.jpg,fb02bc7f6b31c1db9ed49246d2be6115,3438,bone-18445mi-bone-18445k-bone-18445n-bone-18445gr-bone-18445ca,,37,registered
2025-11-14T11:15:09.692919,wordpress/wp-content/uploads/products/boinas inverno/bone-18445mi-bone-18445k-bone-18445n-bone-18445gr-bone-18445ca/img_11_pro.jpg,cb4e62662e698b5bd00f1f58c033f587,3439,bone-18445mi-bone-18445k-bone-18445n-bone-18445gr-bone-18445ca,,43,registered
2025-11-14T11:15:10.506463,wordpress/wp-content/uploads/products/boinas inverno/bone-18445mi-bone-18445k-bone-18445n-bone-18445gr-bone-18445ca/img_12_pro.jpg,bf8d4ba65366ea5501f727a8b334929d,3440,bone-18445mi-bone-18445k-bone-18445n-bone-18445gr-bone-18445ca,,43,registered
2025-11-14T11:15:11.321679,wordpress/wp-content/uploads/products/boinas inverno/bone-18445mi-bone-18445k-bone-18445n-bone-18445gr-bone-18445ca/img_13_pro.jpg,54c40893f300fdddbe8d48bf74de2042,3441,bone-18445mi-bone-18445k-bone-18445n-bone-18445gr-bone-18445ca,,67,registered
2025-11-14T11:15:12.145528,wordpress/wp-content/uploads/products/boinas inverno/bone-18445mi-bone-18445k-bone-18445n-bone-18445gr-bone-18445ca/img_14_pro.jpg,e4a683e35ffc43b9bcc3bc809cac52c9,3442,bone-18445mi-bone-18445k-bone-18445n-bone-18445gr-bone-18445ca,,41,registered
2025-11-14T11:15:12.972797,wordpress/wp-content/uploads/products/boinas inverno/bone-18445mi-bone-18445k-bone-18445n-bone-18445gr-bone-18445ca/img_15_pro.jpg,3e64215ac8b67d1166c8b39bb264a044,3443,bone-18445mi-bone-18445k-bone-18445n-bone-18445gr-bone-18445ca,,69,registered
2025-11-14T11:15:13.778595,wordpress/wp-content/uploads/products/boinas inverno/bone-18445mi-bone-18445k-bone-18445n-bone-18445gr-bone-18445ca/img_16_pro.jpg,7a5f3c7b720c77d3940cb1bdf793536a,3444,bone-18445mi-bone-18445k-bone-18445n-bone-18445gr-bone-18445ca,,61,registered
2025-11-14T11:15:14.578624,wordpress/wp-content/uploads/products/boinas inverno/bone-18445mi-bone-18445k-bone-18445n-bone-18445gr-bone-18445ca/img_17_pro.jpg,26412fbde416265c78face7db82a7d0f,3445,bone-18445mi-bone-18445k-bone-18445n-bone-18445gr-bone-18445ca,,49,registered
2025-11-14T11:15:15.790977,wordpress/wp-content/uploads/products/boinas inverno/bone-18445mi-bone-18445k-bone-18445n-bone-18445gr-bone-18445ca/img_18_pro.jpg,312b807ec750fb18e84612061c944471,3446,bone-18445mi-bone-18445k-bone-18445n-bone-18445gr-bone-18445ca,,37,registered
2025-11-14T11:15:16.654537,wordpress/wp-content/uploads/products/boinas inverno/bone-18445mi-bone-18445k-bone-18445n-bone-18445gr-bone-18445ca/img_19_pro.jpg,a621f973a9bc730ae91fb3f1955c9d9f,3447,bone-18445mi-bone-18445k-bone-18445n-bone-18445gr-bone-18445ca,,55,registered
2025-11-14T11:15:17.483489,wordpress/wp-content/uploads/products/boinas inverno/bone-18445mi-bone-18445k-bone-18445n-bone-18445gr-bone-18445ca/img_20_pro.jpg,058aec6ba72071cedb6b84d4dabdab9e,3448,bone-18445mi-bone-18445k-bone-18445n-bone-18445gr-bone-18445ca,,44,registered
2025-11-14T11:15:18.325549,wordpress/wp-content/uploads/products/boinas inverno/bone-18456g/img_01_pro.jpg,a611f27bacde7bffc4294983b028549e,3449,bone-18456g,,98,registered
2025-11-14T11:15:19.151211,wordpress/wp-content/uploads/products/boinas inverno/bone-18456g/img_02_pro.jpg,f7aeb87b1b6561716b93a839bc0a6aae,3450,bone-18456g,,56,registered
2025-11-14T11:15:20.002847,wordpress/wp-content/uploads/products/boinas inverno/bone-18456g/img_03_pro.jpg,a0ef7c4f92b9a23934e9f8539520f31f,3451,bone-18456g,,104,registered
2025-11-14T11:15:20.814642,wordpress/wp-content/uploads/products/boinas inverno/bone-18456g/img_04_pro.jpg,7cdb7ae09e7aecca0677468793f1f2cd,3452,bone-18456g,,95,registered
2025-11-14T11:15:21.640979,wordpress/wp-content/uploads/products/boinas inverno/bone-18456g/img_05_pro.jpg,34181bd6a34050a1e98bc3d84841853b,3453,bone-18456g,,93,registered
2025-11-14T11:15:22.506889,wordpress/wp-content/uploads/products/boinas inverno/bone-18456g/img_06_pro.jpg,442e731085e78b673e52207c666508d0,3454,bone-18456g,,65,registered
2025-11-14T11:15:23.333886,wordpress/wp-content/uploads/products/boinas inverno/bone-18456g/img_07_pro.jpg,326b7a9b7f24143b8fce0e9efb15ab65,3455,bone-18456g,,106,registered
2025-11-14T11:15:24.166815,wordpress/wp-content/uploads/products/boinas inverno/bone-18456g/img_08_pro.jpg,bb74bc0da0ddc8cef8e5ce15694eebb3,3456,bone-18456g,,77,registered
2025-11-14T11:15:25.031547,wordpress/wp-content/uploads/products/boinas inverno/bone-18456g/img_09_pro.jpg,3ac1ccd88fa798b1f8708d5deb852cda,3457,bone-18456g,,88,registered
2025-11-14T11:15:26.041801,wordpress/wp-content/uploads/products/boinas inverno/bone-18456g/img_10_pro.jpg,288636252e474fa4afe3828e3990b58f,3458,bone-18456g,,48,registered
2025-11-14T11:15:26.924001,wordpress/wp-content/uploads/products/boinas inverno/bone-18456g/img_11_pro.jpg,24cac79ec82b6ccad12c61d264d8632a,3459,bone-18456g,,100,registered
2025-11-14T11:15:27.822850,wordpress/wp-content/uploads/products/boinas inverno/bone-18456g/img_12_pro.jpg,53a98eaaa0b45f830a46954922b32c9c,3460,bone-18456g,,100,registered
2025-11-14T11:15:28.680830,wordpress/wp-content/uploads/products/boinas inverno/bone-18456g/img_13_pro.jpg,0de5188e94730b3710bde18ca6c6e588,3461,bone-18456g,,99,registered
2025-11-14T11:15:29.769807,wordpress/wp-content/uploads/products/boinas inverno/bone-18456g/img_14_pro.jpg,6953490fd4b06f290ee2254c01122e99,3462,bone-18456g,,56,registered
2025-11-14T11:15:30.612148,wordpress/wp-content/uploads/products/boinas inverno/bone-18456g/img_15_pro.jpg,61ac38e5ac6e9a3b519e0a15e8dd423c,3463,bone-18456g,,98,registered
2025-11-14T11:15:31.454702,wordpress/wp-content/uploads/products/boinas inverno/bone-18456g/img_16_pro.jpg,135a4d79942a1989fdb1e3d3984ae8e9,3464,bone-18456g,,50,registered
2025-11-14T11:15:32.278583,wordpress/wp-content/uploads/products/boinas inverno/bone-18500mi/img_01_pro.jpg,214c673ecb1cd96a0c4ebeb4ab6b91ab,3465,bone-18500mi,,78,registered
2025-11-14T11:15:33.153780,wordpress/wp-content/uploads/products/boinas inverno/bone-18500mi/img_02_pro.jpg,5942f3146fe3a70f060f430bd0458d59,3466,bone-18500mi,,53,registered
2025-11-14T11:15:33.980732,wordpress/wp-content/uploads/products/boinas inverno/bone-18500mi/img_03_pro.jpg,e7d605faaa7fb1055725ed1be2894ef7,3467,bone-18500mi,,76,registered
2025-11-14T11:15:34.791913,wordpress/wp-content/uploads/products/boinas inverno/bone-18500mi/img_04_pro.jpg,a430241fa3382120eb9890ad836c54a4,3468,bone-18500mi,,76,registered
2025-11-14T11:15:35.944481,wordpress/wp-content/uploads/products/boinas inverno/bone-18501mi/img_01_pro.jpg,8ec5ebe081b02565844e7071ec36ed72,3469,bone-18501mi,,76,registered
2025-11-14T11:15:36.865656,wordpress/wp-content/uploads/products/boinas inverno/bone-18501mi/img_02_pro.jpg,02343f01b27cc27938378f50c870d901,3470,bone-18501mi,,62,registered
2025-11-14T11:15:37.874042,wordpress/wp-content/uploads/products/boinas inverno/bone-18501mi/img_03_pro.jpg,012a3d8b9e29017bb8e91172a798d9f5,3471,bone-18501mi,,91,registered
2025-11-14T11:15:38.764121,wordpress/wp-content/uploads/products/boinas inverno/bone-18501mi/img_04_pro.jpg,b6c318718b2686ee8bceb643839e6d26,3472,bone-18501mi,,53,registered
2025-11-14T11:15:39.636506,wordpress/wp-content/uploads/products/boinas inverno/bone-18508mi-18452/img_01_pro.jpg,14d35743b0b28adc639389399f743ef7,3473,bone-18508mi-18452,,77,registered
2025-11-14T11:15:40.550064,wordpress/wp-content/uploads/products/boinas inverno/bone-18508mi-18452/img_02_pro.jpg,619798221bbd4a10000ad8be5e6f0651,3474,bone-18508mi-18452,,54,registered
2025-11-14T11:15:41.369992,wordpress/wp-content/uploads/products/boinas inverno/bone-18508mi-18452/img_03_pro.jpg,6b4e39200a96eebf928c7ebdfa0df050,3475,bone-18508mi-18452,,75,registered
2025-11-14T11:15:42.207457,wordpress/wp-content/uploads/products/boinas inverno/bone-18508mi-18452/img_04_pro.jpg,afd45a9cc01831bdf5e88c8c9eaaee7f,3476,bone-18508mi-18452,,79,registered
2025-11-14T11:15:43.051545,wordpress/wp-content/uploads/products/boinas inverno/bone-18508mi-18452/img_05_pro.jpg,e337cc36953c76ff2531a48f69ad0d31,3477,bone-18508mi-18452,,84,registered
2025-11-14T11:15:43.870679,wordpress/wp-content/uploads/products/boinas inverno/bone-18508mi-18452/img_06_pro.jpg,9757938d4955a81147c1d0c0df464a12,3478,bone-18508mi-18452,,56,registered
2025-11-14T11:15:44.732747,wordpress/wp-content/uploads/products/boinas inverno/bone-18508mi-18452/img_07_pro.jpg,873e7e8992041ee8feca6bc818ab48d1,3479,bone-18508mi-18452,,84,registered
2025-11-14T11:15:45.952753,wordpress/wp-content/uploads/products/boinas inverno/bone-18508mi-18452/img_08_pro.jpg,0c0777ac80ed99ba04de581195140347,3480,bone-18508mi-18452,,73,registered
2025-11-14T11:15:46.814320,wordpress/wp-content/uploads/products/boinas inverno/bone-18508mi-18452/img_09_pro.jpg,ec75cb016cb247b8fc082c5ad26de299,3481,bone-18508mi-18452,,79,registered
2025-11-14T11:15:47.644743,wordpress/wp-content/uploads/products/boinas inverno/bone-18508mi-18452/img_10_pro.jpg,5a27f1d209e5737f1aa8e74cce260dd5,3482,bone-18508mi-18452,,56,registered
2025-11-14T11:15:48.472691,wordpress/wp-content/uploads/products/boinas inverno/bone-18508mi-18452/img_11_pro.jpg,cc6f19e2415eaf5c6129f2a13c617066,3483,bone-18508mi-18452,,84,registered
2025-11-14T11:15:49.326407,wordpress/wp-content/uploads/products/boinas inverno/bone-18508mi-18452/img_12_pro.jpg,842f28cce87c0542dad540eec0d0ef2e,3484,bone-18508mi-18452,,73,registered
2025-11-14T11:15:50.132123,wordpress/wp-content/uploads/products/boinas inverno/bone-18508mi-18452/img_13_pro.jpg,0b85f53cdeeff673a386ecb701c6c53c,3485,bone-18508mi-18452,,90,registered
2025-11-14T11:15:50.934037,wordpress/wp-content/uploads/products/boinas inverno/bone-18508mi-18452/img_14_pro.jpg,9d6bf8bb062d17a9f9364a4efd25fdb0,3486,bone-18508mi-18452,,65,registered
2025-11-14T11:15:51.752564,wordpress/wp-content/uploads/products/boinas inverno/bone-18508mi-18452/img_15_pro.jpg,8653921694fb1bf4bcb532a7c5c68aaa,3487,bone-18508mi-18452,,73,registered
2025-11-14T11:15:52.619295,wordpress/wp-content/uploads/products/boinas inverno/bone-18508mi-18452/img_16_pro.jpg,cbefc72ec93645ce39097e22c4ab7508,3488,bone-18508mi-18452,,83,registered
2025-11-14T11:15:53.454429,wordpress/wp-content/uploads/products/boinas inverno/bone-22182/img_01_pro.jpg,032351fde093b679929d1eab662f967f,3489,bone-22182,,46,registered
2025-11-14T11:15:54.287147,wordpress/wp-content/uploads/products/boinas inverno/bone-22182/img_02_pro.jpg,70f759afdaec237c7cdc3d74eb276b8b,3490,bone-22182,,46,registered
2025-11-14T11:15:55.189735,wordpress/wp-content/uploads/products/boinas inverno/bone-22182/img_03_pro.jpg,28c2a1c92f36255e2207dfe20a7ea2db,3491,bone-22182,,48,registered
2025-11-14T11:15:56.217123,wordpress/wp-content/uploads/products/boinas inverno/bone-22182/img_04_pro.jpg,c8c1084807d16caefc88d88cc19a45ed,3492,bone-22182,,49,registered
2025-11-14T11:15:57.092967,wordpress/wp-content/uploads/products/boinas inverno/bone-22182/img_05_pro.jpg,4fbe3831026269d23c7c42b9f850e9f2,3493,bone-22182,,40,registered
2025-11-14T11:15:57.966589,wordpress/wp-content/uploads/products/boinas inverno/bone-22182/img_06_pro.jpg,22173508f7b73d7761d8328d6d0c466f,3494,bone-22182,,44,registered
2025-11-14T11:15:58.786486,wordpress/wp-content/uploads/products/boinas inverno/bone-22182/img_07_pro.jpg,ce1c867a2a404dddb3f38d3e1ceb817e,3495,bone-22182,,53,registered
2025-11-14T11:15:59.604188,wordpress/wp-content/uploads/products/boinas inverno/bone-22182/img_08_pro.jpg,a4ca51817910128e0092018bd3a6e040,3496,bone-22182,,43,registered
2025-11-14T11:16:00.510171,wordpress/wp-content/uploads/products/boinas inverno/bone-22182/img_09_pro.jpg,34aa5d81a8ae233350d226e8ddaed10f,3497,bone-22182,,34,registered
2025-11-14T11:16:01.332586,wordpress/wp-content/uploads/products/boinas inverno/bone-22195/img_01_pro.jpg,618df5243a6e176fa7fc43e05a73fc84,3498,bone-22195,,57,registered
2025-11-14T11:16:02.177181,wordpress/wp-content/uploads/products/boinas inverno/bone-22195/img_02_pro.jpg,7b76d9fb1568a04e3183143e5321c4f9,3499,bone-22195,,57,registered
2025-11-14T11:16:03.027556,wordpress/wp-content/uploads/products/boinas inverno/bone-22195/img_03_pro.jpg,bc1af24bf04cf118c73efd209a9140f0,3500,bone-22195,,71,registered
2025-11-14T11:16:03.838446,wordpress/wp-content/uploads/products/boinas inverno/bone-22195/img_04_pro.jpg,48a1c38bacf9783507f9470a5c36ab6a,3501,bone-22195,,62,registered
2025-11-14T11:16:04.651662,wordpress/wp-content/uploads/products/boinas inverno/bone-22195/img_05_pro.jpg,444f802bd44a41643c4b75389d479715,3502,bone-22195,,53,registered
2025-11-14T11:16:05.858306,wordpress/wp-content/uploads/products/boinas inverno/bone-22195/img_06_pro.jpg,415142dd84dd83f9984f41b67dab1f03,3503,bone-22195,,49,registered
2025-11-14T11:16:06.690199,wordpress/wp-content/uploads/products/boinas inverno/bone-22195/img_07_pro.jpg,df4081d2a13d1c6146b9de2f455a1012,3504,bone-22195,,62,registered
2025-11-14T11:16:07.626245,wordpress/wp-content/uploads/products/boinas inverno/bone-25023/img_01_pro.jpg,36a8dfbd7680052abb174d8c6bb4368c,3505,bone-25023,,77,registered
2025-11-14T11:16:08.464045,wordpress/wp-content/uploads/products/boinas inverno/bone-25023/img_02_pro.jpg,877545a9a800d869db8c45344c612f12,3506,bone-25023,,74,registered
2025-11-14T11:16:09.311276,wordpress/wp-content/uploads/products/boinas inverno/bone-25023/img_03_pro.jpg,ff1925317ddb10cff4069e7d7ec39b5d,3507,bone-25023,,100,registered
2025-11-14T11:16:10.134544,wordpress/wp-content/uploads/products/boinas inverno/bone-25023/img_04_pro.jpg,13a0ac9c121063d012a5cc50da0c7e13,3508,bone-25023,,89,registered
2025-11-14T11:16:10.952866,wordpress/wp-content/uploads/products/boinas inverno/bone-25023/img_05_pro.jpg,be545309fb422bdbfc5a3227477f89de,3509,bone-25023,,71,registered
2025-11-14T11:16:11.943565,wordpress/wp-content/uploads/products/boinas inverno/bone-25023/img_06_pro.jpg,71008535d3842d57fd7ddb7ab0fb11d1,3510,bone-25023,,50,registered
2025-11-14T11:16:12.802282,wordpress/wp-content/uploads/products/boinas inverno/bone-25023/img_07_pro.jpg,d6a9b3aeafecd08c0d08478d8d2eabe5,3511,bone-25023,,68,registered
2025-11-14T11:16:13.662984,wordpress/wp-content/uploads/products/boinas inverno/bone-25025/img_01_pro.jpg,4282b1fd1e99ad4afb08065d6953fd5a,3512,bone-25025,,39,registered
2025-11-14T11:16:14.532822,wordpress/wp-content/uploads/products/boinas inverno/bone-25025/img_02_pro.jpg,fb64aff7eef48f6682ea1ae0f27702f3,3513,bone-25025,,42,registered
2025-11-14T11:16:15.549586,wordpress/wp-content/uploads/products/boinas inverno/bone-25025/img_03_pro.jpg,b8a6606853196119ffc8361d761858cd,3514,bone-25025,,54,registered
2025-11-14T11:16:16.396404,wordpress/wp-content/uploads/products/boinas inverno/bone-25025/img_04_pro.jpg,49b8521a0aab8b217754111b4ab08309,3515,bone-25025,,42,registered
2025-11-14T11:16:17.222450,wordpress/wp-content/uploads/products/boinas inverno/bone-25025/img_05_pro.jpg,26fff8dcc6c0da78b72401432a746692,3516,bone-25025,,72,registered
2025-11-14T11:16:18.057133,wordpress/wp-content/uploads/products/boinas inverno/bone-25025/img_06_pro.jpg,5368ef25f9e6b991de702114aa19c344,3517,bone-25025,,44,registered
2025-11-14T11:16:18.881568,wordpress/wp-content/uploads/products/boinas inverno/bone-25025/img_07_pro.jpg,65daaeb1c6de463e70333401382aed47,3518,bone-25025,,32,registered
2025-11-14T11:16:19.728251,wordpress/wp-content/uploads/products/boinas inverno/bone-25025/img_08_pro.jpg,1a2a3ebbcdd2c0923587edb25be02e6c,3519,bone-25025,,36,registered
2025-11-14T11:16:20.663449,wordpress/wp-content/uploads/products/boinas inverno/bone-25025/img_09_pro.jpg,ef2fa71e8303340d82fffff00a0e75d8,3520,bone-25025,,63,registered
2025-11-14T11:16:21.512410,wordpress/wp-content/uploads/products/boinas inverno/gorro-344974-gorro-de-la-estilo-bretao-miki-docker-com-aba-de-aperto-traseira/img_01_pro.jpg,24a87ee514a8131437f4acae0eb7430d,3521,gorro-344974-gorro-de-la-estilo-bretao-miki-docker-com-aba-de-aperto-traseira,,43,registered
2025-11-14T11:16:22.395500,wordpress/wp-content/uploads/products/boinas inverno/gorro-344974-gorro-de-la-estilo-bretao-miki-docker-com-aba-de-aperto-traseira/img_02_pro.jpg,014c494ad10dd5c84d7652f55f2cca62,3522,gorro-344974-gorro-de-la-estilo-bretao-miki-docker-com-aba-de-aperto-traseira,,60,registered
2025-11-14T11:16:23.270438,wordpress/wp-content/uploads/products/boinas inverno/gorro-344974-gorro-de-la-estilo-bretao-miki-docker-com-aba-de-aperto-traseira/img_03_pro.jpg,5e43894340b718bd43770f6e553e7781,3523,gorro-344974-gorro-de-la-estilo-bretao-miki-docker-com-aba-de-aperto-traseira,,74,registered
2025-11-14T11:16:24.134087,wordpress/wp-content/uploads/products/boinas inverno/gorro-344974-gorro-de-la-estilo-bretao-miki-docker-com-aba-de-aperto-traseira/img_04_pro.jpg,e72c01059a2b45867443199159e80320,3524,gorro-344974-gorro-de-la-estilo-bretao-miki-docker-com-aba-de-aperto-traseira,,73,registered
2025-11-14T11:16:25.014259,wordpress/wp-content/uploads/products/boinas inverno/gorro-344974-gorro-de-la-estilo-bretao-miki-docker-com-aba-de-aperto-traseira/img_05_pro.jpg,84213e7bbcaf700611d20d242a8ca8a8,3525,gorro-344974-gorro-de-la-estilo-bretao-miki-docker-com-aba-de-aperto-traseira,,72,registered
2025-11-14T11:16:26.096086,wordpress/wp-content/uploads/products/boinas inverno/gorro-miki-22100-gorro-de-la-estilo-bretao-miki-docker-com-aba-de-aperto-traseira/img_01_pro.jpg,1d6ac129444c948da9885f8d84332bfb,3526,gorro-miki-22100-gorro-de-la-estilo-bretao-miki-docker-com-aba-de-aperto-traseira,,32,registered
2025-11-14T11:16:27.027294,wordpress/wp-content/uploads/products/boinas inverno/gorro-miki-22100-gorro-de-la-estilo-bretao-miki-docker-com-aba-de-aperto-traseira/img_02_pro.jpg,7946637e3e8e23948a3e74b90100e51f,3527,gorro-miki-22100-gorro-de-la-estilo-bretao-miki-docker-com-aba-de-aperto-traseira,,51,registered
2025-11-14T11:16:27.908866,wordpress/wp-content/uploads/products/boinas inverno/gorro-miki-22100-gorro-de-la-estilo-bretao-miki-docker-com-aba-de-aperto-traseira/img_03_pro.jpg,5434c695c56184f9857cee2f606555f1,3528,gorro-miki-22100-gorro-de-la-estilo-bretao-miki-docker-com-aba-de-aperto-traseira,,47,registered
2025-11-14T11:16:28.764028,wordpress/wp-content/uploads/products/boinas inverno/gorro-miki-22100-gorro-de-la-estilo-bretao-miki-docker-com-aba-de-aperto-traseira/img_04_pro.jpg,ae57d4332cebe99a8aa45e929f748819,3529,gorro-miki-22100-gorro-de-la-estilo-bretao-miki-docker-com-aba-de-aperto-traseira,,40,registered
2025-11-14T11:16:29.609567,wordpress/wp-content/uploads/products/boinas inverno/gorro-miki-22100-gorro-de-la-estilo-bretao-miki-docker-com-aba-de-aperto-traseira/img_05_pro.jpg,71aaf32af95b21be4f2a42806bf6e9d8,3530,gorro-miki-22100-gorro-de-la-estilo-bretao-miki-docker-com-aba-de-aperto-traseira,,40,registered
2025-11-14T11:16:30.457755,wordpress/wp-content/uploads/products/boinas verão/bone-12805/img_01_pro.jpg,8621c9207449581991f45f740bf9ae02,3531,bone-12805,,65,registered
2025-11-14T11:16:31.278242,wordpress/wp-content/uploads/products/boinas verão/bone-12805/img_02_pro.jpg,391c3449a3d69985b04a98c7edddaff8,3532,bone-12805,,39,registered
2025-11-14T11:16:32.110916,wordpress/wp-content/uploads/products/boinas verão/bone-12805/img_03_pro.jpg,0ab5341932fff99e4bf33cb6ff630ffa,3533,bone-12805,,69,registered
2025-11-14T11:16:32.967890,wordpress/wp-content/uploads/products/boinas verão/bone-12805/img_04_pro.jpg,1aeb4c45edf82a0792e63ebbea88d8f4,3534,bone-12805,,61,registered
2025-11-14T11:16:33.813358,wordpress/wp-content/uploads/products/boinas verão/bone-12805/img_05_pro.jpg,28138626fc8acff8f0f2da16d0815bfb,3535,bone-12805,,42,registered
2025-11-14T11:16:34.662797,wordpress/wp-content/uploads/products/boinas verão/bone-12805/img_06_pro.jpg,e249ae9b826f7a89792003326bd90bc7,3536,bone-12805,,55,registered
2025-11-14T11:16:35.999298,wordpress/wp-content/uploads/products/boinas verão/bone-12805/img_07_pro.jpg,2adc1b2452422a753db1739184f0daf5,3537,bone-12805,,40,registered
2025-11-14T11:16:36.867429,wordpress/wp-content/uploads/products/boinas verão/bone-12805/img_08_pro.jpg,d73612a7dfef257d5fd036df608ace90,3538,bone-12805,,39,registered
2025-11-14T11:16:37.853912,wordpress/wp-content/uploads/products/boinas verão/bone-12805/img_09_pro.jpg,45cb6fcfb730d0c775f528668a0a7a9f,3539,bone-12805,,64,registered
2025-11-14T11:16:38.730395,wordpress/wp-content/uploads/products/boinas verão/bone-15266f-bone-15266c/img_01_pro.jpg,b4348b9ff6bce852131f7d1c9e56452d,3540,bone-15266f-bone-15266c,,38,registered
2025-11-14T11:16:39.583263,wordpress/wp-content/uploads/products/boinas verão/bone-15266f-bone-15266c/img_02_pro.jpg,bcbd9b61fffb64a8d67a5455c8155791,3541,bone-15266f-bone-15266c,,35,registered
2025-11-14T11:16:40.495251,wordpress/wp-content/uploads/products/boinas verão/bone-15266f-bone-15266c/img_03_pro.jpg,bb57be2f8d507be9f71aafc047ac15ea,3542,bone-15266f-bone-15266c,,35,registered
2025-11-14T11:16:41.348862,wordpress/wp-content/uploads/products/boinas verão/bone-15266f-bone-15266c/img_04_pro.jpg,b01858bf98a3703b4202f09462348b89,3543,bone-15266f-bone-15266c,,42,registered
2025-11-14T11:16:42.184497,wordpress/wp-content/uploads/products/boinas verão/bone-15266f-bone-15266c/img_05_pro.jpg,661b6e53034e9a2e178d72a3676383a6,3544,bone-15266f-bone-15266c,,49,registered
2025-11-14T11:16:43.047325,wordpress/wp-content/uploads/products/boinas verão/bone-15266f-bone-15266c/img_06_pro.jpg,e30fdd7cd29f2638bd9948c1b62269db,3545,bone-15266f-bone-15266c,,41,registered
2025-11-14T11:16:43.879546,wordpress/wp-content/uploads/products/boinas verão/bone-15266f-bone-15266c/img_07_pro.jpg,02119b33580f78d298bf8b3d04cbffe2,3546,bone-15266f-bone-15266c,,48,registered
2025-11-14T11:16:44.683988,wordpress/wp-content/uploads/products/boinas verão/bone-15266f-bone-15266c/img_08_pro.jpg,1e7aa697af62da53f50ecd61f0535f7c,3547,bone-15266f-bone-15266c,,39,registered
2025-11-14T11:16:45.912068,wordpress/wp-content/uploads/products/boinas verão/bone-15266f-bone-15266c/img_09_pro.jpg,ec3b63050b7e6703eb122597eb681c60,3548,bone-15266f-bone-15266c,,38,registered
2025-11-14T11:16:46.793630,wordpress/wp-content/uploads/products/boinas verão/bone-15266f-bone-15266c/img_10_pro.jpg,1581e6fcbc09e4427015c375053e320b,3549,bone-15266f-bone-15266c,,38,registered
2025-11-14T11:16:47.609337,wordpress/wp-content/uploads/products/boinas verão/bone-15266f-bone-15266c/img_11_pro.jpg,d825ee183d35dce1fb731ac58d4fae4b,3550,bone-15266f-bone-15266c,,43,registered
2025-11-14T11:16:48.459526,wordpress/wp-content/uploads/products/boinas verão/bone-15266f-bone-15266c/img_12_pro.jpg,832eafcc5531bdbeeef0f6d941ffe410,3551,bone-15266f-bone-15266c,,37,registered
2025-11-14T11:16:49.269034,wordpress/wp-content/uploads/products/boinas verão/bone-15266f-bone-15266c/img_13_pro.jpg,45ccc8d0061b1e2f5890d921bb4e60da,3552,bone-15266f-bone-15266c,,39,registered
2025-11-14T11:16:50.117240,wordpress/wp-content/uploads/products/boinas verão/bone-15266f-bone-15266c/img_14_pro.jpg,87a3ae58fd654956a580e828b7adc687,3553,bone-15266f-bone-15266c,,38,registered
2025-11-14T11:16:50.929190,wordpress/wp-content/uploads/products/boinas verão/bone-15266f-bone-15266c/img_15_pro.jpg,7d149042b5661b0cde290cb75697242d,3554,bone-15266f-bone-15266c,,36,registered
2025-11-14T11:16:51.735366,wordpress/wp-content/uploads/products/boinas verão/bone-15266f-bone-15266c/img_16_pro.jpg,9c994b770842897f3e48a4481a89114f,3555,bone-15266f-bone-15266c,,34,registered
2025-11-14T11:16:52.608328,wordpress/wp-content/uploads/products/boinas verão/bone-15266f-bone-15266c/img_17_pro.jpg,1078577982303ba6977ad6257b0eaa0d,3556,bone-15266f-bone-15266c,,33,registered
2025-11-14T11:16:53.649698,wordpress/wp-content/uploads/products/boinas verão/bone-15266f-bone-15266c/img_18_pro.jpg,f432d2e225e24b739b2e2efb52e3c791,3557,bone-15266f-bone-15266c,,52,registered
2025-11-14T11:16:54.514233,wordpress/wp-content/uploads/products/boinas verão/bone-15266f-bone-15266c/img_19_pro.jpg,231adb8c56db7810c8008d094f832c38,3558,bone-15266f-bone-15266c,,53,registered
2025-11-14T11:16:55.677296,wordpress/wp-content/uploads/products/boinas verão/bone-15266f-bone-15266c/img_20_pro.jpg,9c4fb980c3deab2934e75fb4a2421fbe,3559,bone-15266f-bone-15266c,,47,registered
2025-11-14T11:16:56.550671,wordpress/wp-content/uploads/products/boinas verão/bone-15266f-bone-15266c/img_21_pro.jpg,51613ebcfdd445ec9788f4723025ae8f,3560,bone-15266f-bone-15266c,,44,registered
2025-11-14T11:16:57.494829,wordpress/wp-content/uploads/products/boinas verão/bone-15266f-bone-15266c/img_22_pro.jpg,84b588d3fb5533a504aa61012048342c,3561,bone-15266f-bone-15266c,,56,registered
2025-11-14T11:16:58.338833,wordpress/wp-content/uploads/products/boinas verão/bone-15266f-bone-15266c/img_23_pro.jpg,234a11e5a7cb4e9b0f8b5055238f329b,3562,bone-15266f-bone-15266c,,62,registered
2025-11-14T11:16:59.171479,wordpress/wp-content/uploads/products/boinas verão/bone-15266f-bone-15266c/img_24_pro.jpg,99152dcdc61210822b020b5688d82d57,3563,bone-15266f-bone-15266c,,27,registered
2025-11-14T11:17:00.065678,wordpress/wp-content/uploads/products/boinas verão/bone-15266f-bone-15266c/img_25_pro.jpg,b060ab08fca853bc2023d7af9df171cd,3564,bone-15266f-bone-15266c,,38,registered
2025-11-14T11:17:00.896126,wordpress/wp-content/uploads/products/boinas verão/bone-15266f-bone-15266c/img_26_pro.jpg,b57664e67529a8f41f7db30ee150bf4b,3565,bone-15266f-bone-15266c,,37,registered
2025-11-14T11:17:01.721384,wordpress/wp-content/uploads/products/boinas verão/bone-15266f-bone-15266c/img_27_pro.jpg,9cd547d0e21870d378d454fb853cad18,3566,bone-15266f-bone-15266c,,31,registered
2025-11-14T11:17:02.534571,wordpress/wp-content/uploads/products/boinas verão/bone-15266f-bone-15266c/img_28_pro.jpg,2102d6cb8666ef6eafbedba62ad2b483,3567,bone-15266f-bone-15266c,,39,registered
2025-11-14T11:17:03.344531,wordpress/wp-content/uploads/products/boinas verão/bone-15266f-bone-15266c/img_29_pro.jpg,52c09a2ee8056af5016471ff8209646d,3568,bone-15266f-bone-15266c,,44,registered
2025-11-14T11:17:04.171667,wordpress/wp-content/uploads/products/boinas verão/bone-15266f-bone-15266c/img_30_pro.jpg,05c3df416148992085b10c0dcfea4bba,3569,bone-15266f-bone-15266c,,35,registered
2025-11-14T11:17:05.057877,wordpress/wp-content/uploads/products/boinas verão/bone-15266f-bone-15266c/img_31_pro.jpg,0a791c1ae2072071b78b794fded78219,3570,bone-15266f-bone-15266c,,35,registered
2025-11-14T11:17:06.351297,wordpress/wp-content/uploads/products/boinas verão/bone-15266f-bone-15266c/img_32_pro.jpg,5054b6abf0a7f2010ae61ec6b9784e38,3571,bone-15266f-bone-15266c,,35,registered
2025-11-14T11:17:07.313757,wordpress/wp-content/uploads/products/boinas verão/bone-15266f-bone-15266c/img_33_pro.jpg,5f267b20b6fc9003f8b4d6af314b9963,3572,bone-15266f-bone-15266c,,41,registered
2025-11-14T11:17:08.259815,wordpress/wp-content/uploads/products/boinas verão/bone-15266f-bone-15266c/img_34_pro.jpg,3bde605d7d16adabfc18c0f8113f2f85,3573,bone-15266f-bone-15266c,,32,registered
2025-11-14T11:17:09.114539,wordpress/wp-content/uploads/products/boinas verão/bone-18107-bone-18515/img_01_pro.jpg,039b10f1aff293e6e07044cdcc4bf03b,3574,bone-18107-bone-18515,,105,registered
2025-11-14T11:17:09.952648,wordpress/wp-content/uploads/products/boinas verão/bone-18107-bone-18515/img_02_pro.jpg,c61c510e6e71c97ae58cf575561f124e,3575,bone-18107-bone-18515,,58,registered
2025-11-14T11:17:10.797319,wordpress/wp-content/uploads/products/boinas verão/bone-18107-bone-18515/img_03_pro.jpg,5e7ea50a37dbd8ab49704476f4a83c2d,3576,bone-18107-bone-18515,,80,registered
2025-11-14T11:17:11.628020,wordpress/wp-content/uploads/products/boinas verão/bone-18107-bone-18515/img_04_pro.jpg,6f6890636b59ed2344e124d251e7e481,3577,bone-18107-bone-18515,,85,registered
2025-11-14T11:17:12.461402,wordpress/wp-content/uploads/products/boinas verão/bone-18107-bone-18515/img_05_pro.jpg,aa21f030fa9f9679003d94763593bcdf,3578,bone-18107-bone-18515,,63,registered
2025-11-14T11:17:13.341142,wordpress/wp-content/uploads/products/boinas verão/bone-18107-bone-18515/img_06_pro.jpg,2c5e61733c36e283586aa78301b0699e,3579,bone-18107-bone-18515,,65,registered
2025-11-14T11:17:14.246051,wordpress/wp-content/uploads/products/boinas verão/bone-18107-bone-18515/img_07_pro.jpg,ec56c44434daa601f4c3f25533143dd3,3580,bone-18107-bone-18515,,65,registered
2025-11-14T11:17:15.196876,wordpress/wp-content/uploads/products/boinas verão/bone-18107-bone-18515/img_08_pro.jpg,c7a5d474d92e0bf97b63d727084b5fe6,3581,bone-18107-bone-18515,,58,registered
2025-11-14T11:17:16.367834,wordpress/wp-content/uploads/products/boinas verão/bone-18107-bone-18515/img_09_pro.jpg,69d98f4d70c3fff2e6e65c887bd19194,3582,bone-18107-bone-18515,,92,registered
2025-11-14T11:17:17.261077,wordpress/wp-content/uploads/products/boinas verão/bone-18107-bone-18515/img_10_pro.jpg,c4d394206cec1fc7ed785202782e3648,3583,bone-18107-bone-18515,,73,registered
2025-11-14T11:17:18.126629,wordpress/wp-content/uploads/products/boinas verão/bone-18110ec-bone-18110ol/img_01_pro.jpg,5719ba5dad9aa63b428103e0fdd88ba9,3584,bone-18110ec-bone-18110ol,,44,registered
2025-11-14T11:17:18.970115,wordpress/wp-content/uploads/products/boinas verão/bone-18110ec-bone-18110ol/img_02_pro.jpg,1c035a780a867b2f132510b69925f2fd,3585,bone-18110ec-bone-18110ol,,35,registered
2025-11-14T11:17:19.879788,wordpress/wp-content/uploads/products/boinas verão/bone-18110ec-bone-18110ol/img_03_pro.jpg,3f5c3c1d3c1615297b771e3fa24c1a59,3586,bone-18110ec-bone-18110ol,,56,registered
2025-11-14T11:17:20.712365,wordpress/wp-content/uploads/products/boinas verão/bone-18110ec-bone-18110ol/img_04_pro.jpg,13b38c0a7996598fac31eeb79c1a52af,3587,bone-18110ec-bone-18110ol,,46,registered
2025-11-14T11:17:21.546153,wordpress/wp-content/uploads/products/boinas verão/bone-18110ec-bone-18110ol/img_05_pro.jpg,8844912052053d7170f5d860ef6170df,3588,bone-18110ec-bone-18110ol,,43,registered
2025-11-14T11:17:22.391248,wordpress/wp-content/uploads/products/boinas verão/bone-18110ec-bone-18110ol/img_06_pro.jpg,340e197056e18af5480d6968057ba1be,3589,bone-18110ec-bone-18110ol,,37,registered
2025-11-14T11:17:23.234274,wordpress/wp-content/uploads/products/boinas verão/bone-18110ec-bone-18110ol/img_07_pro.jpg,89fb0838ec80d8a203c2ea1bfa022474,3590,bone-18110ec-bone-18110ol,,73,registered
2025-11-14T11:17:24.112383,wordpress/wp-content/uploads/products/boinas verão/bone-18110ec-bone-18110ol/img_08_pro.jpg,ae2be70ee1019fd49982987dfddfa2ba,3591,bone-18110ec-bone-18110ol,,52,registered
2025-11-14T11:17:24.927299,wordpress/wp-content/uploads/products/boinas verão/bone-18110ec-bone-18110ol/img_09_pro.jpg,350db771b429a4fe9a5260a267e93ad7,3592,bone-18110ec-bone-18110ol,,43,registered
2025-11-14T11:17:26.021014,wordpress/wp-content/uploads/products/boinas verão/bone-18110ec-bone-18110ol/img_10_pro.jpg,0d7e89ead2947eba65c65f1ecc077170,3593,bone-18110ec-bone-18110ol,,93,registered
2025-11-14T11:17:26.932512,wordpress/wp-content/uploads/products/boinas verão/bone-18110ec-bone-18110ol/img_11_pro.jpg,5c160727802ed4ac00b96d84f1e4c23a,3594,bone-18110ec-bone-18110ol,,58,registered
2025-11-14T11:17:27.770441,wordpress/wp-content/uploads/products/boinas verão/bone-18474/img_01_pro.jpg,f776c2b27c8633fd38d090a1d4692776,3595,bone-18474,,87,registered
2025-11-14T11:17:28.646802,wordpress/wp-content/uploads/products/boinas verão/bone-18474/img_02_pro.jpg,83e8013a29e5f3afa77dfae06dcfc2dc,3596,bone-18474,,52,registered
2025-11-14T11:17:29.469508,wordpress/wp-content/uploads/products/boinas verão/bone-18474/img_03_pro.jpg,97784eb34d8a09e5e1027448a4a93b41,3597,bone-18474,,80,registered
2025-11-14T11:17:30.288716,wordpress/wp-content/uploads/products/boinas verão/bone-18474/img_04_pro.jpg,5ced12047c1639280477150aacbce354,3598,bone-18474,,75,registered
2025-11-14T11:17:31.123716,wordpress/wp-content/uploads/products/boinas verão/bone-18474/img_05_pro.jpg,18ddab13d9ea3ec67ee6b351b5a5dce7,3599,bone-18474,,70,registered
2025-11-14T11:17:31.951558,wordpress/wp-content/uploads/products/boinas verão/bone-18474/img_06_pro.jpg,14b95ffc1fb96663b932cbe8a176a2e8,3600,bone-18474,,48,registered
2025-11-14T11:17:32.797790,wordpress/wp-content/uploads/products/boinas verão/bone-18474/img_07_pro.jpg,1254e88edfa0b5886f66aefcb432a116,3601,bone-18474,,70,registered
2025-11-14T11:17:33.645919,wordpress/wp-content/uploads/products/boinas verão/bone-18474/img_08_pro.jpg,dbe5f0f2e15ec524c12a3f5c889a0190,3602,bone-18474,,99,registered
2025-11-14T11:17:34.504515,wordpress/wp-content/uploads/products/boinas verão/bone-18521a/img_01_pro.jpg,80c28a00033a01113caf4308472f772a,3603,bone-18521a,,74,registered
2025-11-14T11:17:35.534699,wordpress/wp-content/uploads/products/boinas verão/bone-18521a/img_02_pro.jpg,40564e55c8bd66a1fc480cc81fc77093,3604,bone-18521a,,56,registered
2025-11-14T11:17:36.440018,wordpress/wp-content/uploads/products/boinas verão/bone-18521a/img_03_pro.jpg,98d10010f931846b8e239a4963ee17e1,3605,bone-18521a,,105,registered
2025-11-14T11:17:37.321638,wordpress/wp-content/uploads/products/boinas verão/bone-18521a/img_04_pro.jpg,4e445e3b1c63da23052a37030cace1eb,3606,bone-18521a,,86,registered
2025-11-14T11:17:38.402667,wordpress/wp-content/uploads/products/boinas verão/hologramme/img_01_pro.jpg,23b243e2839620e98a03d8b000d80d2c,3607,hologramme,,60,registered
2025-11-14T11:17:39.341562,wordpress/wp-content/uploads/products/boinas verão/hologramme/img_02_pro.jpg,489a133187cff88004f507bc12b6ad03,3608,hologramme,,65,registered
2025-11-14T11:17:40.273882,wordpress/wp-content/uploads/products/boinas verão/hologramme/img_03_pro.jpg,674e5a3b294349545f9416861e5b70cd,3609,hologramme,,73,registered
2025-11-14T11:17:41.105999,wordpress/wp-content/uploads/products/boinas verão/hologramme/img_04_pro.jpg,37b3b0f02b63754e01931cd37cf455b5,3610,hologramme,,51,registered
2025-11-14T11:17:41.963762,wordpress/wp-content/uploads/products/boinas verão/hologramme/img_05_pro.jpg,358bbec011a39de91a468097800c4050,3611,hologramme,,35,registered
2025-11-14T11:17:42.801310,wordpress/wp-content/uploads/products/boinas verão/hologramme/img_06_pro.jpg,86400a182279334e4070892eb70baed7,3612,hologramme,,110,registered
2025-11-14T11:17:43.613283,wordpress/wp-content/uploads/products/boinas verão/hologramme/img_07_pro.jpg,6beaae2e54bb98f8b5c2f6342ccd2c00,3613,hologramme,,66,registered
2025-11-14T11:17:44.460853,wordpress/wp-content/uploads/products/boinas verão/hologramme/img_08_pro.jpg,0df1fc61c8629e3111adffda7fba1939,3614,hologramme,,102,registered
2025-11-14T11:17:45.530286,wordpress/wp-content/uploads/products/chapéus lã/chapeu-art-970-pack-12/img_01_pro.jpg,2796eaa02cd47acb5df0033ddf2b69e7,3615,chapeu-art-970-pack-12,,47,registered
2025-11-14T11:17:46.470134,wordpress/wp-content/uploads/products/chapéus lã/chapeu-art-970-pack-12/img_02_pro.jpg,51277be696c35571eacb0a5144f258b2,3616,chapeu-art-970-pack-12,,46,registered
2025-11-14T11:17:47.316434,wordpress/wp-content/uploads/products/chapéus lã/chapeu-art-970-pack-12/img_03_pro.jpg,c61e7d03e0d2abea70bdbd529b707c66,3617,chapeu-art-970-pack-12,,54,registered
2025-11-14T11:17:48.152946,wordpress/wp-content/uploads/products/chapéus lã/chapeu-art-970-pack-12/img_04_pro.jpg,14142aad00041a59c7ea705012ebad43,3618,chapeu-art-970-pack-12,,49,registered
2025-11-14T11:17:49.004911,wordpress/wp-content/uploads/products/chapéus lã/chapeu-art-970-pack-12/img_05_pro.jpg,e38890cb3b8b45fb7325a6500e819630,3619,chapeu-art-970-pack-12,,45,registered
2025-11-14T11:17:49.830269,wordpress/wp-content/uploads/products/chapéus lã/chapeu-art-970-pack-12/img_06_pro.jpg,268a92f72acb823de6ae899a9f565126,3620,chapeu-art-970-pack-12,,48,registered
2025-11-14T11:17:50.679094,wordpress/wp-content/uploads/products/chapéus lã/chapeu-impermeavel-art-181054-pack-12-tags-fabricado-na-italia-la-esmagavel-impermeavel/img_01_pro.jpg,1bb6df47a1f6ba8fd175cc1f2d38bf07,3621,chapeu-impermeavel-art-181054-pack-12-tags-fabricado-na-italia-la-esmagavel-impermeavel,,41,registered
2025-11-14T11:17:51.508866,wordpress/wp-content/uploads/products/chapéus lã/chapeu-impermeavel-art-181054-pack-12-tags-fabricado-na-italia-la-esmagavel-impermeavel/img_02_pro.jpg,149fcc3633e96ace2733802f7507894f,3622,chapeu-impermeavel-art-181054-pack-12-tags-fabricado-na-italia-la-esmagavel-impermeavel,,47,registered
2025-11-14T11:17:52.343620,wordpress/wp-content/uploads/products/chapéus lã/chapeu-impermeavel-art-181054-pack-12-tags-fabricado-na-italia-la-esmagavel-impermeavel/img_03_pro.jpg,a8cb54db5d9c06461be8a523b6798560,3623,chapeu-impermeavel-art-181054-pack-12-tags-fabricado-na-italia-la-esmagavel-impermeavel,,43,registered
2025-11-14T11:17:53.320277,wordpress/wp-content/uploads/products/chapéus lã/chapeu-impermeavel-art-181054-pack-12-tags-fabricado-na-italia-la-esmagavel-impermeavel/img_04_pro.jpg,1ad38980241c266b95c0bb6fcf2897c2,3624,chapeu-impermeavel-art-181054-pack-12-tags-fabricado-na-italia-la-esmagavel-impermeavel,,39,registered
2025-11-14T11:17:54.228933,wordpress/wp-content/uploads/products/chapéus lã/chapeu-impermeavel-art-181054-pack-12-tags-fabricado-na-italia-la-esmagavel-impermeavel/img_05_pro.jpg,c9f0813c1e170beca6f0906d95b35c58,3625,chapeu-impermeavel-art-181054-pack-12-tags-fabricado-na-italia-la-esmagavel-impermeavel,,66,registered
2025-11-14T11:17:55.097498,wordpress/wp-content/uploads/products/chapéus lã/chapeu-impermeavel-art-181056-tags-fabricado-na-italia-la-esmagavel-impermeavel/img_01_pro.jpg,9fd5ef1357a5030fcf1a89e7280c0e29,3626,chapeu-impermeavel-art-181056-tags-fabricado-na-italia-la-esmagavel-impermeavel,,52,registered
2025-11-14T11:17:56.205612,wordpress/wp-content/uploads/products/chapéus lã/chapeu-impermeavel-art-181056-tags-fabricado-na-italia-la-esmagavel-impermeavel/img_02_pro.jpg,641f0ff4747060f46b0995ed66647f7e,3627,chapeu-impermeavel-art-181056-tags-fabricado-na-italia-la-esmagavel-impermeavel,,39,registered
2025-11-14T11:17:57.153501,wordpress/wp-content/uploads/products/chapéus lã/chapeu-impermeavel-art-181056-tags-fabricado-na-italia-la-esmagavel-impermeavel/img_03_pro.jpg,50252aa1eafb973000271e3a0c86ba7a,3628,chapeu-impermeavel-art-181056-tags-fabricado-na-italia-la-esmagavel-impermeavel,,53,registered
2025-11-14T11:17:58.046748,wordpress/wp-content/uploads/products/chapéus lã/chapeu-impermeavel-art-181056-tags-fabricado-na-italia-la-esmagavel-impermeavel/img_04_pro.jpg,b8191c73f4598bbf5907c3cc6a186797,3629,chapeu-impermeavel-art-181056-tags-fabricado-na-italia-la-esmagavel-impermeavel,,42,registered
2025-11-14T11:17:58.874258,wordpress/wp-content/uploads/products/chapéus lã/chapeu-impermeavel-art-181056-tags-fabricado-na-italia-la-esmagavel-impermeavel/img_05_pro.jpg,695f13174b9acbca0c46140d8514cd6e,3630,chapeu-impermeavel-art-181056-tags-fabricado-na-italia-la-esmagavel-impermeavel,,38,registered
2025-11-14T11:17:59.708125,wordpress/wp-content/uploads/products/chapéus lã/tags-fabricado-na-italia-la-pura/img_01_pro.jpg,18189b6d23502e0e06fb9188ee7b05ca,3631,tags-fabricado-na-italia-la-pura,,39,registered
2025-11-14T11:18:00.614424,wordpress/wp-content/uploads/products/chapéus lã/tags-fabricado-na-italia-la-pura/img_02_pro.jpg,f088d40efc3c6e085971ca20ee547868,3632,tags-fabricado-na-italia-la-pura,,22,registered
2025-11-14T11:18:01.477125,wordpress/wp-content/uploads/products/chapéus lã/tags-fabricado-na-italia-la-pura/img_03_pro.jpg,4c9088ff8f3faad7955c21b42ddd2b24,3633,tags-fabricado-na-italia-la-pura,,23,registered
2025-11-14T11:18:02.339826,wordpress/wp-content/uploads/products/chapéus lã/tags-fabricado-na-italia-la-pura/img_04_pro.jpg,10df01284bbc6b33d1dbc1a43233d04a,3634,tags-fabricado-na-italia-la-pura,,38,registered
2025-11-14T11:18:03.240729,wordpress/wp-content/uploads/products/chapéus lã/tags-fabricado-na-italia-la-pura/img_05_pro.jpg,978ad0aa8fc09531760f197c0c8fc2e2,3635,tags-fabricado-na-italia-la-pura,,30,registered
2025-11-14T11:18:04.253561,wordpress/wp-content/uploads/products/chapéus lã/tags-fabricado-na-italia-la-pura/img_06_pro.jpg,a30e42ff9048709622ecea157eaceedc,3636,tags-fabricado-na-italia-la-pura,,26,registered
2025-11-14T11:18:05.200648,wordpress/wp-content/uploads/products/chapéus lã/tags-fabricado-na-italia-la-pura/img_07_pro.jpg,c9710c9f6c5cf29eef0ee13e76c11e58,3637,tags-fabricado-na-italia-la-pura,,26,registered
2025-11-14T11:18:06.326295,wordpress/wp-content/uploads/products/chapéus lã/tags-fabricado-na-italia-la-pura/img_08_pro.jpg,160901fd62a270818ee8e3364614e632,3638,tags-fabricado-na-italia-la-pura,,22,registered
2025-11-14T11:18:07.190882,wordpress/wp-content/uploads/products/feminino/bone-12463/img_01_pro.jpg,f534a645d3808add65925c2ee8765046,3639,bone-12463,,40,registered
2025-11-14T11:18:08.053382,wordpress/wp-content/uploads/products/feminino/bone-12463/img_02_pro.jpg,248e94cab1e7b8f01697e357cbed3b16,3640,bone-12463,,35,registered
2025-11-14T11:18:08.913069,wordpress/wp-content/uploads/products/feminino/bone-12463/img_03_pro.jpg,4edd36d72ba8d210053a6c6defdc9675,3641,bone-12463,,39,registered
2025-11-14T11:18:09.850203,wordpress/wp-content/uploads/products/feminino/bone-12463/img_04_pro.jpg,ae4aa11978e71e69a7a99f6d943506ab,3642,bone-12463,,64,registered
2025-11-14T11:18:10.674319,wordpress/wp-content/uploads/products/feminino/bone-12463/img_05_pro.jpg,28a5effd53fbaa5f10a75a1a5960cdbe,3643,bone-12463,,60,registered
2025-11-14T11:18:11.533453,wordpress/wp-content/uploads/products/feminino/bone-12463/img_06_pro.jpg,5b2d2f8d32a62a0149345167172c527c,3644,bone-12463,,45,registered
2025-11-14T11:18:12.363375,wordpress/wp-content/uploads/products/feminino/bone-12463/img_07_pro.jpg,27bc2d04c2630931b3224e7a4c8af823,3645,bone-12463,,35,registered
2025-11-14T11:18:13.246995,wordpress/wp-content/uploads/products/feminino/bone-13156/img_01_pro.jpg,259f73bd791c2a638df7da0566eee73b,3646,bone-13156,,60,registered
2025-11-14T11:18:14.246882,wordpress/wp-content/uploads/products/feminino/bone-13156/img_02_pro.jpg,9ba9aec085819fc16c6506c3da3db0c0,3647,bone-13156,,100,registered
2025-11-14T11:18:15.188123,wordpress/wp-content/uploads/products/feminino/bone-13156/img_03_pro.jpg,debdb492e087de2a437bc4cc8f6cfba6,3648,bone-13156,,75,registered
2025-11-14T11:18:16.420652,wordpress/wp-content/uploads/products/feminino/bone-13156/img_04_pro.jpg,ba0c41f3020d197caf8339a554b2917c,3649,bone-13156,,73,registered
2025-11-14T11:18:17.295364,wordpress/wp-content/uploads/products/feminino/bone-13156/img_05_pro.jpg,c489a63d19152d8fdedff7dfc7ea744a,3650,bone-13156,,52,registered
2025-11-14T11:18:18.167860,wordpress/wp-content/uploads/products/feminino/bone-13156/img_06_pro.jpg,7f7971d48d224eb899991434bb8e51bc,3651,bone-13156,,58,registered
2025-11-14T11:18:19.033797,wordpress/wp-content/uploads/products/feminino/bone-13156/img_07_pro.jpg,b66c602315d830b763a8f6a5b1aa9874,3652,bone-13156,,60,registered
2025-11-14T11:18:19.901753,wordpress/wp-content/uploads/products/feminino/bone-13156/img_08_pro.jpg,b2ffb896fd66785812db4bc2ebec8de5,3653,bone-13156,,69,registered
2025-11-14T11:18:20.783502,wordpress/wp-content/uploads/products/feminino/bone-13156/img_09_pro.jpg,b06b350e66ed4e49f37133855d7065fd,3654,bone-13156,,54,registered
2025-11-14T11:18:21.641723,wordpress/wp-content/uploads/products/feminino/bone-13156/img_10_pro.jpg,e03293b3e0cdae18d602eb4fe71b53d9,3655,bone-13156,,33,registered
2025-11-14T11:18:22.520964,wordpress/wp-content/uploads/products/feminino/palha-12673/img_01_pro.jpg,80cb0009cc71586888596b682d8ab322,3656,palha-12673,,98,registered
2025-11-14T11:18:23.388341,wordpress/wp-content/uploads/products/feminino/palha-12673/img_02_pro.jpg,557790e98578f0609bd26aa8368bb078,3657,palha-12673,,101,registered
2025-11-14T11:18:24.278322,wordpress/wp-content/uploads/products/feminino/palha-12673/img_03_pro.jpg,d8d271fa9eff437535963a7fbd9a2cab,3658,palha-12673,,111,registered
2025-11-14T11:18:25.244377,wordpress/wp-content/uploads/products/gorros/bonnet-pierre-cardin/img_01_pro.jpg,18d2421ee54a8c6d3887115753239185,3659,bonnet-pierre-cardin,,43,registered
2025-11-14T11:18:26.375670,wordpress/wp-content/uploads/products/gorros/bonnet-pierre-cardin/img_02_pro.jpg,f3f2ee0ee89d2d58d113904ef873b8b7,3660,bonnet-pierre-cardin,,34,registered
2025-11-14T11:18:27.286789,wordpress/wp-content/uploads/products/gorros/bonnet-pierre-cardin/img_03_pro.jpg,8aed831964acff3312d03bd018d7a9f4,3661,bonnet-pierre-cardin,,40,registered
2025-11-14T11:18:28.144450,wordpress/wp-content/uploads/products/gorros/chapeu-49171/img_01_pro.jpg,df8a914e36e0bbaf188f2938b26a4b66,3662,chapeu-49171,,49,registered
2025-11-14T11:18:28.999752,wordpress/wp-content/uploads/products/gorros/chapeu-49171/img_02_pro.jpg,dab6225ddbc278bff07d944781955d44,3663,chapeu-49171,,36,registered
2025-11-14T11:18:29.881715,wordpress/wp-content/uploads/products/gorros/chapeu-49171/img_03_pro.jpg,d0caddb0e54b9088c3cd4f6e24e60e59,3664,chapeu-49171,,39,registered
2025-11-14T11:18:30.920772,wordpress/wp-content/uploads/products/gorros/chapeu-49171/img_04_pro.jpg,4286f19462e55884e015c2dfd5260149,3665,chapeu-49171,,37,registered
2025-11-14T11:18:31.768279,wordpress/wp-content/uploads/products/gorros/chapeu-49171/img_05_pro.jpg,60b5adfe6d0df975f28afc7ecb964b07,3666,chapeu-49171,,41,registered
2025-11-14T11:18:32.650839,wordpress/wp-content/uploads/products/gorros/chapeu-49171/img_06_pro.jpg,4e59d40ff26a200fb2a3cd235f2ed223,3667,chapeu-49171,,52,registered
2025-11-14T11:18:33.519608,wordpress/wp-content/uploads/products/gorros/chapeu-49171/img_07_pro.jpg,a39b56e2a7caaeb4a34b6594d0f774f1,3668,chapeu-49171,,59,registered
2025-11-14T11:18:34.440371,wordpress/wp-content/uploads/products/gorros/chapeu-49171/img_08_pro.jpg,67cbe8cf4d6fe00428f91229cc63a053,3669,chapeu-49171,,64,registered
2025-11-14T11:18:35.496908,wordpress/wp-content/uploads/products/gorros/chapeu-49171/img_09_pro.jpg,84922fea8c15ec8a913c287ce49d96f8,3670,chapeu-49171,,63,registered
2025-11-14T11:18:36.561050,wordpress/wp-content/uploads/products/gorros/chapeu-49171/img_10_pro.jpg,0b6e6bf8dc59956408f94df7679be7f3,3671,chapeu-49171,,35,registered
2025-11-14T11:18:37.418463,wordpress/wp-content/uploads/products/gorros/chapeu-49171/img_11_pro.jpg,b6b3d0f85a7b759c9c4787493021edd1,3672,chapeu-49171,,35,registered
2025-11-14T11:18:38.279319,wordpress/wp-content/uploads/products/gorros/chapeu-49171/img_12_pro.jpg,3187bfc19aa5ff47b91ff42301ec5eb4,3673,chapeu-49171,,34,registered
2025-11-14T11:18:39.287096,wordpress/wp-content/uploads/products/gorros/chapeu-49171/img_13_pro.jpg,c97e090c65716b25c35b53d6368d30c1,3674,chapeu-49171,,41,registered
2025-11-14T11:18:40.275326,wordpress/wp-content/uploads/products/gorros/chapeu-49171/img_14_pro.jpg,bb02a4dcb948051f9d1a0a58b05cc3f1,3675,chapeu-49171,,47,registered
2025-11-14T11:18:41.125400,wordpress/wp-content/uploads/products/gorros/chapeu-49171/img_15_pro.jpg,efc0f0171131e0959dc90a68463e0bc7,3676,chapeu-49171,,77,registered
2025-11-14T11:18:41.958293,wordpress/wp-content/uploads/products/gorros/chapeu-49171/img_16_pro.jpg,b29f88e015a0479d7163c7bddefc27cb,3677,chapeu-49171,,73,registered
2025-11-14T11:18:42.786942,wordpress/wp-content/uploads/products/gorros/chapeu-49171/img_17_pro.jpg,bc8e1b19227aef6b665dd091ada0fe82,3678,chapeu-49171,,73,registered
2025-11-14T11:18:43.663079,wordpress/wp-content/uploads/products/gorros/chapeu-49171/img_18_pro.jpg,ac3bd26d484e4c73bb32b2e3c0127f9a,3679,chapeu-49171,,68,registered
2025-11-14T11:18:44.510094,wordpress/wp-content/uploads/products/gorros/chapeu-49171/img_19_pro.jpg,22de02a2c95deeda706fadd06f17f3c3,3680,chapeu-49171,,69,registered
2025-11-14T11:18:45.678376,wordpress/wp-content/uploads/products/gorros/chapeu-49171/img_20_pro.jpg,e7afe43b55fdb798fbd09c113f6ebe5f,3681,chapeu-49171,,41,registered
2025-11-14T11:18:46.620023,wordpress/wp-content/uploads/products/gorros/chapeu-49171/img_21_pro.jpg,3a465ce91f29b1cf28b26297737e4e86,3682,chapeu-49171,,82,registered
2025-11-14T11:18:47.482037,wordpress/wp-content/uploads/products/gorros/chapeu-49171/img_22_pro.jpg,20f6e2c813acbc8db0a6d1da14dce8bb,3683,chapeu-49171,,34,registered
2025-11-14T11:18:48.332341,wordpress/wp-content/uploads/products/gorros/chapeu-49171/img_23_pro.jpg,23eb8e26cc5f079c8e706f399f7b1f3c,3684,chapeu-49171,,38,registered
2025-11-14T11:18:49.150632,wordpress/wp-content/uploads/products/gorros/chapeu-49171/img_24_pro.jpg,c27aae7701f50dc3c9120c3912ed10db,3685,chapeu-49171,,68,registered
2025-11-14T11:18:49.966595,wordpress/wp-content/uploads/products/gorros/chapka-6064/img_01_pro.jpg,9b70a52296a20bc97cf49f73f1d9a67a,3686,chapka-6064,,80,registered
