Type,SKU,Name,Published,Short description,Description,Regular price,Categories,Tags,Images
simple,Boné – 22182,BOINA BICO DE PATO AJUSTÁVEL,1,"BOINA · 4*preto, 
3*marrom, 
2*bege, 
1*caqui, 
1*cinza, 
1*camelo",,27.5,,"['Inverno', 'Tamanho ajustável']","images/boinas inverno/bone-22182/img_01.jpg, images/boinas inverno/bone-22182/img_02.jpg, images/boinas inverno/bone-22182/img_03.jpg, images/boinas inverno/bone-22182/img_04.jpg, images/boinas inverno/bone-22182/img_05.jpg, images/boinas inverno/bone-22182/img_06.jpg, images/boinas inverno/bone-22182/img_07.jpg, images/boinas inverno/bone-22182/img_08.jpg, images/boinas inverno/bone-22182/img_09.jpg"
simple,Boné – 25025,BOINA OITAVA INVERNO,1,"BOINA · 4*Preto, 
2*Bordéus, 
2*Cinza claro, 
1*Cinza escuro, 
1*Marinho, 
1*Marrom, 
1*Cáqui",,29.9,,"['Inverno', 'boina oitavada']","images/boinas inverno/bone-25025/img_01.jpg, images/boinas inverno/bone-25025/img_02.jpg, images/boinas inverno/bone-25025/img_03.jpg, images/boinas inverno/bone-25025/img_04.jpg, images/boinas inverno/bone-25025/img_05.jpg, images/boinas inverno/bone-25025/img_06.jpg, images/boinas inverno/bone-25025/img_07.jpg, images/boinas inverno/bone-25025/img_08.jpg, images/boinas inverno/bone-25025/img_09.jpg"
simple,Boné – 22195,BOINA OITAVA XADREZ,1,"BOINA · 4*branco, 3*ferrugem, 3*cinza, 2*mostarda",,29.9,,"['boina oitavada', 'Inverno', 'Mistura de lã']","images/boinas inverno/bone-22195/img_01.jpg, images/boinas inverno/bone-22195/img_02.jpg, images/boinas inverno/bone-22195/img_03.jpg, images/boinas inverno/bone-22195/img_04.jpg, images/boinas inverno/bone-22195/img_05.jpg, images/boinas inverno/bone-22195/img_06.jpg, images/boinas inverno/bone-22195/img_07.jpg"
simple,Boné – 25023,BOINA OITAVADA HARRINGBONE,1,"BOINA · 5*preto, 3*bege, 3*cinza, 1*marrom",,29.9,,"['boina oitavada', 'Inverno', 'Mistura de lã']","images/boinas inverno/bone-25023/img_01.jpg, images/boinas inverno/bone-25023/img_02.jpg, images/boinas inverno/bone-25023/img_03.jpg, images/boinas inverno/bone-25023/img_04.jpg, images/boinas inverno/bone-25023/img_05.jpg, images/boinas inverno/bone-25023/img_06.jpg, images/boinas inverno/bone-25023/img_07.jpg"
simple,Boné – 18456G,BOINA PIEMONTE HARRINGBONE,1,"BOINA · https://hologrammeparis.com/product/casquette-18456g/
https://hologrammeparis.com/product/casquette-18456ma/
https://hologrammeparis.com/product/casquette-18456v/",,45.0,,"['Fabricado na Itália', 'Inverno', 'Lã Pura']","images/boinas inverno/bone-18456g/img_01.jpg, images/boinas inverno/bone-18456g/img_02.jpg, images/boinas inverno/bone-18456g/img_03.jpg, images/boinas inverno/bone-18456g/img_04.jpg, images/boinas inverno/bone-18456g/img_05.jpg, images/boinas inverno/bone-18456g/img_06.jpg, images/boinas inverno/bone-18456g/img_07.jpg, images/boinas inverno/bone-18456g/img_08.jpg, images/boinas inverno/bone-18456g/img_09.jpg"
simple,Boné – 18439OL,BOINA PURE WOOL QUADRADOS,1,BOINA · https://hologrammeparis.com/product/casquette-18439ol/,,45.0,,"['Fabricado na Itália', 'Inverno', 'Lã Pura']","images/boinas inverno/bone-18439ol/img_01.jpg, images/boinas inverno/bone-18439ol/img_02.jpg, images/boinas inverno/bone-18439ol/img_03.jpg, images/boinas inverno/bone-18439ol/img_04.jpg"
simple,"Boné – 18438MC
18502MI",BOINA OITAVA HARRIS TWEED,1,BOINA · https://hologrammeparis.com/product/casquette-18502mi/,,85.0,,"['Fabricado na Itália', 'Harris Tweed', 'Inverno', 'Lã Pura']","images/boinas inverno/bone-18438mc-18502mi/img_01.jpg, images/boinas inverno/bone-18438mc-18502mi/img_02.jpg, images/boinas inverno/bone-18438mc-18502mi/img_03.jpg, images/boinas inverno/bone-18438mc-18502mi/img_04.jpg"
simple,"Boné – 18106MI
Boné – 18106K
Boné – 18106G
18106MA",BOINA PIEMONTE BOMBAZINE,1,"BOINA · https://hologrammeparis.com/product/casquette-18106k/
https://hologrammeparis.com/product/casquette-18106c/
https://hologrammeparis.com/product/casquette-18106b/",,27.5,,"['Rótulo: Fabricado na Itália', 'bombazine']","images/boinas inverno/bone-18106mi-bone-18106k-bone-18106g-18106ma/img_01.jpg, images/boinas inverno/bone-18106mi-bone-18106k-bone-18106g-18106ma/img_02.jpg, images/boinas inverno/bone-18106mi-bone-18106k-bone-18106g-18106ma/img_03.jpg, images/boinas inverno/bone-18106mi-bone-18106k-bone-18106g-18106ma/img_04.jpg, images/boinas inverno/bone-18106mi-bone-18106k-bone-18106g-18106ma/img_05.jpg, images/boinas inverno/bone-18106mi-bone-18106k-bone-18106g-18106ma/img_06.jpg, images/boinas inverno/bone-18106mi-bone-18106k-bone-18106g-18106ma/img_07.jpg, images/boinas inverno/bone-18106mi-bone-18106k-bone-18106g-18106ma/img_08.jpg, images/boinas inverno/bone-18106mi-bone-18106k-bone-18106g-18106ma/img_09.jpg"
simple,Boné – 18153K,BOINA MISTURA DE LÃ QUADRADOS,1,BOINA · https://hologrammeparis.com/product/casquette-18153k/,,35.0,,['Rótulo: Fabricado na Itália'],"images/boinas inverno/bone-18153k/img_01.jpg, images/boinas inverno/bone-18153k/img_02.jpg, images/boinas inverno/bone-18153k/img_03.jpg, images/boinas inverno/bone-18153k/img_04.jpg, images/boinas inverno/bone-18153k/img_05.jpg"
simple,"Boné – 18445MI
Boné – 18445K
Boné – 18445N
Boné – 18445GR
Boné – 18445CA",BOINA PIEMONTE CASHMERE,1,"BOINA · https://hologrammeparis.com/product/casquette-18445k/
https://hologrammeparis.com/product/casquette-18445n/
https://hologrammeparis.com/product/casquette-18445gr/
https://hologrammeparis.com/product/casquette-18445ca/",,29.9,,"['Fabricado na Itália', 'Inverno', 'cashmere']","images/boinas inverno/bone-18445mi-bone-18445k-bone-18445n-bone-18445gr-bone-18445ca/img_01.jpg, images/boinas inverno/bone-18445mi-bone-18445k-bone-18445n-bone-18445gr-bone-18445ca/img_02.jpg, images/boinas inverno/bone-18445mi-bone-18445k-bone-18445n-bone-18445gr-bone-18445ca/img_03.jpg, images/boinas inverno/bone-18445mi-bone-18445k-bone-18445n-bone-18445gr-bone-18445ca/img_04.jpg, images/boinas inverno/bone-18445mi-bone-18445k-bone-18445n-bone-18445gr-bone-18445ca/img_05.jpg, images/boinas inverno/bone-18445mi-bone-18445k-bone-18445n-bone-18445gr-bone-18445ca/img_06.jpg, images/boinas inverno/bone-18445mi-bone-18445k-bone-18445n-bone-18445gr-bone-18445ca/img_07.jpg, images/boinas inverno/bone-18445mi-bone-18445k-bone-18445n-bone-18445gr-bone-18445ca/img_08.jpg, images/boinas inverno/bone-18445mi-bone-18445k-bone-18445n-bone-18445gr-bone-18445ca/img_09.jpg"
simple,Boné – 18440OL,BOINA OITAVADA PURE WOOL XADREZ,1,BOINA · https://hologrammeparis.com/product/casquette-18440ol/,,45.0,,"['Fabricado na Itália', 'Inverno', 'Lã Pura']","images/boinas inverno/bone-18440ol/img_01.jpg, images/boinas inverno/bone-18440ol/img_02.jpg, images/boinas inverno/bone-18440ol/img_03.jpg, images/boinas inverno/bone-18440ol/img_04.jpg"
simple,"Gorro – Miki 22100

gorro de lã estilo bretão “Miki Docker” com aba de aperto traseira",CHAPÉUS MIKI / MARINHEIRO,1,CHAPÉUS · https://hologrammeparis.com/product/bonnet-22100/,,24.9,,['CHAPÉUS MIKI / MARINHEIRO'],"images/boinas inverno/gorro-miki-22100-gorro-de-la-estilo-bretao-miki-docker-com-aba-de-aperto-traseira/img_01.jpg, images/boinas inverno/gorro-miki-22100-gorro-de-la-estilo-bretao-miki-docker-com-aba-de-aperto-traseira/img_02.jpg, images/boinas inverno/gorro-miki-22100-gorro-de-la-estilo-bretao-miki-docker-com-aba-de-aperto-traseira/img_03.jpg, images/boinas inverno/gorro-miki-22100-gorro-de-la-estilo-bretao-miki-docker-com-aba-de-aperto-traseira/img_04.jpg, images/boinas inverno/gorro-miki-22100-gorro-de-la-estilo-bretao-miki-docker-com-aba-de-aperto-traseira/img_05.jpg"
simple,"Gorro – 344974

gorro de lã estilo bretão “Miki Docker” com aba de aperto traseira",CHAPÉUS MIKI / MARINHEIRO,1,CHAPÉUS · https://hologrammeparis.com/product/bonnet-344974/?attribute_pa_couleur=gris-fonce,,24.9,,['Etiqueta: Fabricado em Portugal'],"images/boinas inverno/gorro-344974-gorro-de-la-estilo-bretao-miki-docker-com-aba-de-aperto-traseira/img_01.jpg, images/boinas inverno/gorro-344974-gorro-de-la-estilo-bretao-miki-docker-com-aba-de-aperto-traseira/img_02.jpg, images/boinas inverno/gorro-344974-gorro-de-la-estilo-bretao-miki-docker-com-aba-de-aperto-traseira/img_03.jpg, images/boinas inverno/gorro-344974-gorro-de-la-estilo-bretao-miki-docker-com-aba-de-aperto-traseira/img_04.jpg, images/boinas inverno/gorro-344974-gorro-de-la-estilo-bretao-miki-docker-com-aba-de-aperto-traseira/img_05.jpg"
simple,"Boné – 18508MI
18452",BOINA SEXTAVADA PURE WOOL,1,"BOINA · https://hologrammeparis.com/product/casquette-18508k/
https://hologrammeparis.com/fr/product/casquette-18452mi/
https://hologrammeparis.com/fr/product/casquette-18452ma/",,55.0,,"['Fabricado na Itália', 'Inverno', 'Lã Pura']","images/boinas inverno/bone-18508mi-18452/img_01.jpg, images/boinas inverno/bone-18508mi-18452/img_02.jpg, images/boinas inverno/bone-18508mi-18452/img_03.jpg, images/boinas inverno/bone-18508mi-18452/img_04.jpg, images/boinas inverno/bone-18508mi-18452/img_05.jpg, images/boinas inverno/bone-18508mi-18452/img_06.jpg, images/boinas inverno/bone-18508mi-18452/img_07.jpg, images/boinas inverno/bone-18508mi-18452/img_08.jpg, images/boinas inverno/bone-18508mi-18452/img_09.jpg"
simple,Boné – 18500MI,BOINA HARRIS TWEED QUADRADOS,1,BOINA · https://hologrammeparis.com/product/casquette-18500mi/,,85.0,,"['Fabricado na Itália', 'Harris Tweed', 'Inverno', 'Lã Pura']","images/boinas inverno/bone-18500mi/img_01.jpg, images/boinas inverno/bone-18500mi/img_02.jpg, images/boinas inverno/bone-18500mi/img_03.jpg, images/boinas inverno/bone-18500mi/img_04.jpg"
simple,Boné – 18501MI,BOINA HARRIS TWEED PATCHWORK,1,BOINA · https://hologrammeparis.com/product/casquette-18501mi/,,85.0,,"['Fabricado na Itália', 'Harris Tweed', 'Inverno', 'Lã Pura']","images/boinas inverno/bone-18501mi/img_01.jpg, images/boinas inverno/bone-18501mi/img_02.jpg, images/boinas inverno/bone-18501mi/img_03.jpg, images/boinas inverno/bone-18501mi/img_04.jpg"
simple,"Boné – 18074
Boné – 18074K
Boné – 18074GC",BOINA PIEMONTE MIX WOOL,1,"BOINA · https://hologrammeparis.com/product/casquette-18074v/
https://hologrammeparis.com/product/casquette-18074gc/",,29.9,,"['Fabricado na Itália', 'Inverno']","images/boinas inverno/bone-18074-bone-18074k-bone-18074gc/img_01.jpg, images/boinas inverno/bone-18074-bone-18074k-bone-18074gc/img_02.jpg, images/boinas inverno/bone-18074-bone-18074k-bone-18074gc/img_03.jpg, images/boinas inverno/bone-18074-bone-18074k-bone-18074gc/img_04.jpg, images/boinas inverno/bone-18074-bone-18074k-bone-18074gc/img_05.jpg, images/boinas inverno/bone-18074-bone-18074k-bone-18074gc/img_06.jpg, images/boinas inverno/bone-18074-bone-18074k-bone-18074gc/img_07.jpg, images/boinas inverno/bone-18074-bone-18074k-bone-18074gc/img_08.jpg, images/boinas inverno/bone-18074-bone-18074k-bone-18074gc/img_09.jpg"
simple,"Boné – 18279K
Boné – 18279MA
Boné – 18279MI
Boné – 18279BG
Boné – 18279G",BOINA SEXTAVADA COM BOMBAZINE,1,"BOINA · https://hologrammeparis.com/product/casquette-18279mi/
https://hologrammeparis.com/product/casquette-18279ma/
https://hologrammeparis.com/product/casquette-18279bg/",,45.0,,"['Fabricado na Itália', 'Inverno']","images/boinas inverno/bone-18279k-bone-18279ma-bone-18279mi-bone-18279bg-bone-18279g/img_01.jpg, images/boinas inverno/bone-18279k-bone-18279ma-bone-18279mi-bone-18279bg-bone-18279g/img_02.jpg, images/boinas inverno/bone-18279k-bone-18279ma-bone-18279mi-bone-18279bg-bone-18279g/img_03.jpg, images/boinas inverno/bone-18279k-bone-18279ma-bone-18279mi-bone-18279bg-bone-18279g/img_04.jpg, images/boinas inverno/bone-18279k-bone-18279ma-bone-18279mi-bone-18279bg-bone-18279g/img_05.jpg, images/boinas inverno/bone-18279k-bone-18279ma-bone-18279mi-bone-18279bg-bone-18279g/img_06.jpg, images/boinas inverno/bone-18279k-bone-18279ma-bone-18279mi-bone-18279bg-bone-18279g/img_07.jpg, images/boinas inverno/bone-18279k-bone-18279ma-bone-18279mi-bone-18279bg-bone-18279g/img_08.jpg, images/boinas inverno/bone-18279k-bone-18279ma-bone-18279mi-bone-18279bg-bone-18279g/img_09.jpg"
simple,Boné – 22174,BOINA OITAVADA HARRINGBONE,0,"BOINA · 5*Noir, 4*Gris, 3*Marron",,29.9,,"['boina oitavada', 'Inverno', 'Mistura de lã']",
simple,18220MI ,BOINA OITAVADA PURE WOOL,1,BOINA · 100% Lã Shetland Pura,,45.0,,"['Fabricado na Itália', 'Inverno', 'Lã Pura']","images/boinas inverno/18220mi/img_01.jpg, images/boinas inverno/18220mi/img_02.jpg, images/boinas inverno/18220mi/img_03.jpg, images/boinas inverno/18220mi/img_04.jpg"
simple,HOLOGRAMME,"Tag: Verão , Fabricado na Itália",1,Tag: · https://hologrammeparis.com/product/casquette-e18107gr/,,12.0,,['BOINA LINHO QUADRADOS'],"images/boinas verão/hologramme/img_01.jpg, images/boinas verão/hologramme/img_02.jpg, images/boinas verão/hologramme/img_03.jpg, images/boinas verão/hologramme/img_04.jpg, images/boinas verão/hologramme/img_05.jpg, images/boinas verão/hologramme/img_06.jpg, images/boinas verão/hologramme/img_07.jpg, images/boinas verão/hologramme/img_08.jpg"
simple,Boné – 12805,BOINA OITAVADA LINHO,1,"BOINA · Pacote de 24 peças variadas:
4*Preto, 4*Marinho, 5*Cinza, 4*Verde, 3*Camelo, 4*Bege",,27.5,,['Verão 2023'],"images/boinas verão/bone-12805/img_01.jpg, images/boinas verão/bone-12805/img_02.jpg, images/boinas verão/bone-12805/img_03.jpg, images/boinas verão/bone-12805/img_04.jpg, images/boinas verão/bone-12805/img_05.jpg, images/boinas verão/bone-12805/img_06.jpg, images/boinas verão/bone-12805/img_07.jpg, images/boinas verão/bone-12805/img_08.jpg, images/boinas verão/bone-12805/img_09.jpg"
simple,"Boné – 18110EC
Boné – 18110OL",BOINA PIEMONTE LINHO E ALGODÃO,1,BOINA · https://hologrammeparis.com/fr/product/casquette-18110ol/,,27.5,,['Etiqueta: Fabricado em Italia'],"images/boinas verão/bone-18110ec-bone-18110ol/img_01.jpg, images/boinas verão/bone-18110ec-bone-18110ol/img_02.jpg, images/boinas verão/bone-18110ec-bone-18110ol/img_03.jpg, images/boinas verão/bone-18110ec-bone-18110ol/img_04.jpg, images/boinas verão/bone-18110ec-bone-18110ol/img_05.jpg, images/boinas verão/bone-18110ec-bone-18110ol/img_06.jpg, images/boinas verão/bone-18110ec-bone-18110ol/img_07.jpg, images/boinas verão/bone-18110ec-bone-18110ol/img_08.jpg, images/boinas verão/bone-18110ec-bone-18110ol/img_09.jpg"
simple,Boné – 18474,BOINA SEXTAVADA CORES NA PALA,1,BOINA · https://hologrammeparis.com/product/casquette-18474g/,,45.0,,['BOINA SEXTAVADA CORES NA PALA'],"images/boinas verão/bone-18474/img_01.jpg, images/boinas verão/bone-18474/img_02.jpg, images/boinas verão/bone-18474/img_03.jpg, images/boinas verão/bone-18474/img_04.jpg, images/boinas verão/bone-18474/img_05.jpg, images/boinas verão/bone-18474/img_06.jpg, images/boinas verão/bone-18474/img_07.jpg, images/boinas verão/bone-18474/img_08.jpg"
simple,"Boné – 18107
Boné – 18515 ","Tag: Fabricado na Itália, Linho",1,"Tag: · https://hologrammeparis.com/product/casquette-e18107bl/
https://hologrammeparis.com/fr/product/casquette-e18107bg/
https://hologrammeparis.com/fr/product/casquette-18515bg/",,47.5,,"['Fabricado na Itália', 'Linho']","images/boinas verão/bone-18107-bone-18515/img_01.jpg, images/boinas verão/bone-18107-bone-18515/img_02.jpg, images/boinas verão/bone-18107-bone-18515/img_03.jpg, images/boinas verão/bone-18107-bone-18515/img_04.jpg, images/boinas verão/bone-18107-bone-18515/img_05.jpg, images/boinas verão/bone-18107-bone-18515/img_06.jpg, images/boinas verão/bone-18107-bone-18515/img_07.jpg, images/boinas verão/bone-18107-bone-18515/img_08.jpg, images/boinas verão/bone-18107-bone-18515/img_09.jpg"
simple,Boné – 18521A,BOINA PIEMONTE ALGODÃO,1,BOINA · https://hologrammeparis.com/fr/product/casquette-18521a/,,35.0,,"['Fabricado na Itália', 'Algodão']","images/boinas verão/bone-18521a/img_01.jpg, images/boinas verão/bone-18521a/img_02.jpg, images/boinas verão/bone-18521a/img_03.jpg, images/boinas verão/bone-18521a/img_04.jpg"
simple,"Boné – 15266F
Boné – 15266C",BOINA SEXTAVADA ALGODÃO,1,BOINA · https://hologrammeparis.com/fr/product/casquette-15266c/,,16.9,,"['verão', 'cotton']","images/boinas verão/bone-15266f-bone-15266c/img_01.jpg, images/boinas verão/bone-15266f-bone-15266c/img_02.jpg, images/boinas verão/bone-15266f-bone-15266c/img_03.jpg, images/boinas verão/bone-15266f-bone-15266c/img_04.jpg, images/boinas verão/bone-15266f-bone-15266c/img_05.jpg, images/boinas verão/bone-15266f-bone-15266c/img_06.jpg, images/boinas verão/bone-15266f-bone-15266c/img_07.jpg, images/boinas verão/bone-15266f-bone-15266c/img_08.jpg, images/boinas verão/bone-15266f-bone-15266c/img_09.jpg"
simple,Casquette – 18534N,"Étiquette : verão, Fabriqué en Italie, Linho, algodão",0,Étiquette,,37.5,,"['Étiquette : verão', 'Fabriqué en Italie', 'Linho', 'algodão']",
simple,"Boné – 18161N
Boné – 18161M",BOINA SEXTAVADA PELE,1,BOINA · https://hologrammeparis.com/product/casquette-18161m/,,89.9,,"['Fabricado na Itália', 'pele genuina']","images/artigos em pele/bone-18161n-bone-18161m/img_01.jpg, images/artigos em pele/bone-18161n-bone-18161m/img_02.jpg, images/artigos em pele/bone-18161n-bone-18161m/img_03.jpg, images/artigos em pele/bone-18161n-bone-18161m/img_04.jpg, images/artigos em pele/bone-18161n-bone-18161m/img_05.jpg"
simple,Gants – 17120,LUVAS FEMININAS ,1,LUVAS · https://hologrammeparis.com/product/gants-17120n/?attribute_pa_couleur=marron,,35.0,,['Etiqueta: LUVAS'],"images/artigos em pele/gants-17120/img_01.jpg, images/artigos em pele/gants-17120/img_02.jpg, images/artigos em pele/gants-17120/img_03.jpg, images/artigos em pele/gants-17120/img_04.jpg, images/artigos em pele/gants-17120/img_05.jpg, images/artigos em pele/gants-17120/img_06.jpg, images/artigos em pele/gants-17120/img_07.jpg, images/artigos em pele/gants-17120/img_08.jpg, images/artigos em pele/gants-17120/img_09.jpg"
simple,Gants – 17119,LUVAS MASCULINAS,1,LUVAS · https://hologrammeparis.com/product/gants-17119n/,,35.0,,['Etiqueta: LUVAS'],"images/artigos em pele/gants-17119/img_01.jpg, images/artigos em pele/gants-17119/img_02.jpg, images/artigos em pele/gants-17119/img_03.jpg, images/artigos em pele/gants-17119/img_04.jpg, images/artigos em pele/gants-17119/img_05.jpg"
simple,Porte-Monnaie – 5657,CARTEIRAS,0,CARTEIRAS · https://hologrammeparis.com/product/porte-monnaie-5657/,,35.0,,['CARTEIRAS'],images/artigos em pele/porte-monnaie-5657/img_01.jpg
simple,,CHAPEU AUSTRALIANO,0,CHAPEU,,67.5,,['Fabricado em Portugal'],
simple,VELEN,BASEBALL CAP,0,BASEBALL · Etiqueta: Fabricado em Portugal,,29.9,,"['Boné Vegan estilo basebol de cortiça. Na confeção deste boné não foi usado nenhum material de origem animal. \n\n- Produto Vegan produzido em Portugal com cortiça Portuguesa. \n\n- Eco-Friendly', 'duradouro', 'repelente da água e suave ao toque.\n\n- Pode ser limpo com água e sabão neutro.']",
simple,Chapka – 6064,GORRO USHANKA,0,"GORRO · 3*57, 4*59 PRETO, 1*57 BEGE, 1*59 CAMELO, 1*57 CÁQUI, 1*57, 1*59 MARROM",,1.0,,['Fabricado na China'],images/gorros/chapka-6064/img_01.jpg
simple,Chapéu – 49171,CHAPÉU CHAPKA IMPERMEÁVEL,1,CHAPÉU · https://hologrammeparis.com/product/toque-49171-polaire/,,2.0,,['Etiqueta: Fabricado em Portugal'],"images/gorros/chapeu-49171/img_01.jpg, images/gorros/chapeu-49171/img_02.jpg, images/gorros/chapeu-49171/img_03.jpg, images/gorros/chapeu-49171/img_04.jpg, images/gorros/chapeu-49171/img_05.jpg, images/gorros/chapeu-49171/img_06.jpg, images/gorros/chapeu-49171/img_07.jpg, images/gorros/chapeu-49171/img_08.jpg, images/gorros/chapeu-49171/img_09.jpg"
simple,,Bonnet – Pierre Cardin,0,Bonnet · https://hologrammeparis.com/fr/product/bonnet-pierre-cardin-bonnet/,,0.0,,"['Gorro da marca Pierre Cardin', 'com uma textura suave e simples.\n\nPossui um grande reverso e exibe um emblema branco com o logo distintivo de Pierre Cardin', 'com um grande “P” estilizado em preto e a assinatura abaixo\n\nFabricado em um material quente e confortável', 'perfeito para um visual sóbrio de inverno.']","images/gorros/bonnet-pierre-cardin/img_01.jpg, images/gorros/bonnet-pierre-cardin/img_02.jpg, images/gorros/bonnet-pierre-cardin/img_03.jpg"
simple,"Tags: Fabricado na Itália , Lã Pura

",CHAPEU FEDORA ,1,"CHAPEU · Bege , Branco , Branco Preto , Verde-azulado, Azul Céu , Azul Royal , Borgonha , Camelo , Castor , Creme , Cinza Claro , Cinza Escuro , Índigo , Cáqui , Marinho , Marrom , Mostarda , Preto , Laranja , Rosa , Vermelho , Ferrugem , Rubino , Verde Escuro , Rosa Velha",,35.0,,"['Nossa versão Hologram Paris do “Fedora clássico”\n\nChapéu com fita tom sobre tom', '100 g de pura lã.\n\nSóbrio e sem logótipo visível.\n\n100% lã e fabricação italiana']","images/chapéus lã/tags-fabricado-na-italia-la-pura/img_01.jpg, images/chapéus lã/tags-fabricado-na-italia-la-pura/img_02.jpg, images/chapéus lã/tags-fabricado-na-italia-la-pura/img_03.jpg, images/chapéus lã/tags-fabricado-na-italia-la-pura/img_04.jpg, images/chapéus lã/tags-fabricado-na-italia-la-pura/img_05.jpg, images/chapéus lã/tags-fabricado-na-italia-la-pura/img_06.jpg, images/chapéus lã/tags-fabricado-na-italia-la-pura/img_07.jpg, images/chapéus lã/tags-fabricado-na-italia-la-pura/img_08.jpg"
simple,"Chapéu Impermeável – Art 181054 (Pack 12)

Tags: Fabricado na Itália , Lã Esmagável Impermeável",CHAPÉUS DE LÃ ITALIANA,1,"CHAPÉUS · 	
Bege , Azul Céu , Azul Royal , Borgonha , Camelo , Castor , Cinza , Índigo , Cáqui , Marinho , Marrom , Mostarda , Preto , Rosa , Vermelho , Ferrugem , Rubino , Verde Escuro",,67.5,,"['Fabricado na Itália', 'Lã', 'Esmagável', 'Impermeável']","images/chapéus lã/chapeu-impermeavel-art-181054-pack-12-tags-fabricado-na-italia-la-esmagavel-impermeavel/img_01.jpg, images/chapéus lã/chapeu-impermeavel-art-181054-pack-12-tags-fabricado-na-italia-la-esmagavel-impermeavel/img_02.jpg, images/chapéus lã/chapeu-impermeavel-art-181054-pack-12-tags-fabricado-na-italia-la-esmagavel-impermeavel/img_03.jpg, images/chapéus lã/chapeu-impermeavel-art-181054-pack-12-tags-fabricado-na-italia-la-esmagavel-impermeavel/img_04.jpg, images/chapéus lã/chapeu-impermeavel-art-181054-pack-12-tags-fabricado-na-italia-la-esmagavel-impermeavel/img_05.jpg"
simple,Chapéu – Art 970 (Pack 12),CHAPÉU DE LÃ TRILBY,1,"CHAPÉU ·         
Azul Pato , Azul Céu , Azul Royal , Borgonha , Camelo , Castor , Cinza Claro , Cáqui , Marinho , Marrom , Mostarda , Preto , Rosa , Vermelho , Ferrugem , Rubino , Verde, 	
Bordeaux , Cinza , Cinza Claro , Cinza Escuro , Cáqui , Azul Marinho",,29.9,,"['Fabricado na Itália', 'Lã Pura']","images/chapéus lã/chapeu-art-970-pack-12/img_01.jpg, images/chapéus lã/chapeu-art-970-pack-12/img_02.jpg, images/chapéus lã/chapeu-art-970-pack-12/img_03.jpg, images/chapéus lã/chapeu-art-970-pack-12/img_04.jpg, images/chapéus lã/chapeu-art-970-pack-12/img_05.jpg, images/chapéus lã/chapeu-art-970-pack-12/img_06.jpg"
simple,"Chapéu Impermeável – Art 181056

Tags: Fabricado na Itália , Lã,  Esmagável,  Impermeável",CHAPÉUS DE LÃ IMPERMEÁVEL,1,"CHAPÉUS · Pato Azul , Borgonha , Camelo , Castor , Cinza , Cáqui , Marinho , Marrom , Mostarda , Preto , Rosa , Vermelho , Ferrugem , Rubino , Verde Escuro
",,49.9,,['CHAPÉUS DE LÃ IMPERMEÁVEL'],"images/chapéus lã/chapeu-impermeavel-art-181056-tags-fabricado-na-italia-la-esmagavel-impermeavel/img_01.jpg, images/chapéus lã/chapeu-impermeavel-art-181056-tags-fabricado-na-italia-la-esmagavel-impermeavel/img_02.jpg, images/chapéus lã/chapeu-impermeavel-art-181056-tags-fabricado-na-italia-la-esmagavel-impermeavel/img_03.jpg, images/chapéus lã/chapeu-impermeavel-art-181056-tags-fabricado-na-italia-la-esmagavel-impermeavel/img_04.jpg, images/chapéus lã/chapeu-impermeavel-art-181056-tags-fabricado-na-italia-la-esmagavel-impermeavel/img_05.jpg"
simple,"chapeu colonial
pith helmet",CHAPEU COLONIAL,0,CHAPEU,,45.0,,['CHAPEU COLONIAL'],
simple,Boné – 13156,BONÉS DE INVERNO PARA MULHERES,0,BONÉS · https://hologrammeparis.com/product/casquette-13156/,,0.0,,['BONÉS DE INVERNO PARA MULHERES'],"images/feminino/bone-13156/img_01.jpg, images/feminino/bone-13156/img_02.jpg, images/feminino/bone-13156/img_03.jpg, images/feminino/bone-13156/img_04.jpg, images/feminino/bone-13156/img_05.jpg, images/feminino/bone-13156/img_06.jpg, images/feminino/bone-13156/img_07.jpg, images/feminino/bone-13156/img_08.jpg, images/feminino/bone-13156/img_09.jpg"
simple,Boné – 12463,BONÉS DE INVERNO PARA MULHERES,0,BONÉS · https://hologrammeparis.com/product/casquette-12463/,,0.0,,['BONÉS DE INVERNO PARA MULHERES'],"images/feminino/bone-12463/img_01.jpg, images/feminino/bone-12463/img_02.jpg, images/feminino/bone-12463/img_03.jpg, images/feminino/bone-12463/img_04.jpg, images/feminino/bone-12463/img_05.jpg, images/feminino/bone-12463/img_06.jpg, images/feminino/bone-12463/img_07.jpg"
simple,Palha – 12403, CHAPÉUS DE PALHA FEMININOS,0,"CHAPÉUS ·         
3*marrom, 3*verde, 3*camelo, 3*caqui, 3*rosa",,3.0,,"['Fabricado na China', 'Tamanho ajustável']",
simple,Palha – 12673,CHAPÉUS DE PALHA FEMININOS,0,CHAPÉUS · https://hologrammeparis.com/product/paille-12673/,,0.0,,"['Nossa versão Hologram Paris do chapéu de palha em forma de sino.\n\nChapéu luxuoso tricotado em palha de ráfia extrafina .\nSólido', 'dobrável e intemporal.\n\nPalha 100% Ráfia']","images/feminino/palha-12673/img_01.jpg, images/feminino/palha-12673/img_02.jpg, images/feminino/palha-12673/img_03.jpg, images/feminino/palha-12673/img_04.jpg, images/feminino/palha-12673/img_05.jpg, images/feminino/palha-12673/img_06.jpg"
simple,Boné – 12625,BOINA COM PALA ALGODÃO,1,"BOINA · Pacote de 24 peças variadas:
2 * vermelho, 2 * verde, 2 * azul celeste, 4 * camelo, 4 * cru, 3 * branco, 3 * bege, 3 * marinho, 1 * cinza
",,24.9,,['BOINA COM PALA ALGODÃO'],"images/feminino/bone-12625/img_01.jpg, images/feminino/bone-12625/img_02.jpg, images/feminino/bone-12625/img_03.jpg, images/feminino/bone-12625/img_04.jpg, images/feminino/bone-12625/img_05.jpg, images/feminino/bone-12625/img_06.jpg, images/feminino/bone-12625/img_07.jpg, images/feminino/bone-12625/img_08.jpg, images/feminino/bone-12625/img_09.jpg"
simple,Boné – 2018016,BONÉS DE VERÃO PARA MULHERES,0,"BONÉS · Pacote de 24 peças variadas:
3*Cáqui, 5*Preto, 3*Bordeaux, 3*Azul, 2*Laranja, 4*Cinza, 4*Bege

",,0.0,,['BONÉS DE VERÃO PARA MULHERES'],
simple,Viseira – 23119,BONÉS DE VERÃO PARA MULHERES,0,"BONÉS · Pacote de 30 peças variadas:
2*Rosa, 5*Laranja, 5*Roxo, 6*Azul, 6*Bege, 6*Preto",,0.0,,['SIZE\t\nOne size adjustable'],"images/feminino/viseira-23119/img_01.jpg, images/feminino/viseira-23119/img_02.jpg, images/feminino/viseira-23119/img_03.jpg, images/feminino/viseira-23119/img_04.jpg, images/feminino/viseira-23119/img_05.jpg, images/feminino/viseira-23119/img_06.jpg, images/feminino/viseira-23119/img_07.jpg"
simple,Boné – 2018039,BOINA COM PALA INVERNO,0,"BOINA · 2*Cinza claro, 
1*Cinza escuro, 
1*Cáqui, 
1*Bordeaux, 
1*Vermelho, 
2*Marinho, 
4*Preto",,0.0,,"['Fabricado na China', 'Mistura de lã']","images/feminino/bone-2018039/img_01.jpg, images/feminino/bone-2018039/img_02.jpg, images/feminino/bone-2018039/img_03.jpg, images/feminino/bone-2018039/img_04.jpg, images/feminino/bone-2018039/img_05.jpg, images/feminino/bone-2018039/img_06.jpg, images/feminino/bone-2018039/img_07.jpg, images/feminino/bone-2018039/img_08.jpg, images/feminino/bone-2018039/img_09.jpg"
simple,Casquette – 22103,BOINA COM PALA INVERNO,1,"BOINA · 	
Sortido , Bordéus , Camelo , Cru , Cinza Claro , Cinza Escuro , Cáqui , Azul Marinho , Marrom , Mostarda , Preto , Laranja , Verde",,24.9,,"['Fabricado na China', 'Mistura de lã']","images/feminino/casquette-22103/img_01.jpg, images/feminino/casquette-22103/img_02.jpg, images/feminino/casquette-22103/img_03.jpg, images/feminino/casquette-22103/img_04.jpg, images/feminino/casquette-22103/img_05.jpg, images/feminino/casquette-22103/img_06.jpg, images/feminino/casquette-22103/img_07.jpg, images/feminino/casquette-22103/img_08.jpg, images/feminino/casquette-22103/img_09.jpg"
simple,Casquette – 12448,BONÉS DE INVERNO PARA MULHERES,1,"BONÉS · 2*Mostarda, 2*Marrom, 3*Bordéus, 3*Marinho, 3*Verde, 3*Azul, 3*Taupe, 5*Preto",,15.0,,"['Fabricado na China', 'Tamanho ajustável']","images/feminino/casquette-12448/img_01.jpg, images/feminino/casquette-12448/img_02.jpg, images/feminino/casquette-12448/img_03.jpg, images/feminino/casquette-12448/img_04.jpg, images/feminino/casquette-12448/img_05.jpg, images/feminino/casquette-12448/img_06.jpg, images/feminino/casquette-12448/img_07.jpg, images/feminino/casquette-12448/img_08.jpg, images/feminino/casquette-12448/img_09.jpg"
simple,Palha – 12511,CHAPÉUS DE PALHA FEMININOS,0,CHAPÉUS · https://hologrammeparis.com/product/paille-12511/,,0.0,,"['Nossa versão Hologram Paris do chapéu de palha em forma de sino.\n\nChapéu luxuoso tricotado em palha de ráfia extrafina .\nSólido', 'dobrável e intemporal.\n\nPalha 100% Ráfia']","images/feminino/palha-12511/img_02.jpg, images/feminino/palha-12511/img_09.jpg, images/feminino/palha-12511/img_10.jpg"
simple,Palha – 12512,CHAPÉUS DE PALHA FEMININOS,0,CHAPÉUS · Straw - 12512 - Hologram Paris (hologrammeparis.com),,0.0,,"['Chapéu luxuoso tricotado em palha de ráfia extrafina .\nSólido', 'dobrável e intemporal.\n\nPalha 100% Ráfia']","images/feminino/palha-12512/img_01.jpg, images/feminino/palha-12512/img_02.jpg, images/feminino/palha-12512/img_03.jpg, images/feminino/palha-12512/img_04.jpg, images/feminino/palha-12512/img_05.jpg, images/feminino/palha-12512/img_06.jpg, images/feminino/palha-12512/img_07.jpg, images/feminino/palha-12512/img_08.jpg, images/feminino/palha-12512/img_09.jpg"
simple,Palha – 12517,CHAPÉUS DE PALHA FEMININOS,0,"CHAPÉUS · 11*Bege, 7*Camelo, 4*Verde, 4*Cinza, 4*Preto",,0.0,,"['Chapéu luxuoso tricotado em palha de ráfia extrafina .\nSólido', 'dobrável e intemporal.\n\nPalha 100% Ráfia']","images/feminino/palha-12517/img_01.jpg, images/feminino/palha-12517/img_02.jpg, images/feminino/palha-12517/img_03.jpg, images/feminino/palha-12517/img_04.jpg, images/feminino/palha-12517/img_05.jpg, images/feminino/palha-12517/img_06.jpg, images/feminino/palha-12517/img_07.jpg, images/feminino/palha-12517/img_08.jpg, images/feminino/palha-12517/img_09.jpg"
simple,Boina Clássica – 5020,BOINA CLÁSSICA / BERET,1,BOINA · https://hologrammeparis.com/product/beret-5020/?attribute_pa_couleur=beige-na1302,,14.9,,"['Nossa versão holográfica parisiense da “boina lisa clássica”\n\nSóbrio', 'intemporal e sem logótipo visível.\n\n75g de lã escovada e raspada']","images/feminino/boina-classica-5020/img_01.jpg, images/feminino/boina-classica-5020/img_02.jpg, images/feminino/boina-classica-5020/img_03.jpg, images/feminino/boina-classica-5020/img_04.jpg, images/feminino/boina-classica-5020/img_05.jpg, images/feminino/boina-classica-5020/img_06.jpg, images/feminino/boina-classica-5020/img_07.jpg, images/feminino/boina-classica-5020/img_08.jpg, images/feminino/boina-classica-5020/img_09.jpg"
simple,"Gorro – 5942F
Bonnet – 5942C",CHAPÉU LÃ HARMONICO,1,"CHAPÉU · 1*Ameixa, 2*Bordeaux, 1*Marrom, 3*Preto, 1*Camelo, 1*Cinza Escuro, 2*Marinho, 1*Cáqui",,19.9,,['Lã Pura'],"images/feminino/gorro-5942f-bonnet-5942c/img_01.jpg, images/feminino/gorro-5942f-bonnet-5942c/img_02.jpg, images/feminino/gorro-5942f-bonnet-5942c/img_03.jpg, images/feminino/gorro-5942f-bonnet-5942c/img_04.jpg, images/feminino/gorro-5942f-bonnet-5942c/img_05.jpg, images/feminino/gorro-5942f-bonnet-5942c/img_06.jpg, images/feminino/gorro-5942f-bonnet-5942c/img_07.jpg"
simple,Boné – 22238,BOINA COM PALA PIED POULE,1,"BOINA · 5*Cinza Escuro, 4*Cinza Claro, 3*Bege",,29.9,,['BOINA COM PALA PIED POULE'],"images/feminino/bone-22238/img_01.jpg, images/feminino/bone-22238/img_02.jpg, images/feminino/bone-22238/img_03.jpg, images/feminino/bone-22238/img_04.jpg, images/feminino/bone-22238/img_05.jpg, images/feminino/bone-22238/img_06.jpg"
simple,,CHAPEU CLOCHE,0,CHAPEU,,35.0,,['CHAPEU CLOCHE'],
simple,,CASQUETE,0,CASQUETE,,1.0,,['COM FITA AJUSTÁVEL'],
simple,,CHAPÉU CERIMÓNIA PERÓLAS,0,CHAPÉU,,2.0,,['COM FITA AJUSTÁVEL'],
simple,,CHAPÉU CERIMÓNIA FLORES,0,CHAPÉU,,3.0,,['COM FITA AJUSTÁVEL'],
simple,Palha – 937,CHAPÉUS DE PALHA FEMININOS,0,"CHAPÉUS · 12*55, 18*57",,0.0,,['CHAPÉUS DE PALHA FEMININOS'],"images/cerimónia/palha-937/img_01.jpg, images/cerimónia/palha-937/img_02.jpg, images/cerimónia/palha-937/img_03.jpg, images/cerimónia/palha-937/img_04.jpg, images/cerimónia/palha-937/img_05.jpg, images/cerimónia/palha-937/img_06.jpg, images/cerimónia/palha-937/img_07.jpg, images/cerimónia/palha-937/img_08.jpg, images/cerimónia/palha-937/img_09.jpg"
simple,Palha – 941216 Couro,CHAPÉU DE PALHA NATURAL,1,"CHAPÉU · 3*55, 4*56, 6*57, 7*58, 5*59, 3*60, 2*61",,35.0,,['Rótulo: Fabricado na Itália'],"images/palha/palha-941216-couro/img_01.jpg, images/palha/palha-941216-couro/img_02.jpg, images/palha/palha-941216-couro/img_03.jpg, images/palha/palha-941216-couro/img_04.jpg, images/palha/palha-941216-couro/img_05.jpg, images/palha/palha-941216-couro/img_06.jpg"
simple,Panamá – 201754,CHAPEU PANAMÁ,1,CHAPEU · https://hologrammeparis.com/product/panama-201754/,,67.5,,"['A versão revisitada do Panamá equatoriano', 'mais sólida', 'dobrável e moderna.\n\nPanamá Panasoft em papel 100% japonês .\n\nFabricado na Itália.']","images/panamá/panama-201754/img_01.jpg, images/panamá/panama-201754/img_02.jpg, images/panamá/panama-201754/img_03.jpg, images/panamá/panama-201754/img_04.jpg, images/panamá/panama-201754/img_05.jpg, images/panamá/panama-201754/img_06.jpg"
simple,Panamá – 201752,CHAPEU PANAMÁ ABA CURTA,1,CHAPEU · https://hologrammeparis.com/product/panama-201752-ecru/,,67.5,,"['A versão revisitada do Panamá equatoriano', 'mais sólida', 'dobrável e moderna.\n\nPanamá Panasoft em papel 100% japonês .\n\nFabricado na Itália.']","images/panamá/panama-201752/img_01.jpg, images/panamá/panama-201752/img_02.jpg, images/panamá/panama-201752/img_03.jpg, images/panamá/panama-201752/img_04.jpg, images/panamá/panama-201752/img_05.jpg, images/panamá/panama-201752/img_06.jpg"
simple,Panamá – 931,CHAPEU PANAMÁ AJUSTÁVEL,1,CHAPEU · https://hologrammeparis.com/product/panama-art-931-japonais/,,67.5,,"['A versão revisitada do Panamá equatoriano', 'mais sólida', 'dobrável e moderna.\n\nPanamá Panasoft em papel 100% japonês .\n\nFabricado na Itália.']","images/panamá/panama-931/img_01.jpg, images/panamá/panama-931/img_02.jpg, images/panamá/panama-931/img_03.jpg, images/panamá/panama-931/img_04.jpg, images/panamá/panama-931/img_05.jpg, images/panamá/panama-931/img_06.jpg, images/panamá/panama-931/img_07.jpg"
simple,"Chapéu – 49103

",CHAPÉUS ALGODÃO ENCERADO,1,CHAPÉUS · https://hologrammeparis.com/product/chapeau-49103/,,45.0,,"['Algodão Oleado', 'Fabricado em Portugal']","images/à prova d´água/chapeu-49103/img_01.jpg, images/à prova d´água/chapeu-49103/img_02.jpg, images/à prova d´água/chapeu-49103/img_03.jpg, images/à prova d´água/chapeu-49103/img_04.jpg, images/à prova d´água/chapeu-49103/img_05.jpg, images/à prova d´água/chapeu-49103/img_06.jpg, images/à prova d´água/chapeu-49103/img_07.jpg, images/à prova d´água/chapeu-49103/img_08.jpg, images/à prova d´água/chapeu-49103/img_09.jpg"
simple,SOLID,CHAPEU DOBRAVEL,0,CHAPEU,,55.0,,"['impermeavel', 'dobravel']",
simple,"Bob – 2018121

",BUCKT HAT ALGODÃO,1,"BUCKT · 3*Preto, 3*Marinho, 2*Laranja, 2*Bege, 2*Azul Royal, 2*Mostarda, 2*Cáqui, 2*Cinza, 2*Bordéus, 2*Vermelho, 1*Camelo , 1 * marrom claro",,14.9,,['BUCKT HAT ALGODÃO'],"images/chapéus em tecido/bob-2018121/img_01.jpg, images/chapéus em tecido/bob-2018121/img_02.jpg, images/chapéus em tecido/bob-2018121/img_03.jpg, images/chapéus em tecido/bob-2018121/img_04.jpg, images/chapéus em tecido/bob-2018121/img_05.jpg, images/chapéus em tecido/bob-2018121/img_06.jpg, images/chapéus em tecido/bob-2018121/img_07.jpg, images/chapéus em tecido/bob-2018121/img_08.jpg, images/chapéus em tecido/bob-2018121/img_09.jpg"
simple,Bob – 2018120,CHAPÉU SAFARI,1,"CHAPÉU · 3*Noir, 3*Marine, 2*Kaki, 2*Bordeaux, 2*Rouge, 2*Rouille, 2*Bleu Royal, 2*Gris, 2*Moutarde, 2*Beige, 1*Camel, 1*Marron Clair",,19.9,,['CHAPÉU SAFARI'],"images/chapéus em tecido/bob-2018120/img_01.jpg, images/chapéus em tecido/bob-2018120/img_02.jpg, images/chapéus em tecido/bob-2018120/img_03.jpg, images/chapéus em tecido/bob-2018120/img_04.jpg, images/chapéus em tecido/bob-2018120/img_05.jpg, images/chapéus em tecido/bob-2018120/img_06.jpg, images/chapéus em tecido/bob-2018120/img_07.jpg, images/chapéus em tecido/bob-2018120/img_08.jpg, images/chapéus em tecido/bob-2018120/img_09.jpg"
simple,,BUCKET HAT REVERSIVEL,0,BUCKET,,19.9,,['Etiqueta:  reversível'],
simple,"Boné – 12614
Boné – 15112",BONÉS CUBANOS,0,"BONÉS · https://hologrammeparis.com/product/casquette-15165/


",,0.0,,"['2*Azul', '2*Mostarda', '2*Vermelho', '2*Cáqui', '4*Preto', '3*Camelo', '3*Cinza', '4*Marinha', '2*Verde', '3 * cinza escuro', '3 * bege', '2 * cáqui', '2 * preto', '2 * verde maçã', '2 * laranja', '2 * marrom 2 * azul', '2 * verde abeto', '2 * vermelho', '2 * Cinza claro']","images/bonés/bone-12614-bone-15112/img_01.jpg, images/bonés/bone-12614-bone-15112/img_02.jpg, images/bonés/bone-12614-bone-15112/img_03.jpg, images/bonés/bone-12614-bone-15112/img_04.jpg, images/bonés/bone-12614-bone-15112/img_05.jpg, images/bonés/bone-12614-bone-15112/img_06.jpg, images/bonés/bone-12614-bone-15112/img_07.jpg, images/bonés/bone-12614-bone-15112/img_08.jpg, images/bonés/bone-12614-bone-15112/img_09.jpg"
simple,Boné – 12694,BONÉS CUBANOS,0,"BONÉS · Pacote de 24 peças variadas:
3 * preto, 3 * marinho, 2 * vermelho, 2 * laranja, 2 * azul, 2 * mostarda, 2 * cáqui, 2 * cinza, 2 * bege, 2 * camelo, 1 * rosa, 1 * cinza escuro",,0.0,,['BONÉS CUBANOS'],"images/bonés/bone-12694/img_01.jpg, images/bonés/bone-12694/img_02.jpg, images/bonés/bone-12694/img_03.jpg, images/bonés/bone-12694/img_04.jpg, images/bonés/bone-12694/img_05.jpg, images/bonés/bone-12694/img_06.jpg, images/bonés/bone-12694/img_07.jpg, images/bonés/bone-12694/img_08.jpg, images/bonés/bone-12694/img_09.jpg"
simple,Boné – 12849,BONÉS CUBANOS,0,"BONÉS · Pacote de 24 peças variadas:
3 * preto, 3 * cinza claro, 3 * marinho, 4 * bege, 2 * verde, 2 * vermelho, 2 * amarelo, 2 * cinza escuro, 2 * branco, 1 * mostarda",,0.0,,['BONÉS CUBANOS'],"images/bonés/bone-12849/img_01.jpg, images/bonés/bone-12849/img_02.jpg, images/bonés/bone-12849/img_03.jpg, images/bonés/bone-12849/img_04.jpg, images/bonés/bone-12849/img_05.jpg, images/bonés/bone-12849/img_06.jpg, images/bonés/bone-12849/img_07.jpg, images/bonés/bone-12849/img_08.jpg, images/bonés/bone-12849/img_09.jpg"
simple,Boné – 15165,BONÉS CUBANOS,0,"BONÉS · Pacote de 24 peças variadas:
4 * preto, 3 * bege, 3 * marinho, 2 * cinza claro, 2 * cinza escuro, 2 * camelo, 2 * cáqui, 2 * laranja, 2 * mostarda, 2 * branco",,0.0,,['BONÉS CUBANOS'],"images/bonés/bone-15165/img_01.jpg, images/bonés/bone-15165/img_02.jpg, images/bonés/bone-15165/img_03.jpg, images/bonés/bone-15165/img_04.jpg, images/bonés/bone-15165/img_05.jpg, images/bonés/bone-15165/img_06.jpg, images/bonés/bone-15165/img_07.jpg, images/bonés/bone-15165/img_08.jpg, images/bonés/bone-15165/img_09.jpg"
simple,Boné – 15116,BONÉS CUBANOS,0,"BONÉS · Pacote de 24 peças sortidas:
2 de cada cor",,0.0,,['BONÉS CUBANOS'],"images/bonés/bone-15116/img_01.jpg, images/bonés/bone-15116/img_02.jpg, images/bonés/bone-15116/img_03.jpg, images/bonés/bone-15116/img_04.jpg, images/bonés/bone-15116/img_05.jpg, images/bonés/bone-15116/img_06.jpg, images/bonés/bone-15116/img_07.jpg, images/bonés/bone-15116/img_08.jpg, images/bonés/bone-15116/img_09.jpg"
simple,Boné Veludo – 22138 (ou 2019110),BONÉS TRUCKER,0,BONÉS · https://hologrammeparis.com/product/casquette-2019110/?attribute_pa_couleur=noir,,0.0,,['BONÉS TRUCKER'],"images/bonés/bone-veludo-22138-ou-2019110/img_01.jpg, images/bonés/bone-veludo-22138-ou-2019110/img_02.jpg, images/bonés/bone-veludo-22138-ou-2019110/img_03.jpg, images/bonés/bone-veludo-22138-ou-2019110/img_04.jpg, images/bonés/bone-veludo-22138-ou-2019110/img_05.jpg, images/bonés/bone-veludo-22138-ou-2019110/img_06.jpg, images/bonés/bone-veludo-22138-ou-2019110/img_07.jpg, images/bonés/bone-veludo-22138-ou-2019110/img_08.jpg, images/bonés/bone-veludo-22138-ou-2019110/img_09.jpg"
simple,Boné – 22134,BONÉS TRUCKER,0,"BONÉS · Pacote de 12 peças variadas:
2*Marinho, 2*Preto, 2*Cinza, 1*Camelo, 1*Bordéus, 1*Vermelho, 1*Cáqui, 1*Azul celeste, 1*Mostarda",,0.0,,['BONÉS TRUCKER'],"images/bonés/bone-22134/img_01.jpg, images/bonés/bone-22134/img_02.jpg, images/bonés/bone-22134/img_03.jpg, images/bonés/bone-22134/img_04.jpg, images/bonés/bone-22134/img_05.jpg, images/bonés/bone-22134/img_06.jpg, images/bonés/bone-22134/img_07.jpg, images/bonés/bone-22134/img_08.jpg, images/bonés/bone-22134/img_09.jpg"
simple,Boné – 15263,BONÉS TRUCKER,1,BONÉS · https://hologrammeparis.com/fr/product/casquette-15263/,,12.9,,['BONÉS TRUCKER'],"images/bonés/bone-15263/img_01.jpg, images/bonés/bone-15263/img_02.jpg, images/bonés/bone-15263/img_03.jpg, images/bonés/bone-15263/img_04.jpg, images/bonés/bone-15263/img_05.jpg, images/bonés/bone-15263/img_06.jpg, images/bonés/bone-15263/img_07.jpg, images/bonés/bone-15263/img_08.jpg, images/bonés/bone-15263/img_09.jpg"
simple,,CHAPÉU COWBOY,0,CHAPÉU,,1.0,,['CHAPÉU COWBOY'],
simple,Boné – 15125,CHAPÉU COWBOY,0,"CHAPÉU · Pacote de 24 peças variadas:
Azul, Rosa, Preto, Verde, Marinho, Cinza",,0.0,,['CHAPÉU COWBOY'],"images/cowboy/bone-15125/img_01.jpg, images/cowboy/bone-15125/img_02.jpg, images/cowboy/bone-15125/img_03.jpg, images/cowboy/bone-15125/img_04.jpg, images/cowboy/bone-15125/img_05.jpg, images/cowboy/bone-15125/img_06.jpg, images/cowboy/bone-15125/img_07.jpg, images/cowboy/bone-15125/img_08.jpg, images/cowboy/bone-15125/img_09.jpg"
simple,Boné – 15114,,0,"Pacote de 24 peças variadas:
2*Cinza Claro, 3*Bege, 1*Laranja, 4*Azul, 2*Vermelho, 1*Verde Abeto, 2*Bordéus, 2*Cáqui, 3*Cinza Escuro, 4*Preto",,0.0,,,"images/cowboy/bone-15114/img_01.jpg, images/cowboy/bone-15114/img_02.jpg, images/cowboy/bone-15114/img_03.jpg, images/cowboy/bone-15114/img_04.jpg, images/cowboy/bone-15114/img_05.jpg, images/cowboy/bone-15114/img_06.jpg, images/cowboy/bone-15114/img_07.jpg, images/cowboy/bone-15114/img_08.jpg, images/cowboy/bone-15114/img_09.jpg"
simple,"Gorro – Miki 12601
Gorro – 640182503",,0,"COR        
Bege , Bege Escuro , Branco , Azul Claro , Borgonha , Cru , Cinza , Jean Claro , Jean Escuro , Jean Preto , Cáqui , Marinho , Marrom Claro , Mostarda , Preto , Vermelho , Ferrugem , Verde , Verde Escuro, ",,0.0,,,"images/cowboy/gorro-miki-12601-gorro-640182503/img_01.jpg, images/cowboy/gorro-miki-12601-gorro-640182503/img_02.jpg, images/cowboy/gorro-miki-12601-gorro-640182503/img_03.jpg, images/cowboy/gorro-miki-12601-gorro-640182503/img_04.jpg, images/cowboy/gorro-miki-12601-gorro-640182503/img_05.jpg, images/cowboy/gorro-miki-12601-gorro-640182503/img_06.jpg, images/cowboy/gorro-miki-12601-gorro-640182503/img_07.jpg, images/cowboy/gorro-miki-12601-gorro-640182503/img_08.jpg, images/cowboy/gorro-miki-12601-gorro-640182503/img_09.jpg"
simple,Algodão 4974,,0,"COR 
Bege , Cru , Cáqui , Marinho , Preto , Listra Marinha , Listra Taupe , Vermelho",,0.0,,,"images/cowboy/algodao-4974/img_01.jpg, images/cowboy/algodao-4974/img_02.jpg, images/cowboy/algodao-4974/img_03.jpg, images/cowboy/algodao-4974/img_04.jpg, images/cowboy/algodao-4974/img_05.jpg, images/cowboy/algodao-4974/img_06.jpg, images/cowboy/algodao-4974/img_07.jpg"
simple,Boné – 18110EC,,0,https://hologrammeparis.com/product/casquette-18110ec/,,0.0,,,"images/cowboy/bone-18110ec/img_01.jpg, images/cowboy/bone-18110ec/img_02.jpg, images/cowboy/bone-18110ec/img_03.jpg, images/cowboy/bone-18110ec/img_04.jpg, images/cowboy/bone-18110ec/img_05.jpg, images/cowboy/bone-18110ec/img_06.jpg"
