Coleção,Tipo,Total
ARTIGOS EM PELE,BOINA SEXTAVADA PELE,1
ARTIGOS EM PELE,CARTEIRAS,1
ARTIGOS EM PELE,CHAPEU AUSTRALIANO,1
ARTIGOS EM PELE,LUVAS FEMININAS,1
ARTIGOS EM PELE,LUVAS MASCULINAS,1
BOINAS INVERNO,BOINA BICO DE PATO AJUSTÁVEL,1
BOINAS INVERNO,BOINA HARRIS TWEED PATCHWORK,1
BOINAS INVERNO,BOINA HARRIS TWEED QUADRADOS,1
BOINAS INVERNO,BOINA MISTURA DE LÃ QUADRADOS,1
BOINAS INVERNO,BOINA OITAVA HARRIS TWEED,1
BOINAS INVERNO,BOINA OITAVA INVERNO,1
BOINAS INVERNO,BOINA OITAVA XADREZ,1
BOINAS INVERNO,BOINA OITAVADA HARRINGBONE,2
BOINAS INVERNO,BOINA OITAVADA PURE WOOL,1
BOINAS INVERNO,BOINA OITAVADA PURE WOOL XADREZ,1
BOINAS INVERNO,BOINA PIEMONTE BOMBAZINE,1
BOINAS INVERNO,BOINA PIEMONTE CASHMERE,1
BOINAS INVERNO,BOINA PIEMONTE HARRINGBONE,1
BOINAS INVERNO,BOINA PIEMONTE MIX WOOL,1
BOINAS INVERNO,BOINA PURE WOOL QUADRADOS,1
BOINAS INVERNO,BOINA SEXTAVADA COM BOMBAZINE,1
BOINAS INVERNO,BOINA SEXTAVADA PIERRE CARDIN,1
BOINAS INVERNO,BOINA SEXTAVADA PURE WOOL,1
BOINAS INVERNO,CHAPÉUS MIKI / MARINHEIRO,2
BOINAS VERÃO,BOINA OITAVADA LINHO,1
BOINAS VERÃO,BOINA PIEMONTE ALGODÃO,1
BOINAS VERÃO,BOINA PIEMONTE LINHO E ALGODÃO,1
BOINAS VERÃO,BOINA SEXTAVADA ALGODÃO,1
BOINAS VERÃO,BOINA SEXTAVADA CORES NA PALA,1
BOINAS VERÃO,"Tag: Fabricado na Itália, Linho",1
BOINAS VERÃO,"Tag: Verão , Fabricado na Itália",1
BOINAS VERÃO,"Étiquette : verão, Fabriqué en Italie, Linho, algodão",1
BONÉS,BONÉS CUBANOS,5
BONÉS,BONÉS TRUCKER,4
CERIMÓNIA,BOINA CLÁSSICA / BERET,1
CERIMÓNIA,BONÉS DE INVERNO PARA MULHERES,3
CERIMÓNIA,BONÉS DE VERÃO PARA MULHERES,3
CERIMÓNIA,CASQUETE,1
CERIMÓNIA,CHAPÉU CERIMÓNIA FLORES,1
CERIMÓNIA,CHAPÉU CERIMÓNIA PERÓLAS,1
CERIMÓNIA,CHAPÉUS DE PALHA FEMININOS,5
CHAPÉUS EM TECIDO,BUCKET HAT REVERSIVEL,1
CHAPÉUS EM TECIDO,BUCKT HAT ALGODÃO,1
CHAPÉUS EM TECIDO,CHAPÉU SAFARI,1
CHAPÉUS LÃ,CHAPEU FEDORA,1
CHAPÉUS LÃ,CHAPEU FEDORA INDIANA,1
CHAPÉUS LÃ,CHAPÉU DE LÃ TRILBY,1
CHAPÉUS LÃ,CHAPÉUS DE LÃ IMPERMEÁVEL,1
CHAPÉUS LÃ,CHAPÉUS DE LÃ ITALIANA,1
CORTIÇA,BASEBALL CAP,1
CORTIÇA,BOINA COM REDE,1
CORTIÇA,BOINA CORTIÇA,1
CORTIÇA,CHAPEU COWBOY EM CORTIÇA,1
CORTIÇA,CHAPÉU DE COWBOY EM CORTIÇA COM REDE,2
CORTIÇA,CHAPÉU TIROLÊS EM CORTIÇA,1
CORTIÇA,PANAMA EM CORTIÇA,1
COWBOY,CHAPÉU COWBOY,3
COWBOY,algodao-4974,1
COWBOY,bone-15114,1
COWBOY,bone-18110ec,1
COWBOY,gorro-miki-12601-gorro-640182503,1
COWBOY,hologramme,1
DIVERSOS,CHAPEU COLONIAL,1
FEMININO,BOINA CLÁSSICA / BERET,1
FEMININO,BOINA COM PALA ALGODÃO,1
FEMININO,BOINA COM PALA INVERNO,2
FEMININO,BOINA COM PALA PIED POULE,1
FEMININO,BONÉS DE INVERNO PARA MULHERES,3
FEMININO,BONÉS DE VERÃO PARA MULHERES,2
FEMININO,CHAPEU CLOCHE,1
FEMININO,CHAPÉU LÃ HARMONICO,1
FEMININO,CHAPÉUS DE PALHA FEMININOS,5
GORROS,Bonnet – Pierre Cardin,1
GORROS,CHAPÉU CHAPKA,1
GORROS,CHAPÉU CHAPKA IMPERMEÁVEL,1
GORROS,GORRO USHANKA,1
PALHA,CHAPÉU DE PALHA NATURAL,1
PANAMÁ,CHAPEU PANAMÁ,1
PANAMÁ,CHAPEU PANAMÁ ABA CURTA,1
PANAMÁ,CHAPEU PANAMÁ AJUSTÁVEL,1
PROTEÇÃO SOLAR,BOINA UV,1
PROTEÇÃO SOLAR,CHAPÉU UV,1
VISEIRAS,VISEIRA  FEMININA,1
À PROVA D´ÁGUA,CHAPEU DOBRAVEL,2
À PROVA D´ÁGUA,CHAPÉUS ALGODÃO ENCERADO,1
