Sheet,SKU,Nome,Preço,Descrição curta,Descrição longa,Tags,Cor,Tamanho,Composição,Pack,URL fornecedor,URLs extra,Imagens,Prioridade,Destaque homepage?,Notas internas
BOINAS INVERNO,Boné – 22182,BOINA BICO DE PATO AJUSTÁVEL,27.5,Tamanho ajustável,"Paquet de 12 pcs assorties: 4*Noir, 3*Marron, 2*Beige, 1*Kaki, 1*Gris, 1*Camel","Inverno, Tamanho ajustável",Sortido,Tamanho único ajustável,100% Poliéster,Pacote 12,https://hologrammeparis.com/product/casquette-22224/,,"images/boinas inverno/bone-22182/img_01.jpg, images/boinas inverno/bone-22182/img_02.jpg, images/boinas inverno/bone-22182/img_03.jpg, images/boinas inverno/bone-22182/img_04.jpg, images/boinas inverno/bone-22182/img_05.jpg, images/boinas inverno/bone-22182/img_06.jpg, images/boinas inverno/bone-22182/img_07.jpg, images/boinas inverno/bone-22182/img_08.jpg, images/boinas inverno/bone-22182/img_09.jpg",,,
BOINAS INVERNO,Boné – 25025,BOINA OITAVA INVERNO,29.9,,"Paquet de 12 pcs assorties: 4*Noir, 2*Bordeaux, 2*Gris Clair, 1*Gris Fonce, 1*Marine, 1*Marron, 1*Kaki","Inverno, boina oitavada",Sortido,"57 , 59","67,3% Poliéster – 32,7% Rayon",Pacote 12,https://hologrammeparis.com/product/casquette-25025/,,"images/boinas inverno/bone-25025/img_01.jpg, images/boinas inverno/bone-25025/img_02.jpg, images/boinas inverno/bone-25025/img_03.jpg, images/boinas inverno/bone-25025/img_04.jpg, images/boinas inverno/bone-25025/img_05.jpg, images/boinas inverno/bone-25025/img_06.jpg, images/boinas inverno/bone-25025/img_07.jpg, images/boinas inverno/bone-25025/img_08.jpg, images/boinas inverno/bone-25025/img_09.jpg",,,
BOINAS INVERNO,Boné – 22195,BOINA OITAVA XADREZ,29.9,,"Paquet de 12 pcs assorties: 4*Blanc, 3*Rouille, 3*Taupe, 2*Moutarde","boina oitavada, Inverno, Mistura de lã",Sortido,"57 , 59",70% Poliéster – 15% Algodão – 15% Lã,Pacote 12,https://hologrammeparis.com/product/casquette-22195/,,"images/boinas inverno/bone-22195/img_01.jpg, images/boinas inverno/bone-22195/img_02.jpg, images/boinas inverno/bone-22195/img_03.jpg, images/boinas inverno/bone-22195/img_04.jpg, images/boinas inverno/bone-22195/img_05.jpg, images/boinas inverno/bone-22195/img_06.jpg, images/boinas inverno/bone-22195/img_07.jpg",,,
BOINAS INVERNO,Boné – 25023,BOINA OITAVADA HARRINGBONE,29.9,,"Paquet de 12 pcs assorties: 5*Noir, 3*Beige, 3*Gris, 1*Marron","boina oitavada, Inverno, Mistura de lã",Sortido,"57 , 59","51,5% Poliéster – 25,4% Acrílico – 6,2% Rayon – 13,5% Algodão – 3,4% Lã",Pacote 12,https://hologrammeparis.com/product/casquette-25023/,,"images/boinas inverno/bone-25023/img_01.jpg, images/boinas inverno/bone-25023/img_02.jpg, images/boinas inverno/bone-25023/img_03.jpg, images/boinas inverno/bone-25023/img_04.jpg, images/boinas inverno/bone-25023/img_05.jpg, images/boinas inverno/bone-25023/img_06.jpg, images/boinas inverno/bone-25023/img_07.jpg",,,
BOINAS INVERNO,Boné – 18456G,BOINA PIEMONTE HARRINGBONE,45.0,Lã Pura,Découvrez notre Casquette - 18456MI au prix de grossiste pour votre boutique sur Hologramme Paris.,"Fabricado na Itália, Inverno, Lã Pura","Marinho, Cinza, Castanho, Verde","55 , 56 , 57 , 58 , 59 , 60 , 61",100% Lã,Unitário,https://hologrammeparis.com/product/casquette-18456mi/,"https://hologrammeparis.com/product/casquette-18456g/
https://hologrammeparis.com/product/casquette-18456ma/
https://hologrammeparis.com/product/casquette-18456v/","images/boinas inverno/bone-18456g/img_01.jpg, images/boinas inverno/bone-18456g/img_02.jpg, images/boinas inverno/bone-18456g/img_03.jpg, images/boinas inverno/bone-18456g/img_04.jpg, images/boinas inverno/bone-18456g/img_05.jpg, images/boinas inverno/bone-18456g/img_06.jpg, images/boinas inverno/bone-18456g/img_07.jpg, images/boinas inverno/bone-18456g/img_08.jpg, images/boinas inverno/bone-18456g/img_09.jpg, images/boinas inverno/bone-18456g/img_10.jpg, images/boinas inverno/bone-18456g/img_11.jpg, images/boinas inverno/bone-18456g/img_12.jpg, images/boinas inverno/bone-18456g/img_13.jpg, images/boinas inverno/bone-18456g/img_14.jpg, images/boinas inverno/bone-18456g/img_15.jpg, images/boinas inverno/bone-18456g/img_16.jpg",,,
BOINAS INVERNO,Boné – 18439OL,BOINA PURE WOOL QUADRADOS,45.0,Lã Pura,Découvrez notre Casquette - 18439OL au prix de grossiste pour votre boutique sur Hologramme Paris.,"Fabricado na Itália, Inverno, Lã Pura",Oliva,"55 , 56 , 57 , 58 , 59 , 60 , 61",100% Lã,Unitário,https://hologrammeparis.com/product/casquette-18439ol/,,"images/boinas inverno/bone-18439ol/img_01.jpg, images/boinas inverno/bone-18439ol/img_02.jpg, images/boinas inverno/bone-18439ol/img_03.jpg, images/boinas inverno/bone-18439ol/img_04.jpg",,,
BOINAS INVERNO,"Boné – 18438MC
18502MI",BOINA OITAVA HARRIS TWEED,85.0,Harris Tweed 100% lã virgem,,"Fabricado na Itália, Harris Tweed, Inverno, Lã Pura",Multicolorido,"55 , 56 , 57 , 58 , 59 , 60 , 61",100% Lã,Unitário,https://hologrammeparis.com/product/casquette-18438mc/,https://hologrammeparis.com/product/casquette-18502mi/,"images/boinas inverno/bone-18438mc-18502mi/img_01.jpg, images/boinas inverno/bone-18438mc-18502mi/img_02.jpg, images/boinas inverno/bone-18438mc-18502mi/img_03.jpg, images/boinas inverno/bone-18438mc-18502mi/img_04.jpg",,,
BOINAS INVERNO,"Boné – 18106MI
Boné – 18106K
Boné – 18106G
18106MA",BOINA PIEMONTE BOMBAZINE,27.5,,Découvrez notre Casquette - 18106MI au prix de grossiste pour votre boutique sur Hologramme Paris.,"Rótulo: Fabricado na Itália, bombazine","Azul , Bege, Castanho, Cinza, Preto, Verde","55 , 56 , 57 , 58 , 59 , 60 , 61",100% algodão (BOMBAZINE),Unitário,https://hologrammeparis.com/product/casquette-18106e/,"https://hologrammeparis.com/product/casquette-18106k/
https://hologrammeparis.com/product/casquette-18106c/
https://hologrammeparis.com/product/casquette-18106b/",images/boinas inverno/bone-18106mi-bone-18106k-bone-18106g-18106ma/img_01.jpg,,,
BOINAS INVERNO,Boné – 18153K,BOINA MISTURA DE LÃ QUADRADOS,35.0,,Découvrez notre Casquette - 18153K au prix de grossiste pour votre boutique sur Hologramme Paris.,Rótulo: Fabricado na Itália,Cáqui,"55 , 56 , 57 , 58 , 59 , 60 , 61",16% Poliéster – 25% Acrílico – 59% Lã,Unitário,https://hologrammeparis.com/product/casquette-18153k/,,"images/boinas inverno/bone-18153k/img_01.jpg, images/boinas inverno/bone-18153k/img_02.jpg, images/boinas inverno/bone-18153k/img_03.jpg, images/boinas inverno/bone-18153k/img_04.jpg",,,
BOINAS INVERNO,"Boné – 18445MI
Boné – 18445K
Boné – 18445N
Boné – 18445GR
Boné – 18445CA",BOINA PIEMONTE CASHMERE,29.9,WOOL & CASHEMERE,Découvrez notre Casquette - 18445MI au prix de grossiste pour votre boutique sur Hologramme Paris.,"Fabricado na Itália, Inverno, cashmere","Marinho, Cáqui, Preto, Cinza, Camel","55 , 56 , 57 , 58 , 59 , 60 , 61",70% Lã – 20% Poliamida – 10% Caxemira,Unitário,https://hologrammeparis.com/product/casquette-18445mi/,"https://hologrammeparis.com/product/casquette-18445k/
https://hologrammeparis.com/product/casquette-18445n/
https://hologrammeparis.com/product/casquette-18445gr/
https://hologrammeparis.com/product/casquette-18445ca/","images/boinas inverno/bone-18445mi-bone-18445k-bone-18445n-bone-18445gr-bone-18445ca/img_01.jpg, images/boinas inverno/bone-18445mi-bone-18445k-bone-18445n-bone-18445gr-bone-18445ca/img_02.jpg, images/boinas inverno/bone-18445mi-bone-18445k-bone-18445n-bone-18445gr-bone-18445ca/img_03.jpg, images/boinas inverno/bone-18445mi-bone-18445k-bone-18445n-bone-18445gr-bone-18445ca/img_04.jpg, images/boinas inverno/bone-18445mi-bone-18445k-bone-18445n-bone-18445gr-bone-18445ca/img_05.jpg, images/boinas inverno/bone-18445mi-bone-18445k-bone-18445n-bone-18445gr-bone-18445ca/img_06.jpg, images/boinas inverno/bone-18445mi-bone-18445k-bone-18445n-bone-18445gr-bone-18445ca/img_07.jpg, images/boinas inverno/bone-18445mi-bone-18445k-bone-18445n-bone-18445gr-bone-18445ca/img_08.jpg, images/boinas inverno/bone-18445mi-bone-18445k-bone-18445n-bone-18445gr-bone-18445ca/img_09.jpg, images/boinas inverno/bone-18445mi-bone-18445k-bone-18445n-bone-18445gr-bone-18445ca/img_10.jpg, images/boinas inverno/bone-18445mi-bone-18445k-bone-18445n-bone-18445gr-bone-18445ca/img_11.jpg, images/boinas inverno/bone-18445mi-bone-18445k-bone-18445n-bone-18445gr-bone-18445ca/img_12.jpg, images/boinas inverno/bone-18445mi-bone-18445k-bone-18445n-bone-18445gr-bone-18445ca/img_13.jpg, images/boinas inverno/bone-18445mi-bone-18445k-bone-18445n-bone-18445gr-bone-18445ca/img_14.jpg, images/boinas inverno/bone-18445mi-bone-18445k-bone-18445n-bone-18445gr-bone-18445ca/img_15.jpg, images/boinas inverno/bone-18445mi-bone-18445k-bone-18445n-bone-18445gr-bone-18445ca/img_16.jpg, images/boinas inverno/bone-18445mi-bone-18445k-bone-18445n-bone-18445gr-bone-18445ca/img_17.jpg, images/boinas inverno/bone-18445mi-bone-18445k-bone-18445n-bone-18445gr-bone-18445ca/img_18.jpg, images/boinas inverno/bone-18445mi-bone-18445k-bone-18445n-bone-18445gr-bone-18445ca/img_19.jpg, images/boinas inverno/bone-18445mi-bone-18445k-bone-18445n-bone-18445gr-bone-18445ca/img_20.jpg",,,
BOINAS INVERNO,Boné – 18440OL,BOINA OITAVADA PURE WOOL XADREZ,45.0,,Découvrez notre Casquette - 18440OL au prix de grossiste pour votre boutique sur Hologramme Paris.,"Fabricado na Itália, Inverno, Lã Pura",Oliva,"55 , 56 , 57 , 58 , 59 , 60 , 61",100% Lã,Unitário,https://hologrammeparis.com/product/casquette-18440ol/,,"images/boinas inverno/bone-18440ol/img_01.jpg, images/boinas inverno/bone-18440ol/img_02.jpg, images/boinas inverno/bone-18440ol/img_03.jpg, images/boinas inverno/bone-18440ol/img_04.jpg",,,
BOINAS INVERNO,"Gorro – Miki 22100

gorro de lã estilo bretão “Miki Docker” com aba de aperto traseira",CHAPÉUS MIKI / MARINHEIRO,24.9,,Notre version Hologramme Paris du « Miki Docker » Bonnet style breton en laine avec patte de serrage arrière Sobre et sans logo apparent,CHAPÉUS MIKI / MARINHEIRO,"Azul celeste , camelo claro , camelo escuro , cinza escuro , cáqui , marinho , marrom , mostarda , preto , vermelho , verde",,49% Viscose – 51% Lã,Unitário,https://hologrammeparis.com/product/bonnet-22100/,,images/boinas inverno/gorro-miki-22100-gorro-de-la-estilo-bretao-miki-docker-com-aba-de-aperto-traseira/img_01.jpg,,,
BOINAS INVERNO,"Gorro – 344974

gorro de lã estilo bretão “Miki Docker” com aba de aperto traseira",CHAPÉUS MIKI / MARINHEIRO,24.9,,Découvrez notre Bonnet - 4974 Laine au prix de grossiste pour votre boutique sur Hologramme Paris.,Etiqueta: Fabricado em Portugal,"Borgonha , Camelo Claro , Camelo Escuro , Cinza Claro , Cinza Escuro , Cáqui , Marinho , Marrom , Marrom Escuro , Mostarda , Preto , Vermelho , Roxo",,20% Poliamida – 80% Lã Merino,Unitário,https://hologrammeparis.com/product/bonnet-344974/?attribute_pa_couleur=gris-fonce,,images/boinas inverno/gorro-344974-gorro-de-la-estilo-bretao-miki-docker-com-aba-de-aperto-traseira/img_01.jpg,,,
BOINAS INVERNO,"Boné – 18508MI
18452",BOINA SEXTAVADA PURE WOOL,55.0,,Découvrez notre Casquette - 18508MI au prix de grossiste pour votre boutique sur Hologramme Paris.,"Fabricado na Itália, Inverno, Lã Pura","Marinha, Caqui, Marrom","55 , 56 , 57 , 58 , 59 , 60 , 61",100% Lã,Unitário,https://hologrammeparis.com/product/casquette-18508mi/,"https://hologrammeparis.com/product/casquette-18508k/
https://hologrammeparis.com/fr/product/casquette-18452mi/
https://hologrammeparis.com/fr/product/casquette-18452ma/","images/boinas inverno/bone-18508mi-18452/img_01.jpg, images/boinas inverno/bone-18508mi-18452/img_02.jpg, images/boinas inverno/bone-18508mi-18452/img_03.jpg, images/boinas inverno/bone-18508mi-18452/img_04.jpg, images/boinas inverno/bone-18508mi-18452/img_05.jpg, images/boinas inverno/bone-18508mi-18452/img_06.jpg, images/boinas inverno/bone-18508mi-18452/img_07.jpg, images/boinas inverno/bone-18508mi-18452/img_08.jpg, images/boinas inverno/bone-18508mi-18452/img_09.jpg, images/boinas inverno/bone-18508mi-18452/img_10.jpg, images/boinas inverno/bone-18508mi-18452/img_11.jpg, images/boinas inverno/bone-18508mi-18452/img_12.jpg, images/boinas inverno/bone-18508mi-18452/img_13.jpg, images/boinas inverno/bone-18508mi-18452/img_14.jpg, images/boinas inverno/bone-18508mi-18452/img_15.jpg, images/boinas inverno/bone-18508mi-18452/img_16.jpg",,,
BOINAS INVERNO,Boné – 18500MI,BOINA HARRIS TWEED QUADRADOS,85.0,Harris Tweed 100% lã virgem,Harris Tweed 100% Laine vierge,"Fabricado na Itália, Harris Tweed, Inverno, Lã Pura",Marinho,"55 , 56 , 57 , 58 , 59 , 60 , 61",100% Lã,Unitário,https://hologrammeparis.com/product/casquette-18500mi/,,"images/boinas inverno/bone-18500mi/img_01.jpg, images/boinas inverno/bone-18500mi/img_02.jpg, images/boinas inverno/bone-18500mi/img_03.jpg, images/boinas inverno/bone-18500mi/img_04.jpg",,,
BOINAS INVERNO,Boné – 18501MI,BOINA HARRIS TWEED PATCHWORK,85.0,Harris Tweed 100% lã virgem,Harris Tweed 100% Laine vierge,"Fabricado na Itália, Harris Tweed, Inverno, Lã Pura",Marinho,"55 , 56 , 57 , 58 , 59 , 60 , 61",100% Lã,Unitário,https://hologrammeparis.com/product/casquette-18501mi/,,"images/boinas inverno/bone-18501mi/img_01.jpg, images/boinas inverno/bone-18501mi/img_02.jpg, images/boinas inverno/bone-18501mi/img_03.jpg, images/boinas inverno/bone-18501mi/img_04.jpg",,,
BOINAS INVERNO,"Boné – 18074
Boné – 18074K
Boné – 18074GC",BOINA PIEMONTE MIX WOOL,29.9,,Découvrez notre Casquette - 18074BL au prix de grossiste pour votre boutique sur Hologramme Paris.,"Fabricado na Itália, Inverno","Azul, Verde, Cinza","55 , 56 , 57 , 58 , 59 , 60 , 61",35% Lã – 25% Poliéster – 20% Acrílico – 10% Algodão – 10% Poliamida,Unitário,https://hologrammeparis.com/product/casquette-18074bl/,"https://hologrammeparis.com/product/casquette-18074v/
https://hologrammeparis.com/product/casquette-18074gc/","images/boinas inverno/bone-18074-bone-18074k-bone-18074gc/img_01.jpg, images/boinas inverno/bone-18074-bone-18074k-bone-18074gc/img_02.jpg, images/boinas inverno/bone-18074-bone-18074k-bone-18074gc/img_03.jpg, images/boinas inverno/bone-18074-bone-18074k-bone-18074gc/img_04.jpg, images/boinas inverno/bone-18074-bone-18074k-bone-18074gc/img_05.jpg, images/boinas inverno/bone-18074-bone-18074k-bone-18074gc/img_06.jpg, images/boinas inverno/bone-18074-bone-18074k-bone-18074gc/img_07.jpg, images/boinas inverno/bone-18074-bone-18074k-bone-18074gc/img_08.jpg, images/boinas inverno/bone-18074-bone-18074k-bone-18074gc/img_09.jpg, images/boinas inverno/bone-18074-bone-18074k-bone-18074gc/img_12.jpg, images/boinas inverno/bone-18074-bone-18074k-bone-18074gc/img_13.jpg, images/boinas inverno/bone-18074-bone-18074k-bone-18074gc/img_14.jpg, images/boinas inverno/bone-18074-bone-18074k-bone-18074gc/img_15.jpg",,,
BOINAS INVERNO,"Boné – 18279K
Boné – 18279MA
Boné – 18279MI
Boné – 18279BG
Boné – 18279G",BOINA SEXTAVADA COM BOMBAZINE,45.0,,Découvrez notre Casquette - 18279K au prix de grossiste pour votre boutique sur Hologramme Paris.,"Fabricado na Itália, Inverno","Azul, Preto, Bege, Marrom, Cinza, Verde","55 , 56 , 57 , 58 , 59 , 60 , 61","61% Poliéster – 31% Viscose – 8% Elastano , Forro: Poliéster",Unitário,https://hologrammeparis.com/product/casquette-18279k/,"https://hologrammeparis.com/product/casquette-18279mi/
https://hologrammeparis.com/product/casquette-18279ma/
https://hologrammeparis.com/product/casquette-18279bg/","images/boinas inverno/bone-18279k-bone-18279ma-bone-18279mi-bone-18279bg-bone-18279g/img_01.jpg, images/boinas inverno/bone-18279k-bone-18279ma-bone-18279mi-bone-18279bg-bone-18279g/img_02.jpg, images/boinas inverno/bone-18279k-bone-18279ma-bone-18279mi-bone-18279bg-bone-18279g/img_03.jpg, images/boinas inverno/bone-18279k-bone-18279ma-bone-18279mi-bone-18279bg-bone-18279g/img_04.jpg, images/boinas inverno/bone-18279k-bone-18279ma-bone-18279mi-bone-18279bg-bone-18279g/img_05.jpg, images/boinas inverno/bone-18279k-bone-18279ma-bone-18279mi-bone-18279bg-bone-18279g/img_06.jpg, images/boinas inverno/bone-18279k-bone-18279ma-bone-18279mi-bone-18279bg-bone-18279g/img_07.jpg, images/boinas inverno/bone-18279k-bone-18279ma-bone-18279mi-bone-18279bg-bone-18279g/img_08.jpg, images/boinas inverno/bone-18279k-bone-18279ma-bone-18279mi-bone-18279bg-bone-18279g/img_09.jpg, images/boinas inverno/bone-18279k-bone-18279ma-bone-18279mi-bone-18279bg-bone-18279g/img_10.jpg, images/boinas inverno/bone-18279k-bone-18279ma-bone-18279mi-bone-18279bg-bone-18279g/img_11.jpg, images/boinas inverno/bone-18279k-bone-18279ma-bone-18279mi-bone-18279bg-bone-18279g/img_12.jpg",,,
BOINAS INVERNO,Boné – 22174,BOINA OITAVADA HARRINGBONE,29.9,,,"boina oitavada, Inverno, Mistura de lã",Preto,"57 , 59",50% Laine – 50% Polyester,Pacote 12,https://hologrammeparis.com/product/casquette-22174/,,,,,
BOINAS INVERNO,18220MI ,BOINA OITAVADA PURE WOOL,45.0,,100% Pure Laine Shetland,"Fabricado na Itália, Inverno, Lã Pura",Marinha,"55 , 56 , 57 , 58 , 59 , 60 , 61",100% Lã,Unitário,https://hologrammeparis.com/product/casquette-18220mi-new/,,"images/boinas inverno/18220mi/img_01.jpg, images/boinas inverno/18220mi/img_02.jpg, images/boinas inverno/18220mi/img_03.jpg, images/boinas inverno/18220mi/img_04.jpg",,,
BOINAS INVERNO,HOLOGRAMME,BOINA SEXTAVADA PIERRE CARDIN,65.0,,Découvrez notre Casquette - Pierre Cardin Noir au prix de grossiste pour votre boutique sur Hologramme Paris.,"Fabricado na Itália, Inverno, pierre cardin",,,,,https://hologrammeparis.com/fr/product/casquette-pierre-cardin-noir/,,"images/boinas inverno/hologramme/img_01.jpg, images/boinas inverno/hologramme/img_02.jpg, images/boinas inverno/hologramme/img_03.jpg, images/boinas inverno/hologramme/img_04.jpg",,,
BOINAS VERÃO,Boné – 12805,BOINA OITAVADA LINHO,27.5,,"Paquet de 24 pcs assorties: 4*Noir, 4*Marine, 5*Gris, 4*Vert, 3*Camel, 4*Beige",Verão 2023,Sortido,"57 , 59",85% Viscose – 15% Linho,Pacote 24,https://hologrammeparis.com/product/casquette-12805/,,"images/boinas verão/bone-12805/img_01.jpg, images/boinas verão/bone-12805/img_02.jpg, images/boinas verão/bone-12805/img_03.jpg, images/boinas verão/bone-12805/img_04.jpg, images/boinas verão/bone-12805/img_05.jpg, images/boinas verão/bone-12805/img_06.jpg, images/boinas verão/bone-12805/img_07.jpg, images/boinas verão/bone-12805/img_08.jpg, images/boinas verão/bone-12805/img_09.jpg",,,
BOINAS VERÃO,"Boné – 18110EC
Boné – 18110OL",BOINA PIEMONTE LINHO E ALGODÃO,27.5,,Découvrez notre Casquette - 18110EC au prix de grossiste pour votre boutique sur Hologramme Paris.,Etiqueta: Fabricado em Italia,"Cru, Preto, Verde, Azul","54 , 55 , 56 , 57 , 58 , 59 , 60 , 61",50% Algodão – 50% Linho,Unitário,https://hologrammeparis.com/product/casquette-18110ec/,https://hologrammeparis.com/fr/product/casquette-18110ol/,"images/boinas verão/bone-18110ec-bone-18110ol/img_01.jpg, images/boinas verão/bone-18110ec-bone-18110ol/img_02.jpg, images/boinas verão/bone-18110ec-bone-18110ol/img_03.jpg, images/boinas verão/bone-18110ec-bone-18110ol/img_04.jpg, images/boinas verão/bone-18110ec-bone-18110ol/img_05.jpg, images/boinas verão/bone-18110ec-bone-18110ol/img_06.jpg, images/boinas verão/bone-18110ec-bone-18110ol/img_08.jpg, images/boinas verão/bone-18110ec-bone-18110ol/img_09.jpg",,,
BOINAS VERÃO,Boné – 18474,BOINA SEXTAVADA CORES NA PALA,45.0,,Découvrez notre Casquette - 18474OL = 18519OL au prix de grossiste pour votre boutique sur Hologramme Paris.,BOINA SEXTAVADA CORES NA PALA,"Verde, Bege, Azul, Cinza","55 , 56 , 57 , 58 , 59 , 60 , 61",50% Polyester – 50% Viscose,Unitário,https://hologrammeparis.com/product/casquette-18474ol/,https://hologrammeparis.com/product/casquette-18474g/,"images/boinas verão/bone-18474/img_01.jpg, images/boinas verão/bone-18474/img_02.jpg, images/boinas verão/bone-18474/img_03.jpg, images/boinas verão/bone-18474/img_04.jpg, images/boinas verão/bone-18474/img_05.jpg, images/boinas verão/bone-18474/img_06.jpg, images/boinas verão/bone-18474/img_07.jpg, images/boinas verão/bone-18474/img_08.jpg",,,
BOINAS VERÃO,HOLOGRAMME,"Tag: Verão , Fabricado na Itália",12.0,"COR        
Bege, Castanho, Verde, Azul, Bordo, Marinho

TAMANHO                
55 , 56 , 57 , 58 , 59 , 60 , 61

VENDIDO POR        
Pacote 24

COMPOSIÇÃO                
69% Poliéster – 31% Algodão / Forro 100% Algodão",Découvrez notre Casquette - 18410BG au prix de grossiste pour votre boutique sur Hologramme Paris.,BOINA LINHO QUADRADOS,"Bege, Castanho, Verde, Azul, Bordo, Marinho","55 , 56 , 57 , 58 , 59 , 60 , 61",69% Poliéster – 31% Algodão / Forro 100% Algodão,Pacote 24,https://hologrammeparis.com/product/casquette-18410bg/,https://hologrammeparis.com/product/casquette-e18107gr/,"images/boinas verão/hologramme/img_01.jpg, images/boinas verão/hologramme/img_02.jpg, images/boinas verão/hologramme/img_03.jpg, images/boinas verão/hologramme/img_04.jpg, images/boinas verão/hologramme/img_05.jpg, images/boinas verão/hologramme/img_06.jpg, images/boinas verão/hologramme/img_07.jpg, images/boinas verão/hologramme/img_08.jpg",,,
BOINAS VERÃO,"Boné – 18107
Boné – 18515 ","Tag: Fabricado na Itália, Linho",47.5,"COR        
Verde, Azul, Bege

TAMANHO                
55 , 56 , 57 , 58 , 59 , 60 , 61

VENDIDO POR        
Unidade

COMPOSIÇÃO                
100% Linho",Découvrez notre Casquette - E18107BL au prix de grossiste pour votre boutique sur Hologramme Paris.,"Fabricado na Itália, Linho","Verde, Azul, Bege","55 , 56 , 57 , 58 , 59 , 60 , 61",100% Linho,Unidade,https://hologrammeparis.com/product/casquette-e18107bl/,"https://hologrammeparis.com/fr/product/casquette-e18107bg/
https://hologrammeparis.com/fr/product/casquette-18515bg/","images/boinas verão/bone-18107-bone-18515/img_01.jpg, images/boinas verão/bone-18107-bone-18515/img_02.jpg, images/boinas verão/bone-18107-bone-18515/img_03.jpg, images/boinas verão/bone-18107-bone-18515/img_04.jpg, images/boinas verão/bone-18107-bone-18515/img_05.jpg, images/boinas verão/bone-18107-bone-18515/img_06.jpg, images/boinas verão/bone-18107-bone-18515/img_07.jpg, images/boinas verão/bone-18107-bone-18515/img_08.jpg, images/boinas verão/bone-18107-bone-18515/img_09.jpg, images/boinas verão/bone-18107-bone-18515/img_10.jpg",,,
BOINAS VERÃO,Boné – 18521A,BOINA PIEMONTE ALGODÃO,35.0,,Découvrez notre Casquette - 18521A au prix de grossiste pour votre boutique sur Hologramme Paris.,"Fabricado na Itália, Algodão","Azul, Bege, Marinho","55 , 56 , 57 , 58 , 59 , 60 , 61",100% Algodão,Unidade,https://hologrammeparis.com/fr/product/casquette-18521a/,,"images/boinas verão/bone-18521a/img_01.jpg, images/boinas verão/bone-18521a/img_02.jpg, images/boinas verão/bone-18521a/img_03.jpg, images/boinas verão/bone-18521a/img_04.jpg",,,
BOINAS VERÃO,"Boné – 15266F
Boné – 15266C",BOINA SEXTAVADA ALGODÃO,16.9,,Paquet de 24 pcs assorties: 2 de chaque couleur,"verão, cotton",,,,,https://hologrammeparis.com/fr/product/casquette-15266f/,https://hologrammeparis.com/fr/product/casquette-15266c/,"images/boinas verão/bone-15266f-bone-15266c/img_01.jpg, images/boinas verão/bone-15266f-bone-15266c/img_02.jpg, images/boinas verão/bone-15266f-bone-15266c/img_03.jpg, images/boinas verão/bone-15266f-bone-15266c/img_04.jpg, images/boinas verão/bone-15266f-bone-15266c/img_05.jpg, images/boinas verão/bone-15266f-bone-15266c/img_06.jpg, images/boinas verão/bone-15266f-bone-15266c/img_07.jpg, images/boinas verão/bone-15266f-bone-15266c/img_08.jpg, images/boinas verão/bone-15266f-bone-15266c/img_09.jpg, images/boinas verão/bone-15266f-bone-15266c/img_10.jpg, images/boinas verão/bone-15266f-bone-15266c/img_11.jpg, images/boinas verão/bone-15266f-bone-15266c/img_12.jpg, images/boinas verão/bone-15266f-bone-15266c/img_13.jpg, images/boinas verão/bone-15266f-bone-15266c/img_14.jpg, images/boinas verão/bone-15266f-bone-15266c/img_15.jpg, images/boinas verão/bone-15266f-bone-15266c/img_16.jpg, images/boinas verão/bone-15266f-bone-15266c/img_17.jpg, images/boinas verão/bone-15266f-bone-15266c/img_18.jpg, images/boinas verão/bone-15266f-bone-15266c/img_19.jpg, images/boinas verão/bone-15266f-bone-15266c/img_20.jpg, images/boinas verão/bone-15266f-bone-15266c/img_21.jpg, images/boinas verão/bone-15266f-bone-15266c/img_22.jpg, images/boinas verão/bone-15266f-bone-15266c/img_23.jpg, images/boinas verão/bone-15266f-bone-15266c/img_24.jpg, images/boinas verão/bone-15266f-bone-15266c/img_25.jpg, images/boinas verão/bone-15266f-bone-15266c/img_26.jpg, images/boinas verão/bone-15266f-bone-15266c/img_27.jpg, images/boinas verão/bone-15266f-bone-15266c/img_28.jpg, images/boinas verão/bone-15266f-bone-15266c/img_29.jpg, images/boinas verão/bone-15266f-bone-15266c/img_30.jpg, images/boinas verão/bone-15266f-bone-15266c/img_31.jpg, images/boinas verão/bone-15266f-bone-15266c/img_32.jpg, images/boinas verão/bone-15266f-bone-15266c/img_33.jpg, images/boinas verão/bone-15266f-bone-15266c/img_34.jpg",,,
BOINAS VERÃO,Casquette – 18534N,"Étiquette : verão, Fabriqué en Italie, Linho, algodão",37.5,"Couleur        
Noir

Taille        
55, 56, 57, 58, 59, 60, 61

Vendu par        
Unitaire

Composition        
50% Coton – 50% Lin",,"Étiquette : verão, Fabriqué en Italie, Linho, algodão",,,,,,,,,,
ARTIGOS EM PELE,"Boné – 18161N
Boné – 18161M",BOINA SEXTAVADA PELE,89.9,,Découvrez notre Casquette - 18161N au prix de grossiste pour votre boutique sur Hologramme Paris.,"Fabricado na Itália, pele genuina","Preto, Marrom","55 , 56 , 57 , 58 , 59 , 60 , 61",100% couro de vaca,Unitário,https://hologrammeparis.com/product/casquette-18161n/,https://hologrammeparis.com/product/casquette-18161m/,images/artigos em pele/bone-18161n-bone-18161m/img_01.jpg,,,
ARTIGOS EM PELE,Gants – 17120,LUVAS FEMININAS ,35.0,,Découvrez notre Gants en cuir classique - 17120 au prix de grossiste pour votre boutique sur Hologramme Paris.,Etiqueta: LUVAS,,,,,https://hologrammeparis.com/product/gants-17120n/?attribute_pa_couleur=marron,,images/artigos em pele/gants-17120/img_01.jpg,,,
ARTIGOS EM PELE,Gants – 17119,LUVAS MASCULINAS,35.0,,Découvrez notre Gants en cuir classique - 17119 au prix de grossiste pour votre boutique sur Hologramme Paris.,Etiqueta: LUVAS,,,,,https://hologrammeparis.com/product/gants-17119n/,,images/artigos em pele/gants-17119/img_01.jpg,,,
ARTIGOS EM PELE,Porte-Monnaie – 5657,CARTEIRAS,35.0,,Découvrez notre Porte-Monnaie - 5657 au prix de grossiste pour votre boutique sur Hologramme Paris.,CARTEIRAS,,,,,https://hologrammeparis.com/product/porte-monnaie-5657/,,images/artigos em pele/porte-monnaie-5657/img_01.jpg,,,
ARTIGOS EM PELE,chapeu-australiano,CHAPEU AUSTRALIANO,67.5,,,Fabricado em Portugal,,,,,,,,,,
CORTIÇA,VELEN,BASEBALL CAP,29.9,,"Boné Vegan estilo basebol de cortiça. 100% Eco-Friendly, produzido em Portugal. Leve,  prático e resistente. Montado - Cortiça com Arte.","Boné Vegan estilo basebol de cortiça. Na confeção deste boné não foi usado nenhum material de origem animal. 

- Produto Vegan produzido em Portugal com cortiça Portuguesa. 

- Eco-Friendly, duradouro, repelente da água e suave ao toque.

- Pode ser limpo com água e sabão neutro.",Natural,"55 , 56 , 57 , 58 , 59 , 60 , 61",100%,Unitário,https://www.montado.pt/produto/bone-de-cortica-natural,,images/cortiça/velen/img_01.jpg,,,
CORTIÇA,VELEN,BOINA COM REDE,35.0,,,"Boina bico de pato com rede lateral, em cortiça. Na confecção desta boina não foi usado nenhum material de origem animal.

– Boina bico de pato, 100% cortiça

– Produto sustentável.

– Produto produzido em Portugal com cortiça Portuguesa.

– Duradouro, eco-Friendly e resistente à água.

– Pode ser limpo com água e sabão neutro.",,,,,https://vips-velen.pt/?product=boina-bico-de-pato-com-rede-lateral-em-cortica,,,,,
CORTIÇA,VELEN,BOINA CORTIÇA,Etiqueta: Fabricado em Portugal,,,"Boina bico de pato com rede lateral, em cortiça. Na confecção desta boina não foi usado nenhum material de origem animal.

– Boina bico de pato, 100% cortiça

– Produto sustentável.

– Produto produzido em Portugal com cortiça Portuguesa.

– Duradouro, eco-Friendly e resistente à água.

– Pode ser limpo com água e sabão neutro.",,,,,https://vips-velen.pt/?product=boina-bico-de-pato-com-rede-lateral-em-cortica,,,,,
CORTIÇA,VELEN,CHAPEU COWBOY EM CORTIÇA,65.0,,,"Na confecção deste chapéu não foi usado nenhum material de origem animal.

– Chapéu cowboy, 100% cortiça

– Produto sustentável.

– Produto produzido em Portugal com cortiça Portuguesa.

– Duradouro, eco-Friendly e resistente à água.

– Pode ser limpo com água e sabão neutro.",,,,,https://vips-velen.pt/?product=chapeu-cowboy-em-cortica,,,,,
CORTIÇA,VELEN,PANAMA EM CORTIÇA,35.0,,,"Panamá em cortiça. Na confecção deste panamá não foi usado nenhum material de origem animal.

– Panamá, 100% cortiça

– Produto sustentável.

– Produto produzido em Portugal com cortiça Portuguesa.

– Duradouro, eco-Friendly e resistente à água.

– Pode ser limpo com água e sabão neutro.",,,,,https://vips-velen.pt/?product=panama-em-cortica,,,,,
CORTIÇA,VELEN,CHAPÉU DE COWBOY EM CORTIÇA COM REDE,59.9,,,"Chapéu de cowboy com rede, base em cortiça e acabamentos em pele genuína e algodão.

– Produto sustentável.

– Produto produzido em Portugal com cortiça Portuguesa.

– Duradouro, eco-Friendly e resistente à água.

– Pode ser limpo com água e sabão neutro.

– Cor da peça em exibição: Natural.",,,,,https://vips-velen.pt/?product=chapeu-de-cowboy-em-cortica-com-rede-beige,,,,,
CORTIÇA,VELEN,CHAPÉU DE COWBOY EM CORTIÇA COM REDE,35.0,,,"Chapéu safari em cortiça. Na confecção deste chapéu não foi usado nenhum material de origem animal.

– Chapéu safari, 100% cortiça

– Produto sustentável.

– Produto produzido em Portugal com cortiça Portuguesa.

– Duradouro, eco-Friendly e resistente à água.

– Pode ser limpo com água e sabão neutro.

– Cor da peça em exibição: Natural.",,,,,https://vips-velen.pt/?product=chapeu-safari-em-cortica,,,,,
CORTIÇA,VELEN,CHAPÉU TIROLÊS EM CORTIÇA,45.0,,,"Chapéu tirolês em cortiça. Na confecção deste chapéu não foi usado nenhum material de origem animal.

– Chapéu tirolês, 100% cortiça

– Produto sustentável.

– Produto produzido em Portugal com cortiça Portuguesa.

– Duradouro, eco-Friendly e resistente à água.

– Pode ser limpo com água e sabão neutro.

– Cor da peça em exibição: Natural.",,,,,https://vips-velen.pt/?product=chapeu-tiroles-em-cortica,,,,,
GORROS,Chapka – 6064,GORRO USHANKA,1.0,,Hologramme est un grossiste de Toques et Chapkas avec 40 ans d’expérience. Découvrez nos collections de chapeaux en fourrure au tarif de gros.,Fabricado na China,"Bege , Camelo , Cáqui , Marrom , Preto","57 , 59",100% Poliéster / Forro: 100% Poliéster,Pacote 12,https://hologrammeparis.com/product-category/chapellerie/collection-hiver/chapeaux-hiver/toques-chapkas/,,images/gorros/chapka-6064/img_01.jpg,,,
GORROS,Chapéu – 49171,CHAPÉU CHAPKA IMPERMEÁVEL,2.0,,Fausse fourrure en 100% Modacrylique Nous essayons de mettre 6 couleurs différentes par pack.,Etiqueta: Fabricado em Portugal,"Branco, Preto",,100% modacrílica,,https://hologrammeparis.com/product/toque-49171-polaire/,,images/gorros/chapeu-49171/img_20.jpg,,,
GORROS,Chapéu – 49171,CHAPÉU CHAPKA ,3.0,,Fausse fourrure en 100% Modacrylique,Etiqueta: Fabricado em Portugal,"Bege , Azul Claro , Borgonha , Cinza , Marinho , Marrom , Mostarda , Preto , Laranja , Rosa , Vermelho , Verde",,100% modacrílica,,https://hologrammeparis.com/product/toque-49171-simili-cuir/?attribute_pa_couleur=rouge-noir,,images/gorros/chapeu-49171/img_01.jpg,,,
GORROS,bonnet-pierre-cardin,Bonnet – Pierre Cardin,"Étiquettes : Fabriqué en Chine, Hiver 2024",,Découvrez notre Bonnet - Pierre Cardin au prix de grossiste pour votre boutique sur Hologramme Paris.,"Gorro da marca Pierre Cardin, com uma textura suave e simples.

Possui um grande reverso e exibe um emblema branco com o logo distintivo de Pierre Cardin, com um grande “P” estilizado em preto e a assinatura abaixo

Fabricado em um material quente e confortável, perfeito para um visual sóbrio de inverno.","Branco, Camelo, Cinza, Preto",Tamanho Único,100% Acrílico / Forro: 100% Poliéster,Unitário,https://hologrammeparis.com/fr/product/bonnet-pierre-cardin-bonnet/,,"images/gorros/bonnet-pierre-cardin/img_01.jpg, images/gorros/bonnet-pierre-cardin/img_02.jpg, images/gorros/bonnet-pierre-cardin/img_03.jpg",,,
CHAPÉUS LÃ,"Tags: Fabricado na Itália , Lã Pura",CHAPEU FEDORA INDIANA,35.0,,"Notre version Hologramme Paris du ""Fedora classique"" Chapeau avec une ceinture contrastante marron, 100 g de pure laine. Sobre et sans logo apparent. 100% Laine et fabrication italienne","Nossa versão Hologram Paris do “Fedora clássico”

Chapéu com faixa marrom contrastante, 100 g de pura lã.

Sóbrio e sem logótipo visível.

100% lã e fabricação italiana",Sortido,"55 , 56 , 57 , 58 , 59 , 60 , 61 , 62",100% Lã,Pacote 12,https://hologrammeparis.com/product/chapeau-art-02-pack-12/,,images/chapéus lã/tags-fabricado-na-italia-la-pura/img_01.jpg,,,
CHAPÉUS LÃ,"Tags: Fabricado na Itália , Lã Pura

",CHAPEU FEDORA ,35.0,,"Notre version Hologramme Paris du ""Fedora classique"" Chapeau avec un Ruban ton sur ton, 100 g de pure laine. Sobre et sans logo apparent.","Nossa versão Hologram Paris do “Fedora clássico”

Chapéu com fita tom sobre tom, 100 g de pura lã.

Sóbrio e sem logótipo visível.

100% lã e fabricação italiana",Sortido,"55 , 56 , 57 , 58 , 59 , 60 , 61 , 62",100% Lã,Pacote 12,https://hologrammeparis.com/product/chapeau-art-01-gros-grain-pack-12/,,images/chapéus lã/tags-fabricado-na-italia-la-pura/img_01.jpg,,,
CHAPÉUS LÃ,"Chapéu Impermeável – Art 181054 (Pack 12)

Tags: Fabricado na Itália , Lã Esmagável Impermeável",CHAPÉUS DE LÃ ITALIANA,67.5,"2*55, 2*56, 3*57, 3*58, 2*59 (ou 1*60 e 2*58)","Notre version Hologramme Paris du ""Fedora imperméable et indéformable"" Chapeau avec une ceinture marron, 100 g de pure laine Waterproof Crushable.","Fabricado na Itália, Lã, Esmagável, Impermeável",Sortido,"55 , 56 , 57 , 58 , 59 , 60",100% Lã,Pacote 12,https://hologrammeparis.com/product/chapeau-waterproof-art-181054-pack-12/,,images/chapéus lã/chapeu-impermeavel-art-181054-pack-12-tags-fabricado-na-italia-la-esmagavel-impermeavel/img_01.jpg,,,
CHAPÉUS LÃ,Chapéu – Art 970 (Pack 12),CHAPÉU DE LÃ TRILBY,29.9,,"Paquet de 12 pcs assorties: 2*55, 2*56, 3*57, 3*58, 2*59 (ou 1*60 et 2*58) Pour l’achat à l’unité de ce produit, c’est ici: https://hologrammeparis.com/product/chapeau-art-970/","Fabricado na Itália, Lã Pura",Sortido,"54, 55 , 56 , 57 , 58 , 59 , 60",100% Lã,Pacote 12,https://hologrammeparis.com/product/chapeau-art-970-pack-12/,,images/chapéus lã/chapeu-art-970-pack-12/img_01.jpg,,,
CHAPÉUS LÃ,"Chapéu Impermeável – Art 181056

Tags: Fabricado na Itália , Lã,  Esmagável,  Impermeável",CHAPÉUS DE LÃ IMPERMEÁVEL,49.9,,"Paquet de 12 pcs assorties: 2*55, 2*56, 3*57, 3*58, 2*59 (ou 1*60 et 2*58) Pour l’achat à l’unité de ce produit, c’est ici: https://hologrammeparis.com/product/chapeau-art-181056/",CHAPÉUS DE LÃ IMPERMEÁVEL,Sortido,"55 , 56 , 57 , 58 , 59 , 60",100% Lã,Pacote 12,https://hologrammeparis.com/product/chapeau-waterproof-art-181056-pack-12/,,images/chapéus lã/chapeu-impermeavel-art-181056-tags-fabricado-na-italia-la-esmagavel-impermeavel/img_01.jpg,,,
DIVERSOS,"chapeu colonial
pith helmet",CHAPEU COLONIAL,45.0,,,CHAPEU COLONIAL,"Verde, bege, castanho claro, castanho",unico com ajuste,1-tecido externo e plástico interno ou 2-papel,,,,,,,
FEMININO,Boné – 13156,BONÉS DE INVERNO PARA MULHERES,"Tag: Mistura de angorá , Fabricado na China , Inverno 2022",,"Paquet de 12 pcs assorties: 4*Noir, 2*Gris + 1 de chaque couleur",BONÉS DE INVERNO PARA MULHERES,,,,,https://hologrammeparis.com/product/casquette-13156/,,"images/feminino/bone-13156/img_01.jpg, images/feminino/bone-13156/img_02.jpg, images/feminino/bone-13156/img_03.jpg, images/feminino/bone-13156/img_04.jpg, images/feminino/bone-13156/img_05.jpg, images/feminino/bone-13156/img_06.jpg, images/feminino/bone-13156/img_07.jpg, images/feminino/bone-13156/img_08.jpg, images/feminino/bone-13156/img_09.jpg, images/feminino/bone-13156/img_10.jpg",,,
FEMININO,Boné – 12463,BONÉS DE INVERNO PARA MULHERES,Etiqueta: Fabricado na China,,"Paquet de 24 pcs assorties: 9*Beige, 7*Gris, 8*Noir",BONÉS DE INVERNO PARA MULHERES,"Cru , Cinza , Preto",,50% Lã – 50% PU Sintético,Pacote 24,https://hologrammeparis.com/product/casquette-12463/,,images/feminino/bone-12463/img_01.jpg,,,
FEMININO,Palha – 12403, CHAPÉUS DE PALHA FEMININOS,3.0,,,"Fabricado na China, Tamanho ajustável","Camel , Marrom , Mostarda , Rosa , Verde",Tamanho único,,Pacote 15,https://hologrammeparis.com/product/paille-12403/,,,,,
FEMININO,Palha – 12673,CHAPÉUS DE PALHA FEMININOS,"Tags: Fabricado na China , Tamanho ajustável",,Découvrez notre Paille - 12673 au prix de grossiste pour votre boutique sur Hologramme Paris.,"Nossa versão Hologram Paris do chapéu de palha em forma de sino.

Chapéu luxuoso tricotado em palha de ráfia extrafina .
Sólido, dobrável e intemporal.

Palha 100% Ráfia","Natural, Preto",Tamanho único,Palha 100% natural,Unitário,https://hologrammeparis.com/product/paille-12673/,,"images/feminino/palha-12673/img_01.jpg, images/feminino/palha-12673/img_02.jpg, images/feminino/palha-12673/img_03.jpg, images/feminino/palha-12673/img_04.jpg, images/feminino/palha-12673/img_05.jpg, images/feminino/palha-12673/img_06.jpg",,,
FEMININO,Boné – 12625,BOINA COM PALA ALGODÃO,24.9,,"Paquet de 24 pcs assorties: 2*Rouge, 2*Vert, 2*Bleu Ciel, 4*Camel, 4*Ecru, 3*Blanc, 3*Beige, 3*Marine, 1*Gris",BOINA COM PALA ALGODÃO,"Bege , Branco , Camelo , Cinza , Marinho , Vermelho","56 , 58",7% Viscose – 33% Algodão – 60% Poliéster,Pacote 24,https://hologrammeparis.com/product/casquette-12625/,,"images/feminino/bone-12625/img_03.jpg, images/feminino/bone-12625/img_04.jpg, images/feminino/bone-12625/img_05.jpg, images/feminino/bone-12625/img_06.jpg, images/feminino/bone-12625/img_07.jpg, images/feminino/bone-12625/img_08.jpg, images/feminino/bone-12625/img_10.jpg",,,
FEMININO,Boné – 2018016,BONÉS DE VERÃO PARA MULHERES,Etiqueta: Fabricado na China,,,BONÉS DE VERÃO PARA MULHERES,"Bordeaux ,","55 , 57",100% Algodão / Forro: 100% Poliéster,Pacote 24,https://hologrammeparis.com/product/casquette-2018016/,,,,,
FEMININO,Viseira – 23119,BONÉS DE VERÃO PARA MULHERES,Etiqueta: Fabricado na China,,"Paquet de 30 pcs assorties: 2*Rose, 5*Orange, 5*Violet, 6*Bleu, 6*Beige, 6*Noir","SIZE	
One size adjustable","Bege , Bordéus , Marinho , Preto , Rosa , Vermelho",,100% Papel,Pacote 15,https://hologrammeparis.com/product/visiere-23119/,,images/feminino/viseira-23119/img_01.jpg,,,
FEMININO,Boné – 2018039,BOINA COM PALA INVERNO,NÃO TEM MAIS NO ESTOQUE,,"Paquet de 12 pcs assorties: 2*Gris Clair, 1*Gris Fonce, 1*Kaki, 1*Bordeaux, 1*Rouge, 2*Marine, 4*Noir","Fabricado na China, Mistura de lã","Azul , Cinza , Cinza Escuro , Preto , Vermelho , Verde","56 , 58",5% Acrílico – 7% Fibra – 40% Lã – 48% Poliéster,Pacote 12,https://hologrammeparis.com/product/casquette-2018039/,,"images/feminino/bone-2018039/img_01.jpg, images/feminino/bone-2018039/img_02.jpg, images/feminino/bone-2018039/img_03.jpg, images/feminino/bone-2018039/img_04.jpg",,,
FEMININO,Casquette – 22103,BOINA COM PALA INVERNO,24.9,,Paquet de 24 pcs assorties: 2 pcs de chaque couleur,"Fabricado na China, Mistura de lã",Sortidas,"56, 58",50% Polyester – 50% Laine,,https://hologrammeparis.com/product/casquette-22103/,,"images/feminino/casquette-22103/img_01.jpg, images/feminino/casquette-22103/img_02.jpg, images/feminino/casquette-22103/img_03.jpg, images/feminino/casquette-22103/img_04.jpg",,,
FEMININO,Casquette – 12448,BONÉS DE INVERNO PARA MULHERES,15.0,,"Paquet de 24 pcs assorties: 2*Moutarde, 2*Marron, 3*Bordeaux, 3*Marine, 3*Vert, 3*Bleu, 3*Taupe, 5*Noir","Fabricado na China, Tamanho ajustável","2*Mostarda, 2*Marrom, 3*Bordéus, 3*Marinho, 3*Verde, 3*Azul, 3*Taupe, 5*Preto",Unico com ajuste (elástico),100% PU,,https://hologrammeparis.com/product/casquette-12448/,,"images/feminino/casquette-12448/img_01.jpg, images/feminino/casquette-12448/img_02.jpg, images/feminino/casquette-12448/img_03.jpg, images/feminino/casquette-12448/img_04.jpg, images/feminino/casquette-12448/img_05.jpg, images/feminino/casquette-12448/img_06.jpg, images/feminino/casquette-12448/img_07.jpg, images/feminino/casquette-12448/img_08.jpg, images/feminino/casquette-12448/img_09.jpg, images/feminino/casquette-12448/img_10.jpg, images/feminino/casquette-12448/img_11.jpg",,,
FEMININO,Palha – 12511,CHAPÉUS DE PALHA FEMININOS,"Tags: Fabricado na China , Tamanho ajustável",,Découvrez notre Paille - 12511 au prix de grossiste pour votre boutique sur Hologramme Paris.,"Nossa versão Hologram Paris do chapéu de palha em forma de sino.

Chapéu luxuoso tricotado em palha de ráfia extrafina .
Sólido, dobrável e intemporal.

Palha 100% Ráfia","Camel , Cinza , Natural , Preto , Verde",Tamanho único,Palha 100% natural,Unitário,https://hologrammeparis.com/product/paille-12511/,,"images/feminino/palha-12511/img_09.jpg, images/feminino/palha-12511/img_10.jpg",,,
FEMININO,Palha – 12512,CHAPÉUS DE PALHA FEMININOS,"Tags: Fabricado na China , Tamanho ajustável",,Découvrez notre Paille - 12512 au prix de grossiste pour votre boutique sur Hologramme Paris.,"Chapéu luxuoso tricotado em palha de ráfia extrafina .
Sólido, dobrável e intemporal.

Palha 100% Ráfia","Preto, Verde, Natural",Tamanho único,Palha 100% natural,Unitário,https://hologrammeparis.com/product/paille-12512/,,"images/feminino/palha-12512/img_01.jpg, images/feminino/palha-12512/img_02.jpg, images/feminino/palha-12512/img_03.jpg, images/feminino/palha-12512/img_04.jpg",,,
FEMININO,Palha – 12517,CHAPÉUS DE PALHA FEMININOS,"Tags: Fabricado na China , Tamanho ajustável",,"Paquet de 30 pcs assorties: 11*Beige, 7*Camel, 4*Vert, 4*Gris, 4*Noir il reste que du naturel","Chapéu luxuoso tricotado em palha de ráfia extrafina .
Sólido, dobrável e intemporal.

Palha 100% Ráfia","Cinza, Verde, Natural",Tamanho único,Palha 100% natural,Unitário,https://hologrammeparis.com/product/paille-12517/,,"images/feminino/palha-12517/img_01.jpg, images/feminino/palha-12517/img_02.jpg, images/feminino/palha-12517/img_03.jpg, images/feminino/palha-12517/img_04.jpg, images/feminino/palha-12517/img_05.jpg, images/feminino/palha-12517/img_06.jpg, images/feminino/palha-12517/img_07.jpg, images/feminino/palha-12517/img_08.jpg, images/feminino/palha-12517/img_09.jpg, images/feminino/palha-12517/img_10.jpg, images/feminino/palha-12517/img_11.jpg, images/feminino/palha-12517/img_12.jpg",,,
FEMININO,Boina Clássica – 5020,BOINA CLÁSSICA / BERET,14.9,,"Notre version Hologramme Paris du ""Béret Uni classique"" Sobre, intemporel et sans logo apparent. 75g de Laine grattée et rasée *les nouvelles couleurs sont à 90% laine.","Nossa versão holográfica parisiense da “boina lisa clássica”

Sóbrio, intemporal e sem logótipo visível.

75g de lã escovada e raspada",,,100% Lã,Unitário,https://hologrammeparis.com/product/beret-5020/?attribute_pa_couleur=beige-na1302,,"images/feminino/boina-classica-5020/img_01.jpg, images/feminino/boina-classica-5020/img_06.jpg, images/feminino/boina-classica-5020/img_07.jpg",,,
FEMININO,"Gorro – 5942F
Bonnet – 5942C",CHAPÉU LÃ HARMONICO,19.9,,"Paquet de 12 pcs assorties: 1*Prune, 2*Bordeaux, 1*Marron, 3*Noir, 1*Camel, 1*Gris Fonce, 2*Marine, 1*Kaki",Lã Pura,Sortido,UNICO,100% Lã,Pacote 12,https://hologrammeparis.com/product/bonnet-5942f/,,images/feminino/gorro-5942f-bonnet-5942c/img_01.jpg,,,
FEMININO,Boné – 22238,BOINA COM PALA PIED POULE,29.9,,"Paquet de 12 pcs assorties: 5*Gris Fonce, 4*Gris Clair, 3*Beige",BOINA COM PALA PIED POULE,Sortido,"56 , 58",50% Lã – 50% Poliéster,Pacote 12,https://hologrammeparis.com/product/casquette-22238/,,"images/feminino/bone-22238/img_01.jpg, images/feminino/bone-22238/img_02.jpg, images/feminino/bone-22238/img_03.jpg, images/feminino/bone-22238/img_04.jpg, images/feminino/bone-22238/img_05.jpg, images/feminino/bone-22238/img_06.jpg",,,
FEMININO,chapeu-cloche,CHAPEU CLOCHE,35.0,,,CHAPEU CLOCHE,DIVERSOS,UNICO AJUSTÁVEL,PAPEL,UNIDADE,,,,,,
CERIMÓNIA,casquete,CASQUETE,1.0,,,COM FITA AJUSTÁVEL,,,,,,,,,,
CERIMÓNIA,chapeu-cerimonia-perolas,CHAPÉU CERIMÓNIA PERÓLAS,2.0,,,COM FITA AJUSTÁVEL,,,,,,,,,,
CERIMÓNIA,chapeu-cerimonia-flores,CHAPÉU CERIMÓNIA FLORES,3.0,,,COM FITA AJUSTÁVEL,,,,,,,,,,
CERIMÓNIA,Palha – 12673,CHAPÉUS DE PALHA FEMININOS,"Tags: Fabricado na China , Tamanho ajustável",,Découvrez notre Paille - 12673 au prix de grossiste pour votre boutique sur Hologramme Paris.,"Nossa versão Hologram Paris do chapéu de palha em forma de sino.

Chapéu luxuoso tricotado em palha de ráfia extrafina .
Sólido, dobrável e intemporal.

Palha 100% Ráfia","Natural, Preto",Tamanho único,Palha 100% natural,Unitário,https://hologrammeparis.com/product/paille-12673/,,"images/cerimónia/palha-12673/img_01.jpg, images/cerimónia/palha-12673/img_02.jpg, images/cerimónia/palha-12673/img_03.jpg, images/cerimónia/palha-12673/img_04.jpg, images/cerimónia/palha-12673/img_05.jpg, images/cerimónia/palha-12673/img_06.jpg",,,
CERIMÓNIA,Boné – 12625,BONÉS DE VERÃO PARA MULHERES,Etiqueta: Fabricado na China,,"Paquet de 24 pcs assorties: 2*Rouge, 2*Vert, 2*Bleu Ciel, 4*Camel, 4*Ecru, 3*Blanc, 3*Beige, 3*Marine, 1*Gris",BONÉS DE VERÃO PARA MULHERES,"Bege , Branco , Camelo , Cinza , Marinho , Vermelho","56 , 58",7% Viscose – 33% Algodão – 60% Poliéster,Pacote 24,https://hologrammeparis.com/product/casquette-12625/,,"images/cerimónia/bone-12625/img_03.jpg, images/cerimónia/bone-12625/img_04.jpg, images/cerimónia/bone-12625/img_05.jpg, images/cerimónia/bone-12625/img_06.jpg, images/cerimónia/bone-12625/img_07.jpg, images/cerimónia/bone-12625/img_08.jpg, images/cerimónia/bone-12625/img_10.jpg",,,
CERIMÓNIA,Boné – 2018016,BONÉS DE VERÃO PARA MULHERES,Etiqueta: Fabricado na China,,,BONÉS DE VERÃO PARA MULHERES,"Bordeaux ,","55 , 57",100% Algodão / Forro: 100% Poliéster,Pacote 24,https://hologrammeparis.com/product/casquette-2018016/,,,,,
CERIMÓNIA,Viseira – 23119,BONÉS DE VERÃO PARA MULHERES,Etiqueta: Fabricado na China,,"Paquet de 30 pcs assorties: 2*Rose, 5*Orange, 5*Violet, 6*Bleu, 6*Beige, 6*Noir","SIZE	
One size adjustable","Bege , Bordéus , Marinho , Preto , Rosa , Vermelho",,100% Papel,Pacote 15,https://hologrammeparis.com/product/visiere-23119/,,images/cerimónia/viseira-23119/img_01.jpg,,,
CERIMÓNIA,Boné – 2018039,BONÉS DE INVERNO PARA MULHERES,NÃO TEM MAIS NO ESTOQUE,,"Paquet de 12 pcs assorties: 2*Gris Clair, 1*Gris Fonce, 1*Kaki, 1*Bordeaux, 1*Rouge, 2*Marine, 4*Noir","Fabricado na China, Mistura de lã","Azul , Cinza , Cinza Escuro , Preto , Vermelho , Verde","56 , 58",5% Acrílico – 7% Fibra – 40% Lã – 48% Poliéster,Pacote 12,https://hologrammeparis.com/product/casquette-2018039/,,"images/cerimónia/bone-2018039/img_01.jpg, images/cerimónia/bone-2018039/img_02.jpg, images/cerimónia/bone-2018039/img_03.jpg, images/cerimónia/bone-2018039/img_04.jpg",,,
CERIMÓNIA,Casquette – 22103,BONÉS DE INVERNO PARA MULHERES,14.0,,Paquet de 24 pcs assorties: 2 pcs de chaque couleur,"Fabricado na China, Mistura de lã",Preto,Unico,50% Polyester – 50% Laine,,https://hologrammeparis.com/product/casquette-22103/,,"images/cerimónia/casquette-22103/img_01.jpg, images/cerimónia/casquette-22103/img_02.jpg, images/cerimónia/casquette-22103/img_03.jpg, images/cerimónia/casquette-22103/img_04.jpg",,,
CERIMÓNIA,Casquette – 12448,BONÉS DE INVERNO PARA MULHERES,15.0,,"Paquet de 24 pcs assorties: 2*Moutarde, 2*Marron, 3*Bordeaux, 3*Marine, 3*Vert, 3*Bleu, 3*Taupe, 5*Noir","Fabricado na China, Tamanho ajustável","2*Mostarda, 2*Marrom, 3*Bordéus, 3*Marinho, 3*Verde, 3*Azul, 3*Taupe, 5*Preto",Unico com ajuste (elástico),100% PU,,https://hologrammeparis.com/product/casquette-12448/,,"images/cerimónia/casquette-12448/img_01.jpg, images/cerimónia/casquette-12448/img_02.jpg, images/cerimónia/casquette-12448/img_03.jpg, images/cerimónia/casquette-12448/img_04.jpg, images/cerimónia/casquette-12448/img_05.jpg, images/cerimónia/casquette-12448/img_06.jpg, images/cerimónia/casquette-12448/img_07.jpg, images/cerimónia/casquette-12448/img_08.jpg, images/cerimónia/casquette-12448/img_09.jpg, images/cerimónia/casquette-12448/img_10.jpg, images/cerimónia/casquette-12448/img_11.jpg",,,
CERIMÓNIA,Palha – 12511,CHAPÉUS DE PALHA FEMININOS,"Tags: Fabricado na China , Tamanho ajustável",,Découvrez notre Paille - 12511 au prix de grossiste pour votre boutique sur Hologramme Paris.,"Nossa versão Hologram Paris do chapéu de palha em forma de sino.

Chapéu luxuoso tricotado em palha de ráfia extrafina .
Sólido, dobrável e intemporal.

Palha 100% Ráfia","Camel , Cinza , Natural , Preto , Verde",Tamanho único,Palha 100% natural,Unitário,https://hologrammeparis.com/product/paille-12511/,,"images/cerimónia/palha-12511/img_09.jpg, images/cerimónia/palha-12511/img_10.jpg",,,
CERIMÓNIA,Palha – 12512,CHAPÉUS DE PALHA FEMININOS,"Tags: Fabricado na China , Tamanho ajustável",,Découvrez notre Paille - 12512 au prix de grossiste pour votre boutique sur Hologramme Paris.,"Nossa versão Hologram Paris do chapéu de palha em forma de sino.

Chapéu luxuoso tricotado em palha de ráfia extrafina .
Sólido, dobrável e intemporal.

Palha 100% Ráfia","Preto, Verde, Natural",Tamanho único,Palha 100% natural,Unitário,https://hologrammeparis.com/product/paille-12512/,,"images/cerimónia/palha-12512/img_01.jpg, images/cerimónia/palha-12512/img_02.jpg, images/cerimónia/palha-12512/img_03.jpg, images/cerimónia/palha-12512/img_04.jpg",,,
CERIMÓNIA,Palha – 12517,CHAPÉUS DE PALHA FEMININOS,"Tags: Fabricado na China , Tamanho ajustável",,"Paquet de 30 pcs assorties: 11*Beige, 7*Camel, 4*Vert, 4*Gris, 4*Noir il reste que du naturel","Nossa versão Hologram Paris do chapéu de palha em forma de sino.

Chapéu luxuoso tricotado em palha de ráfia extrafina .
Sólido, dobrável e intemporal.

Palha 100% Ráfia","Cinza, Verde, Natural",Tamanho único,Palha 100% natural,Unitário,https://hologrammeparis.com/product/paille-12517/,,"images/cerimónia/palha-12517/img_01.jpg, images/cerimónia/palha-12517/img_02.jpg, images/cerimónia/palha-12517/img_03.jpg, images/cerimónia/palha-12517/img_04.jpg, images/cerimónia/palha-12517/img_05.jpg, images/cerimónia/palha-12517/img_06.jpg, images/cerimónia/palha-12517/img_07.jpg, images/cerimónia/palha-12517/img_08.jpg, images/cerimónia/palha-12517/img_09.jpg, images/cerimónia/palha-12517/img_10.jpg, images/cerimónia/palha-12517/img_11.jpg, images/cerimónia/palha-12517/img_12.jpg",,,
CERIMÓNIA,Palha – 937,CHAPÉUS DE PALHA FEMININOS,"Tags: Fabricado na China , Tamanho ajustável",,"Paquet de 30 pcs assorties: 12*55, 18*57",CHAPÉUS DE PALHA FEMININOS,"Bege , Cáqui , Marinho , Preto , Laranja , Ferrugem",Tamanho único,Palha 100% natural,Unitário,https://hologrammeparis.com/product/paille-art-937-241-gros-grain/,,"images/cerimónia/palha-937/img_01.jpg, images/cerimónia/palha-937/img_02.jpg, images/cerimónia/palha-937/img_03.jpg, images/cerimónia/palha-937/img_04.jpg, images/cerimónia/palha-937/img_05.jpg, images/cerimónia/palha-937/img_06.jpg, images/cerimónia/palha-937/img_07.jpg, images/cerimónia/palha-937/img_08.jpg, images/cerimónia/palha-937/img_09.jpg, images/cerimónia/palha-937/img_10.jpg",,,
CERIMÓNIA,Boina Clássica – 5020,BOINA CLÁSSICA / BERET,Etiqueta: Fabricado na China,,"Notre version Hologramme Paris du ""Béret Uni classique"" Sobre, intemporel et sans logo apparent. 75g de Laine grattée et rasée *les nouvelles couleurs sont à 90% laine.","Nossa versão holográfica parisiense da “boina lisa clássica”

Sóbrio, intemporal e sem logótipo visível.

75g de lã escovada e raspada",,,100% Lã,Unitário,https://hologrammeparis.com/product/beret-5020/?attribute_pa_couleur=beige-na1302,,"images/cerimónia/boina-classica-5020/img_01.jpg, images/cerimónia/boina-classica-5020/img_06.jpg, images/cerimónia/boina-classica-5020/img_07.jpg",,,
PALHA,Palha – 941216 Couro,CHAPÉU DE PALHA NATURAL,35.0,,"Paquet de 30 pcs assorties: 3*55, 4*56, 6*57, 7*58, 5*59, 3*60, 2*61",Rótulo: Fabricado na Itália,Natural,"55 , 56 , 57 , 58 , 59 , 60 , 61",Palha 100% natural,Pacote 15,https://hologrammeparis.com/product/paille-941216-cuir/,,images/palha/palha-941216-couro/img_06.jpg,,,
PANAMÁ,Panamá – 201754,CHAPEU PANAMÁ,67.5,,Découvrez notre Panama - 201754 au prix de grossiste pour votre boutique sur Hologramme Paris.,"A versão revisitada do Panamá equatoriano, mais sólida, dobrável e moderna.

Panamá Panasoft em papel 100% japonês .

Fabricado na Itália.",Branco,"54, 55 , 56 , 57 , 58 , 59",Papel 100% Japonês,Unitário,https://hologrammeparis.com/product/panama-201754/,,"images/panamá/panama-201754/img_02.jpg, images/panamá/panama-201754/img_03.jpg, images/panamá/panama-201754/img_04.jpg, images/panamá/panama-201754/img_05.jpg, images/panamá/panama-201754/img_06.jpg",,,
PANAMÁ,Panamá – 201752,CHAPEU PANAMÁ ABA CURTA,67.5,,Découvrez notre Panama - 201752-Ecru au prix de grossiste pour votre boutique sur Hologramme Paris.,"A versão revisitada do Panamá equatoriano, mais sólida, dobrável e moderna.

Panamá Panasoft em papel 100% japonês .

Fabricado na Itália.","Branco, Bege","54, 55 , 56 , 57 , 58 , 59 , 60 , 61",Papel 100% Japonês,Unitário,https://hologrammeparis.com/product/panama-201752-ecru/,,"images/panamá/panama-201752/img_01.jpg, images/panamá/panama-201752/img_02.jpg, images/panamá/panama-201752/img_03.jpg, images/panamá/panama-201752/img_04.jpg, images/panamá/panama-201752/img_05.jpg, images/panamá/panama-201752/img_06.jpg",,,
PANAMÁ,Panamá – 931,CHAPEU PANAMÁ AJUSTÁVEL,67.5,,Découvrez notre Panama - Art 931 Japonais au prix de grossiste pour votre boutique sur Hologramme Paris.,"A versão revisitada do Panamá equatoriano, mais sólida, dobrável e moderna.

Panamá Panasoft em papel 100% japonês .

Fabricado na Itália.","Beige, Kaki, Marine, Noir","55 , 56 , 57 , 58 , 59 , 60 , 61",Papel 100% Japonês,Unitário,https://hologrammeparis.com/product/panama-art-931-japonais/,,"images/panamá/panama-931/img_01.jpg, images/panamá/panama-931/img_02.jpg, images/panamá/panama-931/img_03.jpg, images/panamá/panama-931/img_04.jpg, images/panamá/panama-931/img_05.jpg, images/panamá/panama-931/img_06.jpg, images/panamá/panama-931/img_07.jpg",,,
À PROVA D´ÁGUA,"Chapéu – 49103

",CHAPÉUS ALGODÃO ENCERADO,45.0,,Découvrez notre Chapeau - 49103 au prix de grossiste pour votre boutique sur Hologramme Paris.,"Algodão Oleado, Fabricado em Portugal","Camelo , Marinho , Marrom , Preto , Ferrugem , Taupe , Verde Escuro","55 , 57 , 59 , 61",100% algodão,Unitário,https://hologrammeparis.com/product/chapeau-49103/,,"images/à prova d´água/chapeu-49103/img_01.jpg, images/à prova d´água/chapeu-49103/img_02.jpg, images/à prova d´água/chapeu-49103/img_03.jpg, images/à prova d´água/chapeu-49103/img_04.jpg",,,
À PROVA D´ÁGUA,SOLID,CHAPEU DOBRAVEL,55.0,,,"impermeavel, dobravel",,,,,,,,,,
À PROVA D´ÁGUA,SOLID,CHAPEU DOBRAVEL,55.0,,,"impermeavel, dobravel",,,,,,,,,,
PROTEÇÃO SOLAR,SOLID,BOINA UV ,27.5,,,BOINA UV,"Verde, Azul, Bege","56 , 58 , 60",100% Nylon,Unitário,,,,,,
PROTEÇÃO SOLAR,SOLID,CHAPÉU UV,19.9,,,CHAPÉU UV,"Verde, Bege","56 , 58 , 60",100% Nylon,Unitário,,,,,,
CHAPÉUS EM TECIDO,"Bob – 2018121

",BUCKT HAT ALGODÃO,14.9,,"Paquet de 24 pcs assorties: 3*Noir, 3*Marine, 2*Orange, 2*Beige, 2*Bleu Royal, 2*Moutarde, 2*Kaki, 2*Gris, 2*Bordeaux, 2*Rouge, 1*Camel, 1*Marron Clair",BUCKT HAT ALGODÃO,"Bege Claro , Azul , Borgonha , Camelo , Cinza , Amarelo , Cáqui Claro , Cáqui Escuro , Marinho , Preto , Laranja , Vermelho","57 , 59",100% algodão,Pacote 24,https://hologrammeparis.com/product/bob-2018121/,,images/chapéus em tecido/bob-2018121/img_01.jpg,,,
CHAPÉUS EM TECIDO,Bob – 2018120,CHAPÉU SAFARI,19.9,,"Paquet de 24 pcs assorties: 3*Noir, 3*Marine, 2*Kaki, 2*Bordeaux, 2*Rouge, 2*Rouille, 2*Bleu Royal, 2*Gris, 2*Moutarde, 2*Beige, 1*Camel, 1*Marron Clair",CHAPÉU SAFARI,"Beige Clair, Bleu, Bordeaux, Camel, Gris, Jaune, Kaki Clair, Kaki Fonce, Marine, Noir, Orange, Rouge","57 , 59",100% algodão,Pacote 24,https://hologrammeparis.com/product/bob-2018120/,,images/chapéus em tecido/bob-2018120/img_01.jpg,,,
CHAPÉUS EM TECIDO,bucket-hat-reversivel,BUCKET HAT REVERSIVEL,19.9,,,Etiqueta:  reversível,Dversos,UNICO (57.5),30% algodão 70% poliester,UNIDADE,,,,,,
VISEIRAS,HOLOGRAMME,VISEIRA  FEMININA,2.0,,,VISEIRA  FEMININA,"Pink, verde, preto, azul, bege, camel",,,,,,,,,
BONÉS,"Boné – 12614
Boné – 15112",BONÉS CUBANOS,"Tags: Fabricado na China , Tamanho ajustável",,"Paquet de 24 pcs assorties: 2*Bleu, 2*Moutarde, 2*Rouge, 2*Kaki, 4*Noir, 3*Camel, 3*Gris, 4*Marine, 2*Vert","2*Azul, 2*Mostarda, 2*Vermelho, 2*Cáqui, 4*Preto, 3*Camelo, 3*Cinza, 4*Marinha, 2*Verde, 3 * cinza escuro, 3 * bege, 2 * cáqui, 2 * preto, 2 * verde maçã, 2 * laranja, 2 * marrom 2 * azul, 2 * verde abeto, 2 * vermelho, 2 * Cinza claro","Azul , Camelo , Cinza , Cáqui , Marinho , Mostarda , Preto , Vermelho , Verde",,100% algodão,Pacote 12,https://hologrammeparis.com/product/casquette-12614/,https://hologrammeparis.com/product/casquette-15165/,"images/bonés/bone-12614-bone-15112/img_01.jpg, images/bonés/bone-12614-bone-15112/img_13.jpg, images/bonés/bone-12614-bone-15112/img_14.jpg, images/bonés/bone-12614-bone-15112/img_15.jpg, images/bonés/bone-12614-bone-15112/img_16.jpg, images/bonés/bone-12614-bone-15112/img_17.jpg, images/bonés/bone-12614-bone-15112/img_18.jpg, images/bonés/bone-12614-bone-15112/img_19.jpg, images/bonés/bone-12614-bone-15112/img_20.jpg, images/bonés/bone-12614-bone-15112/img_21.jpg, images/bonés/bone-12614-bone-15112/img_22.jpg, images/bonés/bone-12614-bone-15112/img_23.jpg, images/bonés/bone-12614-bone-15112/img_24.jpg, images/bonés/bone-12614-bone-15112/img_25.jpg, images/bonés/bone-12614-bone-15112/img_26.jpg, images/bonés/bone-12614-bone-15112/img_27.jpg",,,
BONÉS,Boné – 12694,BONÉS CUBANOS,"Tags: Verão 2022 , Fabricado na China",,"Paquet de 24 pcs assorties: 3*Noir, 3*Marine, 2*Rouge, 2*Orange, 2*Bleu, 2*Moutarde, 2*Kaki, 2*Gris, 2*Beige, 2*Camel, 1*Rose, 1*Gris Fonce",BONÉS CUBANOS,Sortido,,"72,2% Algodão – 27,8% Viscose",Pacote 12,https://hologrammeparis.com/product/casquette-12694/,,"images/bonés/bone-12694/img_01.jpg, images/bonés/bone-12694/img_02.jpg, images/bonés/bone-12694/img_03.jpg, images/bonés/bone-12694/img_04.jpg, images/bonés/bone-12694/img_05.jpg, images/bonés/bone-12694/img_06.jpg, images/bonés/bone-12694/img_07.jpg, images/bonés/bone-12694/img_08.jpg, images/bonés/bone-12694/img_09.jpg, images/bonés/bone-12694/img_10.jpg, images/bonés/bone-12694/img_11.jpg, images/bonés/bone-12694/img_12.jpg, images/bonés/bone-12694/img_13.jpg, images/bonés/bone-12694/img_14.jpg, images/bonés/bone-12694/img_15.jpg, images/bonés/bone-12694/img_16.jpg, images/bonés/bone-12694/img_17.jpg",,,
BONÉS,Boné – 12849,BONÉS CUBANOS,"Tags: Verão 2023 , Fabricado na China",,"Paquet de 24 pcs assorties: 3*Noir, 3*Gris Clair, 3*Marine, 4*Beige, 2*Bleu Canard, 2*Rouge, 2*Jean, 2*Gris Fonce, 2*Blanc, 1*Moutarde",BONÉS CUBANOS,Sortido,"57,5",85% Viscose – 15% Linho,Pacote 24,https://hologrammeparis.com/product/casquette-12849/,,"images/bonés/bone-12849/img_01.jpg, images/bonés/bone-12849/img_02.jpg, images/bonés/bone-12849/img_03.jpg, images/bonés/bone-12849/img_04.jpg, images/bonés/bone-12849/img_05.jpg, images/bonés/bone-12849/img_06.jpg, images/bonés/bone-12849/img_07.jpg, images/bonés/bone-12849/img_08.jpg, images/bonés/bone-12849/img_09.jpg, images/bonés/bone-12849/img_10.jpg, images/bonés/bone-12849/img_11.jpg, images/bonés/bone-12849/img_12.jpg, images/bonés/bone-12849/img_13.jpg, images/bonés/bone-12849/img_14.jpg",,,
BONÉS,Boné – 15165,BONÉS CUBANOS,"Tags: Verão 2023 , Fabricado na China",,"Paquet de 24 pcs assorties: 4*Noir, 3*Beige, 3*Marine, 2*Gris Clair, 2*Gris Fonce, 2*Camel, 2*Kaki, 2*Orange, 2*Moutarde, 2*Blanc",BONÉS CUBANOS,Sortido,"57,5","98,8% Algodão – 1,2% Viscose",Pacote 24,https://hologrammeparis.com/product/casquette-15165/,,"images/bonés/bone-15165/img_01.jpg, images/bonés/bone-15165/img_02.jpg, images/bonés/bone-15165/img_03.jpg, images/bonés/bone-15165/img_04.jpg, images/bonés/bone-15165/img_05.jpg, images/bonés/bone-15165/img_06.jpg, images/bonés/bone-15165/img_07.jpg, images/bonés/bone-15165/img_08.jpg, images/bonés/bone-15165/img_09.jpg, images/bonés/bone-15165/img_10.jpg, images/bonés/bone-15165/img_11.jpg, images/bonés/bone-15165/img_12.jpg, images/bonés/bone-15165/img_13.jpg, images/bonés/bone-15165/img_14.jpg, images/bonés/bone-15165/img_15.jpg",,,
BONÉS,Boné – 15116,BONÉS CUBANOS,"Tags: Verão 2023 , Fabricado na China",,Paquet de 24 pcs assorties: 2 de chaque couleur,BONÉS CUBANOS,Sortido,"57,5",100% algodão,Pacote 24,https://hologrammeparis.com/product/casquette-15116/,,"images/bonés/bone-15116/img_01.jpg, images/bonés/bone-15116/img_02.jpg, images/bonés/bone-15116/img_03.jpg, images/bonés/bone-15116/img_04.jpg, images/bonés/bone-15116/img_05.jpg, images/bonés/bone-15116/img_06.jpg, images/bonés/bone-15116/img_07.jpg, images/bonés/bone-15116/img_08.jpg, images/bonés/bone-15116/img_09.jpg, images/bonés/bone-15116/img_10.jpg, images/bonés/bone-15116/img_11.jpg, images/bonés/bone-15116/img_12.jpg, images/bonés/bone-15116/img_13.jpg, images/bonés/bone-15116/img_14.jpg, images/bonés/bone-15116/img_15.jpg, images/bonés/bone-15116/img_16.jpg, images/bonés/bone-15116/img_17.jpg, images/bonés/bone-15116/img_18.jpg, images/bonés/bone-15116/img_19.jpg, images/bonés/bone-15116/img_20.jpg, images/bonés/bone-15116/img_21.jpg, images/bonés/bone-15116/img_22.jpg",,,
BONÉS,Boné Veludo – 22138 (ou 2019110),BONÉS TRUCKER,Tags: Fabricado na China,,"Découvrez notre casquette en velours, un incontournable pour les boutiques de mode et les enseignes d’accessoires.",BONÉS TRUCKER,"Sortido , Bege , Bordeaux , Cinza , Azul Marinho , Castanho Claro , Castanho Escuro , Preto , Vermelho",,100% Poliéster,Pacote 12,https://hologrammeparis.com/product/casquette-2019110/?attribute_pa_couleur=noir,,"images/bonés/bone-veludo-22138-ou-2019110/img_01.jpg, images/bonés/bone-veludo-22138-ou-2019110/img_06.jpg, images/bonés/bone-veludo-22138-ou-2019110/img_07.jpg, images/bonés/bone-veludo-22138-ou-2019110/img_08.jpg, images/bonés/bone-veludo-22138-ou-2019110/img_09.jpg, images/bonés/bone-veludo-22138-ou-2019110/img_10.jpg, images/bonés/bone-veludo-22138-ou-2019110/img_11.jpg, images/bonés/bone-veludo-22138-ou-2019110/img_12.jpg, images/bonés/bone-veludo-22138-ou-2019110/img_13.jpg, images/bonés/bone-veludo-22138-ou-2019110/img_14.jpg, images/bonés/bone-veludo-22138-ou-2019110/img_15.jpg, images/bonés/bone-veludo-22138-ou-2019110/img_17.jpg, images/bonés/bone-veludo-22138-ou-2019110/img_18.jpg, images/bonés/bone-veludo-22138-ou-2019110/img_19.jpg, images/bonés/bone-veludo-22138-ou-2019110/img_20.jpg, images/bonés/bone-veludo-22138-ou-2019110/img_21.jpg, images/bonés/bone-veludo-22138-ou-2019110/img_22.jpg",,,
BONÉS,Boné – 22134,BONÉS TRUCKER,Tags: Fabricado na China,,"Paquet de 12 pcs assorties: 2*Marine, 2*Noir, 2*Gris, 1*Camel, 1*Bordeaux, 1*Rouge, 1*Kaki, 1*Bleu Ciel, 1*Moutarde",BONÉS TRUCKER,"Sortido , Azul Claro , Borgonha , Camelo , Cinza , Cáqui , Azul Marinho , Mostarda , Preto , Vermelho",,"51,1% Viscose – 48,9% Lã",Pacote 12,https://hologrammeparis.com/product/casquette-22134/?attribute_pa_couleur=noir,,"images/bonés/bone-22134/img_01.jpg, images/bonés/bone-22134/img_02.jpg, images/bonés/bone-22134/img_03.jpg, images/bonés/bone-22134/img_04.jpg, images/bonés/bone-22134/img_05.jpg, images/bonés/bone-22134/img_06.jpg, images/bonés/bone-22134/img_07.jpg, images/bonés/bone-22134/img_08.jpg, images/bonés/bone-22134/img_09.jpg, images/bonés/bone-22134/img_10.jpg, images/bonés/bone-22134/img_11.jpg, images/bonés/bone-22134/img_12.jpg, images/bonés/bone-22134/img_13.jpg, images/bonés/bone-22134/img_14.jpg",,,
BONÉS,Boné – 22134,BONÉS TRUCKER,Tags: Fabricado na China,,"Paquet de 24 pcs assorties: 3*Noir, 3*Marine, 2*Vert, 2*Turquoise, 2*Bordeaux, 2*Orange, 2*Moutarde, 2*Gris, 2*Beige, 2*Camel, 1*Kaki, 1*Rose",BONÉS TRUCKER,"Bege , Azul , Bordéus , Cru , Cinza Claro , Cinza Escuro , Cáqui , Marinho , Mostarda , Laranja , Rosa , Verde","57,5",100% algodão,Pacote 24,https://hologrammeparis.com/product/casquette-2015022/,,"images/bonés/bone-22134/img_01.jpg, images/bonés/bone-22134/img_02.jpg, images/bonés/bone-22134/img_03.jpg, images/bonés/bone-22134/img_04.jpg, images/bonés/bone-22134/img_05.jpg, images/bonés/bone-22134/img_06.jpg, images/bonés/bone-22134/img_07.jpg, images/bonés/bone-22134/img_08.jpg, images/bonés/bone-22134/img_09.jpg, images/bonés/bone-22134/img_10.jpg, images/bonés/bone-22134/img_11.jpg, images/bonés/bone-22134/img_12.jpg, images/bonés/bone-22134/img_13.jpg, images/bonés/bone-22134/img_14.jpg, images/bonés/bone-22134/img_15.jpg",,,
BONÉS,Boné – 15263,BONÉS TRUCKER,12.9,,Découvrez notre Casquette - 15263 au prix de grossiste pour votre boutique sur Hologramme Paris.,BONÉS TRUCKER,ou unidade,"57,5",100% algodão,Pacote por,https://hologrammeparis.com/fr/product/casquette-15263/,,"images/bonés/bone-15263/img_01.jpg, images/bonés/bone-15263/img_02.jpg, images/bonés/bone-15263/img_03.jpg, images/bonés/bone-15263/img_04.jpg, images/bonés/bone-15263/img_05.jpg, images/bonés/bone-15263/img_06.jpg, images/bonés/bone-15263/img_07.jpg, images/bonés/bone-15263/img_08.jpg, images/bonés/bone-15263/img_09.jpg, images/bonés/bone-15263/img_10.jpg, images/bonés/bone-15263/img_11.jpg, images/bonés/bone-15263/img_12.jpg, images/bonés/bone-15263/img_13.jpg, images/bonés/bone-15263/img_14.jpg, images/bonés/bone-15263/img_15.jpg, images/bonés/bone-15263/img_16.jpg, images/bonés/bone-15263/img_17.jpg, images/bonés/bone-15263/img_18.jpg, images/bonés/bone-15263/img_19.jpg, images/bonés/bone-15263/img_20.jpg, images/bonés/bone-15263/img_21.jpg",,,
COWBOY,chapeu-cowboy,CHAPÉU COWBOY,1.0,,,CHAPÉU COWBOY,Sortido,UNICO,,,,,,,,
COWBOY,chapeu-cowboy,CHAPÉU COWBOY,2.0,,,CHAPÉU COWBOY,Sortido,UNICO,,,,,,,,
COWBOY,Boné – 15125,CHAPÉU COWBOY,"Tags: Verão 2023 , Fabricado na China",,"Paquet de 24 pcs assorties: 3*Noir, 3*Gris Clair, 3*Marine, 4*Beige, 2*Bleu Canard, 2*Rouge, 2*Jean, 2*Gris Fonce, 2*Blanc, 1*Moutarde",CHAPÉU COWBOY,Sortido,,"32,7% Algodão – 60,1% Poliéster – 7,2% Celulose",Pacote 24,https://hologrammeparis.com/product/casquette-12849/,,"images/cowboy/bone-15125/img_01.jpg, images/cowboy/bone-15125/img_02.jpg, images/cowboy/bone-15125/img_03.jpg, images/cowboy/bone-15125/img_04.jpg, images/cowboy/bone-15125/img_05.jpg, images/cowboy/bone-15125/img_06.jpg, images/cowboy/bone-15125/img_07.jpg, images/cowboy/bone-15125/img_08.jpg, images/cowboy/bone-15125/img_09.jpg, images/cowboy/bone-15125/img_10.jpg, images/cowboy/bone-15125/img_11.jpg, images/cowboy/bone-15125/img_12.jpg, images/cowboy/bone-15125/img_13.jpg, images/cowboy/bone-15125/img_14.jpg",,,
COWBOY,Boné – 15114,,"Tags: Verão 2023 , Fabricado na China",,"Paquet de 24 pcs assorties: 2*Gris Clair, 3*Beige, 1*Orange, 4*Bleu, 2*Rouge, 1*Vert Sapin, 2*Bordeaux, 2*Kaki, 3*Gris Foncé, 4*Noir",,Sortido,"57 , 59",100% algodão,Pacote 24,https://hologrammeparis.com/product/casquette-15114/,,"images/cowboy/bone-15114/img_01.jpg, images/cowboy/bone-15114/img_02.jpg, images/cowboy/bone-15114/img_03.jpg, images/cowboy/bone-15114/img_04.jpg, images/cowboy/bone-15114/img_05.jpg, images/cowboy/bone-15114/img_06.jpg, images/cowboy/bone-15114/img_07.jpg, images/cowboy/bone-15114/img_08.jpg, images/cowboy/bone-15114/img_09.jpg, images/cowboy/bone-15114/img_10.jpg, images/cowboy/bone-15114/img_11.jpg, images/cowboy/bone-15114/img_12.jpg, images/cowboy/bone-15114/img_13.jpg, images/cowboy/bone-15114/img_14.jpg, images/cowboy/bone-15114/img_15.jpg",,,
COWBOY,"Gorro – Miki 12601
Gorro – 640182503",,Tags: Fabricado na China,,Découvrez notre Bonnet - Miki 12601 au prix de grossiste pour votre boutique sur Hologramme Paris.,,,,100% algodão,Unitário,https://hologrammeparis.com/product/bonnet-miki-12601/?attribute_pa_couleur=beige-fonce,,images/cowboy/gorro-miki-12601-gorro-640182503/img_01.jpg,,,
COWBOY,Algodão 4974,,Etiqueta: Fabricado em Portugal,,Découvrez notre Bonnet - Coton 4974 au prix de grossiste pour votre boutique sur Hologramme Paris.,,Sortido,,50% Algodão – 50% Poliéster,Unitário,https://hologrammeparis.com/product/bonnet-4974/,,images/cowboy/algodao-4974/img_01.jpg,,,
COWBOY,Boné – 18110EC,,Etiqueta: Fabricado em Italia,,Découvrez notre Casquette - 18110EC au prix de grossiste pour votre boutique sur Hologramme Paris.,,"Cru, Preto, Verde, Azul","54 , 55 , 56 , 57 , 58 , 59 , 60 , 61",50% Algodão – 50% Linho,Unitário,https://hologrammeparis.com/product/casquette-18110ec/,,"images/cowboy/bone-18110ec/img_01.jpg, images/cowboy/bone-18110ec/img_02.jpg, images/cowboy/bone-18110ec/img_03.jpg, images/cowboy/bone-18110ec/img_04.jpg, images/cowboy/bone-18110ec/img_05.jpg, images/cowboy/bone-18110ec/img_06.jpg",,,
COWBOY,HOLOGRAMME,,8.0,,Découvrez notre Casquette - 18474OL = 18519OL au prix de grossiste pour votre boutique sur Hologramme Paris.,,,,,,https://hologrammeparis.com/product/casquette-18474ol/,,"images/cowboy/hologramme/img_01.jpg, images/cowboy/hologramme/img_02.jpg, images/cowboy/hologramme/img_03.jpg, images/cowboy/hologramme/img_04.jpg",,,
