SKU,Fonte,Categoria,Nome,Preço,URL fornecedor,Descrição obtida,Composição obtida,Observações,Scrape timestamp
"Boné – 18161N
Boné – 18161M",excel,ARTIGOS EM PELE,BOINA SEXTAVADA PELE,89.9,https://hologrammeparis.com/product/casquette-18161m/,,,http_status_404,2025-10-19T19:58:54.709715
Porte-Monnaie – 5657,sheet,ARTIGOS EM PELE,CARTEIRAS,35.0,https://hologrammeparis.com/product/porte-monnaie-5657/,Découvrez notre Porte-Monnaie - 5657 au prix de grossiste pour votre boutique sur Hologramme Paris.,,INCOMPLETO; composição não encontrada,2025-10-19T19:58:54.709715
Boné – 18501MI,sheet,BOINAS INVERNO,BOINA HARRIS TWEED PATCHWORK,85.0,https://hologrammeparis.com/product/casquette-18501mi/,,"{""@context"":""https://schema.org"",""@graph"":[{""@type"":""Place"",""@id"":""https://hologrammeparis.com/fr/#place/"",""geo"":{""@type"":""GeoCoordinates"",""latitude"":""48.9205"",""longitude"":"" 2.3865""},""hasMap"":""https://www.google.com/maps/search/?api=1&amp;query=48.9205, 2.3865"",""address"":{""@type"":""PostalAddress"",""streetAddress"":""90 Rue de la Haie Coq"",""addressLocality"":""B\u00e2timent 244"",""addressRegion"":""Aubervilliers"",""postalCode"":""93300"",""addressCountry"":""FR""}},{""@type"":[""WholesaleStore"",""Organization""],""@id"":""https://hologrammeparis.com/fr/#organization/"",""name"":""Hologramme Paris"",""url"":""https://hologrammeparis.com/fr/"",""sameAs"":[""https://www.facebook.com/hologrammeparis/"",""https://twitter.com/HologrammeParis"",""https://www.instagram.com/hologrammeparis"",""https://www.linkedin.com/company/hologramme""],""email"":""david@hologrammeparis.com"",""address"":{""@type"":""PostalAddress"",""streetAddress"":""90 Rue de la Haie Coq"",""addressLocality"":""B\u00e2timent 244"",""addressRegion"":""Aubervilliers"",""postalCode"":""93300"",""addressCountry"":""FR""},""logo"":{""@type"":""ImageObject"",""@id"":""https://hologrammeparis.com/fr/#logo/"",""url"":""https://hologrammeparis.com/wp-content/uploads/2025/04/logo_Hologramme_800x800.webp"",""contentUrl"":""https://hologrammeparis.com/wp-content/uploads/2025/04/logo_Hologramme_800x800.webp"",""caption"":""Hologramme Paris"",""inLanguage"":""fr-FR"",""width"":""800"",""height"":""800""},""priceRange"":""2-40 euros"",""openingHours"":[""Monday,Tuesday,Wednesday,Thursday,Friday 09:00-18:00"",""Saturday 14:00-18:00""],""location"":{""@id"":""https://hologrammeparis.com/fr/#place/""},""image"":{""@id"":""https://hologrammeparis.com/fr/#logo/""},""telephone"":""+33 6 95 99 56 80""},{""@type"":""WebSite"",""@id"":""https://hologrammeparis.com/fr/#website/"",""url"":""https://hologrammeparis.com/fr/"",""name"":""Hologramme Paris"",""publisher"":{""@id"":""https://hologrammeparis.com/fr/#organization/""},""inLanguage"":""fr-FR""},{""@type"":""ImageObject"",""@id"":""https://hologrammeparis.com/wp-content/uploads/2024/08/18501MI-1.jpg"",""url"":""https://hologrammeparis.com/wp-content/uploads/2024/08/18501MI-1.jpg"",""width"":""800"",""height"":""1200"",""inLanguage"":""fr-FR""},{""@type"":""BreadcrumbList"",""@id"":""https://hologrammeparis.com/fr/product/casquette-18501mi/#breadcrumb"",""itemListElement"":[{""@type"":""ListItem"",""position"":""1"",""item"":{""@id"":""https://hologrammeparis.com/fr/"",""name"":""Accueil""}},{""@type"":""ListItem"",""position"":""2"",""item"":{""@id"":""https://hologrammeparis.com/fr/product-category/chapellerie/collection-hiver/casquettes-hiver/"",""name"":""Casquettes Hiver""}},{""@type"":""ListItem"",""position"":""3"",""item"":{""@id"":""https://hologrammeparis.com/fr/product/casquette-18501mi/"",""name"":""Casquette &#8211; 18501MI""}}]},{""@type"":""ItemPage"",""@id"":""https://hologrammeparis.com/fr/product/casquette-18501mi/#webpage"",""url"":""https://hologrammeparis.com/fr/product/casquette-18501mi/"",""name"":""Casquette - 18501MI - Hologramme Paris"",""datePublished"":""2024-08-16T18:18:01+02:00"",""dateModified"":""2025-08-21T16:44:53+02:00"",""isPartOf"":{""@id"":""https://hologrammeparis.com/fr/#website/""},""primaryImageOfPage"":{""@id"":""https://hologrammeparis.com/wp-content/uploads/2024/08/18501MI-1.jpg""},""inLanguage"":""fr-FR"",""breadcrumb"":{""@id"":""https://hologrammeparis.com/fr/product/casquette-18501mi/#breadcrumb""}},{""@type"":""Product"",""brand"":{""@type"":""Brand"",""name"":""Hologramme Paris""},""name"":""Casquette - 18501MI - Hologramme Paris"",""description"":""D\u00e9couvrez notre Casquette - 18501MI au prix de grossiste pour votre boutique sur Hologramme Paris."",""category"":""Chapellerie &gt; Collection Hiver &gt; Casquettes Hiver"",""mainEntityOfPage"":{""@id"":""https://hologrammeparis.com/fr/product/casquette-18501mi/#webpage""},""image"":[{""@type"":""ImageObject"",""url"":""https://hologrammeparis.com/wp-content/uploads/2024/08/18501MI-1.jpg"",""height"":""1200"",""width"":""800""},{""@type"":""ImageObject"",""url"":""https://hologrammeparis.com/wp-content/uploads/2024/08/18501MI-2.jpg"",""height"":""1200"",""width"":""800""},{""@type"":""ImageObject"",""url"":""https://hologrammeparis.com/wp-content/uploads/2024/08/18501MI-3.jpg"",""height"":""1200"",""width"":""800""},{""@type"":""ImageObject"",""url"":""https://hologrammeparis.com/wp-content/uploads/2024/08/18501MI-4.jpg"",""height"":""1200"",""width"":""800""}],""offers"":{""@type"":""Offer"",""price"":""0.50"",""priceCurrency"":""EUR"",""availability"":""https://schema.org/InStock"",""url"":""https://hologrammeparis.com/fr/product/casquette-18501mi/""},""additionalProperty"":[{""@type"":""PropertyValue"",""name"":""pa_couleur"",""value"":""Marine""},{""@type"":""PropertyValue"",""name"":""pa_composition"",""value"":""100% Laine""}],""@id"":""https://hologrammeparis.com/fr/product/casquette-18501mi/#richSnippet""}]}",INCOMPLETO; descrição não encontrada,2025-10-19T19:58:54.709715
Boné – 18500MI,sheet,BOINAS INVERNO,BOINA HARRIS TWEED QUADRADOS,85.0,https://hologrammeparis.com/product/casquette-18500mi/,,"{""@context"":""https://schema.org"",""@graph"":[{""@type"":""Place"",""@id"":""https://hologrammeparis.com/fr/#place/"",""geo"":{""@type"":""GeoCoordinates"",""latitude"":""48.9205"",""longitude"":"" 2.3865""},""hasMap"":""https://www.google.com/maps/search/?api=1&amp;query=48.9205, 2.3865"",""address"":{""@type"":""PostalAddress"",""streetAddress"":""90 Rue de la Haie Coq"",""addressLocality"":""B\u00e2timent 244"",""addressRegion"":""Aubervilliers"",""postalCode"":""93300"",""addressCountry"":""FR""}},{""@type"":[""WholesaleStore"",""Organization""],""@id"":""https://hologrammeparis.com/fr/#organization/"",""name"":""Hologramme Paris"",""url"":""https://hologrammeparis.com/fr/"",""sameAs"":[""https://www.facebook.com/hologrammeparis/"",""https://twitter.com/HologrammeParis"",""https://www.instagram.com/hologrammeparis"",""https://www.linkedin.com/company/hologramme""],""email"":""david@hologrammeparis.com"",""address"":{""@type"":""PostalAddress"",""streetAddress"":""90 Rue de la Haie Coq"",""addressLocality"":""B\u00e2timent 244"",""addressRegion"":""Aubervilliers"",""postalCode"":""93300"",""addressCountry"":""FR""},""logo"":{""@type"":""ImageObject"",""@id"":""https://hologrammeparis.com/fr/#logo/"",""url"":""https://hologrammeparis.com/wp-content/uploads/2025/04/logo_Hologramme_800x800.webp"",""contentUrl"":""https://hologrammeparis.com/wp-content/uploads/2025/04/logo_Hologramme_800x800.webp"",""caption"":""Hologramme Paris"",""inLanguage"":""fr-FR"",""width"":""800"",""height"":""800""},""priceRange"":""2-40 euros"",""openingHours"":[""Monday,Tuesday,Wednesday,Thursday,Friday 09:00-18:00"",""Saturday 14:00-18:00""],""location"":{""@id"":""https://hologrammeparis.com/fr/#place/""},""image"":{""@id"":""https://hologrammeparis.com/fr/#logo/""},""telephone"":""+33 6 95 99 56 80""},{""@type"":""WebSite"",""@id"":""https://hologrammeparis.com/fr/#website/"",""url"":""https://hologrammeparis.com/fr/"",""name"":""Hologramme Paris"",""publisher"":{""@id"":""https://hologrammeparis.com/fr/#organization/""},""inLanguage"":""fr-FR""},{""@type"":""ImageObject"",""@id"":""https://hologrammeparis.com/wp-content/uploads/2024/08/18500MI-1.jpg"",""url"":""https://hologrammeparis.com/wp-content/uploads/2024/08/18500MI-1.jpg"",""width"":""800"",""height"":""1200"",""inLanguage"":""fr-FR""},{""@type"":""BreadcrumbList"",""@id"":""https://hologrammeparis.com/fr/product/casquette-18500mi/#breadcrumb"",""itemListElement"":[{""@type"":""ListItem"",""position"":""1"",""item"":{""@id"":""https://hologrammeparis.com/fr/"",""name"":""Accueil""}},{""@type"":""ListItem"",""position"":""2"",""item"":{""@id"":""https://hologrammeparis.com/fr/product-category/chapellerie/collection-hiver/casquettes-hiver/"",""name"":""Casquettes Hiver""}},{""@type"":""ListItem"",""position"":""3"",""item"":{""@id"":""https://hologrammeparis.com/fr/product/casquette-18500mi/"",""name"":""Casquette &#8211; 18500MI""}}]},{""@type"":""ItemPage"",""@id"":""https://hologrammeparis.com/fr/product/casquette-18500mi/#webpage"",""url"":""https://hologrammeparis.com/fr/product/casquette-18500mi/"",""name"":""Casquette - 18500MI - Hologramme Paris"",""datePublished"":""2024-08-16T18:14:44+02:00"",""dateModified"":""2025-08-21T16:44:55+02:00"",""isPartOf"":{""@id"":""https://hologrammeparis.com/fr/#website/""},""primaryImageOfPage"":{""@id"":""https://hologrammeparis.com/wp-content/uploads/2024/08/18500MI-1.jpg""},""inLanguage"":""fr-FR"",""breadcrumb"":{""@id"":""https://hologrammeparis.com/fr/product/casquette-18500mi/#breadcrumb""}},{""@type"":""Product"",""brand"":{""@type"":""Brand"",""name"":""Hologramme Paris""},""name"":""Casquette - 18500MI - Hologramme Paris"",""description"":""D\u00e9couvrez notre Casquette - 18500MI au prix de grossiste pour votre boutique sur Hologramme Paris."",""category"":""Chapellerie &gt; Collection Hiver &gt; Casquettes Hiver"",""mainEntityOfPage"":{""@id"":""https://hologrammeparis.com/fr/product/casquette-18500mi/#webpage""},""image"":[{""@type"":""ImageObject"",""url"":""https://hologrammeparis.com/wp-content/uploads/2024/08/18500MI-1.jpg"",""height"":""1200"",""width"":""800""},{""@type"":""ImageObject"",""url"":""https://hologrammeparis.com/wp-content/uploads/2024/08/18500MI-2.jpg"",""height"":""1200"",""width"":""800""},{""@type"":""ImageObject"",""url"":""https://hologrammeparis.com/wp-content/uploads/2024/08/18500MI-3.jpg"",""height"":""1200"",""width"":""800""},{""@type"":""ImageObject"",""url"":""https://hologrammeparis.com/wp-content/uploads/2024/08/18500MI-4.jpg"",""height"":""1200"",""width"":""800""}],""offers"":{""@type"":""Offer"",""price"":""0.50"",""priceCurrency"":""EUR"",""availability"":""https://schema.org/InStock"",""url"":""https://hologrammeparis.com/fr/product/casquette-18500mi/""},""additionalProperty"":[{""@type"":""PropertyValue"",""name"":""pa_couleur"",""value"":""Marine""},{""@type"":""PropertyValue"",""name"":""pa_composition"",""value"":""100% Laine""}],""@id"":""https://hologrammeparis.com/fr/product/casquette-18500mi/#richSnippet""}]}",INCOMPLETO; descrição não encontrada,2025-10-19T19:58:54.709715
"Boné – 18438MC
18502MI",sheet,BOINAS INVERNO,BOINA OITAVA HARRIS TWEED,85.0,https://hologrammeparis.com/product/casquette-18438mc/,,,http_status_404,2025-10-19T19:58:54.709715
Boné – 22174,sheet,BOINAS INVERNO,BOINA OITAVADA HARRINGBONE,29.9,https://hologrammeparis.com/product/casquette-22174/,,,http_status_404,2025-10-19T19:58:54.709715
18220MI,sheet,BOINAS INVERNO,BOINA OITAVADA PURE WOOL,45.0,https://hologrammeparis.com/product/casquette-18220mi-new/,,"{""@context"":""https://schema.org"",""@graph"":[{""@type"":""Place"",""@id"":""https://hologrammeparis.com/fr/#place/"",""geo"":{""@type"":""GeoCoordinates"",""latitude"":""48.9205"",""longitude"":"" 2.3865""},""hasMap"":""https://www.google.com/maps/search/?api=1&amp;query=48.9205, 2.3865"",""address"":{""@type"":""PostalAddress"",""streetAddress"":""90 Rue de la Haie Coq"",""addressLocality"":""B\u00e2timent 244"",""addressRegion"":""Aubervilliers"",""postalCode"":""93300"",""addressCountry"":""FR""}},{""@type"":[""WholesaleStore"",""Organization""],""@id"":""https://hologrammeparis.com/fr/#organization/"",""name"":""Hologramme Paris"",""url"":""https://hologrammeparis.com/fr/"",""sameAs"":[""https://www.facebook.com/hologrammeparis/"",""https://twitter.com/HologrammeParis"",""https://www.instagram.com/hologrammeparis"",""https://www.linkedin.com/company/hologramme""],""email"":""david@hologrammeparis.com"",""address"":{""@type"":""PostalAddress"",""streetAddress"":""90 Rue de la Haie Coq"",""addressLocality"":""B\u00e2timent 244"",""addressRegion"":""Aubervilliers"",""postalCode"":""93300"",""addressCountry"":""FR""},""logo"":{""@type"":""ImageObject"",""@id"":""https://hologrammeparis.com/fr/#logo/"",""url"":""https://hologrammeparis.com/wp-content/uploads/2025/04/logo_Hologramme_800x800.webp"",""contentUrl"":""https://hologrammeparis.com/wp-content/uploads/2025/04/logo_Hologramme_800x800.webp"",""caption"":""Hologramme Paris"",""inLanguage"":""fr-FR"",""width"":""800"",""height"":""800""},""priceRange"":""2-40 euros"",""openingHours"":[""Monday,Tuesday,Wednesday,Thursday,Friday 09:00-18:00"",""Saturday 14:00-18:00""],""location"":{""@id"":""https://hologrammeparis.com/fr/#place/""},""image"":{""@id"":""https://hologrammeparis.com/fr/#logo/""},""telephone"":""+33 6 95 99 56 80""},{""@type"":""WebSite"",""@id"":""https://hologrammeparis.com/fr/#website/"",""url"":""https://hologrammeparis.com/fr/"",""name"":""Hologramme Paris"",""publisher"":{""@id"":""https://hologrammeparis.com/fr/#organization/""},""inLanguage"":""fr-FR""},{""@type"":""ImageObject"",""@id"":""https://hologrammeparis.com/wp-content/uploads/2023/08/18220MI.jpg"",""url"":""https://hologrammeparis.com/wp-content/uploads/2023/08/18220MI.jpg"",""width"":""800"",""height"":""1200"",""inLanguage"":""fr-FR""},{""@type"":""BreadcrumbList"",""@id"":""https://hologrammeparis.com/fr/product/casquette-18220mi-new/#breadcrumb"",""itemListElement"":[{""@type"":""ListItem"",""position"":""1"",""item"":{""@id"":""https://hologrammeparis.com/fr/"",""name"":""Accueil""}},{""@type"":""ListItem"",""position"":""2"",""item"":{""@id"":""https://hologrammeparis.com/fr/product-category/chapellerie/collection-hiver/casquettes-hiver/casquettes-gavroches-hiver/"",""name"":""Casquettes gavroches hiver""}},{""@type"":""ListItem"",""position"":""3"",""item"":{""@id"":""https://hologrammeparis.com/fr/product/casquette-18220mi-new/"",""name"":""Casquette &#8211; 18220MI New""}}]},{""@type"":""ItemPage"",""@id"":""https://hologrammeparis.com/fr/product/casquette-18220mi-new/#webpage"",""url"":""https://hologrammeparis.com/fr/product/casquette-18220mi-new/"",""name"":""Casquette - 18220MI New - Hologramme Paris"",""datePublished"":""2023-08-21T14:56:22+02:00"",""dateModified"":""2025-06-02T17:55:49+02:00"",""isPartOf"":{""@id"":""https://hologrammeparis.com/fr/#website/""},""primaryImageOfPage"":{""@id"":""https://hologrammeparis.com/wp-content/uploads/2023/08/18220MI.jpg""},""inLanguage"":""fr-FR"",""breadcrumb"":{""@id"":""https://hologrammeparis.com/fr/product/casquette-18220mi-new/#breadcrumb""}},{""@type"":""Product"",""brand"":{""@type"":""Brand"",""name"":""Hologramme Paris""},""name"":""Casquette - 18220MI New - Hologramme Paris"",""description"":""D\u00e9couvrez notre Casquette - 18220MI New au prix de grossiste pour votre boutique sur Hologramme Paris."",""category"":""Chapellerie &gt; Collection Hiver &gt; Casquettes Hiver &gt; Casquettes gavroches hiver"",""mainEntityOfPage"":{""@id"":""https://hologrammeparis.com/fr/product/casquette-18220mi-new/#webpage""},""image"":[{""@type"":""ImageObject"",""url"":""https://hologrammeparis.com/wp-content/uploads/2023/08/18220MI.jpg"",""height"":""1200"",""width"":""800""},{""@type"":""ImageObject"",""url"":""https://hologrammeparis.com/wp-content/uploads/2023/08/18220MI-1.jpg"",""height"":""1200"",""width"":""800""},{""@type"":""ImageObject"",""url"":""https://hologrammeparis.com/wp-content/uploads/2023/08/18220MI-2.jpg"",""height"":""1200"",""width"":""800""},{""@type"":""ImageObject"",""url"":""https://hologrammeparis.com/wp-content/uploads/2023/08/18220MI-4.jpg"",""height"":""1200"",""width"":""800""}],""offers"":{""@type"":""Offer"",""price"":""0.50"",""priceCurrency"":""EUR"",""availability"":""https://schema.org/InStock"",""url"":""https://hologrammeparis.com/fr/product/casquette-18220mi-new/""},""additionalProperty"":[{""@type"":""PropertyValue"",""name"":""pa_couleur"",""value"":""Marine""},{""@type"":""PropertyValue"",""name"":""pa_composition"",""value"":""100% Laine""}],""@id"":""https://hologrammeparis.com/fr/product/casquette-18220mi-new/#richSnippet""}]}",INCOMPLETO; descrição não encontrada,2025-10-19T19:58:54.709715
Palha – 12403,sheet,FEMININO, CHAPÉUS DE PALHA FEMININOS,3.0,https://hologrammeparis.com/product/paille-12403/,,,http_status_404,2025-10-19T19:58:54.709715
