normalized_url,sku_count,skus,sources,categories,prices
https://hologrammeparis.com/fr/product/casquette-15263,1,Boné – 15263,excel; sheet,BONÉS,12.9
https://hologrammeparis.com/fr/product/casquette-15266c,1,"Boné – 15266F
Boné – 15266C",excel; sheet,BOINAS VERÃO,16.9
https://hologrammeparis.com/fr/product/casquette-15266f,1,"Boné – 15266F
Boné – 15266C",excel; sheet,BOINAS VERÃO,16.9
https://hologrammeparis.com/fr/product/casquette-18110ol,1,"Boné – 18110EC
Boné – 18110OL",excel; sheet,BOINAS VERÃO,27.5
https://hologrammeparis.com/fr/product/casquette-18452ma,1,"Boné – 18508MI
18452",excel; sheet,BOINAS INVERNO,55.0
https://hologrammeparis.com/fr/product/casquette-18452mi,1,"Boné – 18508MI
18452",excel; sheet,BOINAS INVERNO,55.0
https://hologrammeparis.com/fr/product/casquette-18515bg,1,"Boné – 18107
Boné – 18515",excel; sheet,BOINAS VERÃO,47.5
https://hologrammeparis.com/fr/product/casquette-18521a,1,Boné – 18521A,excel; sheet,BOINAS VERÃO,35.0
https://hologrammeparis.com/fr/product/casquette-e18107bg,1,"Boné – 18107
Boné – 18515",excel; sheet,BOINAS VERÃO,47.5
https://hologrammeparis.com/product/beret-5020,1,Boina Clássica – 5020,excel; sheet,FEMININO,14.9
https://hologrammeparis.com/product/bob-2018120,1,Bob – 2018120,excel; sheet,CHAPÉUS EM TECIDO,19.9
https://hologrammeparis.com/product/bob-2018121,1,Bob – 2018121,excel; sheet,CHAPÉUS EM TECIDO,14.9
https://hologrammeparis.com/product/bonnet-22100,1,"Gorro – Miki 22100

gorro de lã estilo bretão “Miki Docker” com aba de aperto traseira",excel; sheet,BOINAS INVERNO,24.9
https://hologrammeparis.com/product/bonnet-344974,1,"Gorro – 344974

gorro de lã estilo bretão “Miki Docker” com aba de aperto traseira",excel; sheet,BOINAS INVERNO,24.9
https://hologrammeparis.com/product/bonnet-5942f,1,"Gorro – 5942F
Bonnet – 5942C",excel; sheet,FEMININO,19.9
https://hologrammeparis.com/product/casquette-12625,1,Boné – 12625,excel; sheet,FEMININO,24.9
https://hologrammeparis.com/product/casquette-12805,1,Boné – 12805,excel; sheet,BOINAS VERÃO,27.5
https://hologrammeparis.com/product/casquette-18074bl,1,"Boné – 18074
Boné – 18074K
Boné – 18074GC",excel; sheet,BOINAS INVERNO,29.9
https://hologrammeparis.com/product/casquette-18074gc,1,"Boné – 18074
Boné – 18074K
Boné – 18074GC",excel; sheet,BOINAS INVERNO,29.9
https://hologrammeparis.com/product/casquette-18074v,1,"Boné – 18074
Boné – 18074K
Boné – 18074GC",excel; sheet,BOINAS INVERNO,29.9
https://hologrammeparis.com/product/casquette-18106b,1,"Boné – 18106MI
Boné – 18106K
Boné – 18106G
18106MA",excel; sheet,BOINAS INVERNO,27.5
https://hologrammeparis.com/product/casquette-18106c,1,"Boné – 18106MI
Boné – 18106K
Boné – 18106G
18106MA",excel; sheet,BOINAS INVERNO,27.5
https://hologrammeparis.com/product/casquette-18106e,1,"Boné – 18106MI
Boné – 18106K
Boné – 18106G
18106MA",excel; sheet,BOINAS INVERNO,27.5
https://hologrammeparis.com/product/casquette-18106k,1,"Boné – 18106MI
Boné – 18106K
Boné – 18106G
18106MA",excel; sheet,BOINAS INVERNO,27.5
https://hologrammeparis.com/product/casquette-18110ec,1,"Boné – 18110EC
Boné – 18110OL",excel; sheet,BOINAS VERÃO,27.5
https://hologrammeparis.com/product/casquette-18153k,1,Boné – 18153K,excel; sheet,BOINAS INVERNO,35.0
https://hologrammeparis.com/product/casquette-18161m,1,"Boné – 18161N
Boné – 18161M",excel; sheet,ARTIGOS EM PELE,89.9
https://hologrammeparis.com/product/casquette-18161n,1,"Boné – 18161N
Boné – 18161M",excel; sheet,ARTIGOS EM PELE,89.9
https://hologrammeparis.com/product/casquette-18279bg,1,"Boné – 18279K
Boné – 18279MA
Boné – 18279MI
Boné – 18279BG
Boné – 18279G",excel; sheet,BOINAS INVERNO,45.0
https://hologrammeparis.com/product/casquette-18279k,1,"Boné – 18279K
Boné – 18279MA
Boné – 18279MI
Boné – 18279BG
Boné – 18279G",excel; sheet,BOINAS INVERNO,45.0
https://hologrammeparis.com/product/casquette-18279ma,1,"Boné – 18279K
Boné – 18279MA
Boné – 18279MI
Boné – 18279BG
Boné – 18279G",excel; sheet,BOINAS INVERNO,45.0
https://hologrammeparis.com/product/casquette-18279mi,1,"Boné – 18279K
Boné – 18279MA
Boné – 18279MI
Boné – 18279BG
Boné – 18279G",excel; sheet,BOINAS INVERNO,45.0
https://hologrammeparis.com/product/casquette-18438mc,1,"Boné – 18438MC
18502MI",excel; sheet,BOINAS INVERNO,85.0
https://hologrammeparis.com/product/casquette-18439ol,1,Boné – 18439OL,excel; sheet,BOINAS INVERNO,45.0
https://hologrammeparis.com/product/casquette-18440ol,1,Boné – 18440OL,excel; sheet,BOINAS INVERNO,45.0
https://hologrammeparis.com/product/casquette-18445ca,1,"Boné – 18445MI
Boné – 18445K
Boné – 18445N
Boné – 18445GR
Boné – 18445CA",excel; sheet,BOINAS INVERNO,29.9
https://hologrammeparis.com/product/casquette-18445gr,1,"Boné – 18445MI
Boné – 18445K
Boné – 18445N
Boné – 18445GR
Boné – 18445CA",excel; sheet,BOINAS INVERNO,29.9
https://hologrammeparis.com/product/casquette-18445k,1,"Boné – 18445MI
Boné – 18445K
Boné – 18445N
Boné – 18445GR
Boné – 18445CA",excel; sheet,BOINAS INVERNO,29.9
https://hologrammeparis.com/product/casquette-18445mi,1,"Boné – 18445MI
Boné – 18445K
Boné – 18445N
Boné – 18445GR
Boné – 18445CA",excel; sheet,BOINAS INVERNO,29.9
https://hologrammeparis.com/product/casquette-18445n,1,"Boné – 18445MI
Boné – 18445K
Boné – 18445N
Boné – 18445GR
Boné – 18445CA",excel; sheet,BOINAS INVERNO,29.9
https://hologrammeparis.com/product/casquette-18456g,1,Boné – 18456G,excel; sheet,BOINAS INVERNO,45.0
https://hologrammeparis.com/product/casquette-18456ma,1,Boné – 18456G,excel; sheet,BOINAS INVERNO,45.0
https://hologrammeparis.com/product/casquette-18456mi,1,Boné – 18456G,excel; sheet,BOINAS INVERNO,45.0
https://hologrammeparis.com/product/casquette-18456v,1,Boné – 18456G,excel; sheet,BOINAS INVERNO,45.0
https://hologrammeparis.com/product/casquette-18474g,1,Boné – 18474,excel; sheet,BOINAS VERÃO,45.0
https://hologrammeparis.com/product/casquette-18474ol,1,Boné – 18474,excel; sheet,BOINAS VERÃO,45.0
https://hologrammeparis.com/product/casquette-18500mi,1,Boné – 18500MI,excel; sheet,BOINAS INVERNO,85.0
https://hologrammeparis.com/product/casquette-18501mi,1,Boné – 18501MI,excel; sheet,BOINAS INVERNO,85.0
https://hologrammeparis.com/product/casquette-18502mi,1,"Boné – 18438MC
18502MI",excel; sheet,BOINAS INVERNO,85.0
https://hologrammeparis.com/product/casquette-18508k,1,"Boné – 18508MI
18452",excel; sheet,BOINAS INVERNO,55.0
https://hologrammeparis.com/product/casquette-18508mi,1,"Boné – 18508MI
18452",excel; sheet,BOINAS INVERNO,55.0
https://hologrammeparis.com/product/casquette-22103,1,Casquette – 22103,excel; sheet,FEMININO,24.9
https://hologrammeparis.com/product/casquette-22174,1,Boné – 22174,excel; sheet,BOINAS INVERNO,29.9
https://hologrammeparis.com/product/casquette-22195,1,Boné – 22195,excel; sheet,BOINAS INVERNO,29.9
https://hologrammeparis.com/product/casquette-22224,1,Boné – 22182,excel; sheet,BOINAS INVERNO,27.5
https://hologrammeparis.com/product/casquette-22238,1,Boné – 22238,excel; sheet,FEMININO,29.9
https://hologrammeparis.com/product/casquette-25023,1,Boné – 25023,excel; sheet,BOINAS INVERNO,29.9
https://hologrammeparis.com/product/casquette-25025,1,Boné – 25025,excel; sheet,BOINAS INVERNO,29.9
https://hologrammeparis.com/product/casquette-e18107bl,1,"Boné – 18107
Boné – 18515",excel; sheet,BOINAS VERÃO,47.5
https://hologrammeparis.com/product/chapeau-49103,1,Chapéu – 49103,excel; sheet,À PROVA D´ÁGUA,45.0
https://hologrammeparis.com/product/chapeau-art-970-pack-12,1,Chapéu – Art 970 (Pack 12),excel; sheet,CHAPÉUS LÃ,29.9
https://hologrammeparis.com/product/chapeau-waterproof-art-181054-pack-12,1,"Chapéu Impermeável – Art 181054 (Pack 12)

Tags: Fabricado na Itália , Lã Esmagável Impermeável",excel; sheet,CHAPÉUS LÃ,67.5
https://hologrammeparis.com/product/chapeau-waterproof-art-181056-pack-12,1,"Chapéu Impermeável – Art 181056

Tags: Fabricado na Itália , Lã,  Esmagável,  Impermeável",excel; sheet,CHAPÉUS LÃ,49.9
https://hologrammeparis.com/product/gants-17119n,1,Gants – 17119,excel; sheet,ARTIGOS EM PELE,35.0
https://hologrammeparis.com/product/gants-17120n,1,Gants – 17120,excel; sheet,ARTIGOS EM PELE,35.0
https://hologrammeparis.com/product/paille-941216-cuir,1,Palha – 941216 Couro,excel; sheet,PALHA,35.0
https://hologrammeparis.com/product/panama-201752-ecru,1,Panamá – 201752,excel; sheet,PANAMÁ,67.5
https://hologrammeparis.com/product/panama-201754,1,Panamá – 201754,excel; sheet,PANAMÁ,67.5
https://hologrammeparis.com/product/panama-art-931-japonais,1,Panamá – 931,excel; sheet,PANAMÁ,67.5
https://hologrammeparis.com/product/porte-monnaie-5657,1,Porte-Monnaie – 5657,excel; sheet,ARTIGOS EM PELE,35.0
