sku,name,short_description,description_html,regular_price,sale_price,categories,tags,image_paths,attributes_json,stock,pack_info,external_url
BON-22182,BOINA BICO DE PATO AJUSTÁVEL,Tamanho ajustável,"<p>Tamanho ajustável</p><p>Paquet de 12 pcs assorties: 4*Noir, 3*Marron, 2*Beige, 1*Kaki, 1*Gris, 1*Camel</p><ul><li><strong>Cor</strong>: Sortido</li><li><strong>Tamanho</strong>: Tamanho único ajustável</li><li><strong>Vendido Por</strong>: Pacote 12</li><li><strong>Composição</strong>: 100% Poliéster</li></ul>",27.50,,Chapéus > Boinas > Inverno,"Inverno, Tamanho ajustável",images/boinas inverno/bone-22182/img_01.jpg | images/boinas inverno/bone-22182/img_02.jpg | images/boinas inverno/bone-22182/img_03.jpg | images/boinas inverno/bone-22182/img_04.jpg | images/boinas inverno/bone-22182/img_05.jpg | images/boinas inverno/bone-22182/img_06.jpg | images/boinas inverno/bone-22182/img_07.jpg | images/boinas inverno/bone-22182/img_08.jpg | images/boinas inverno/bone-22182/img_09.jpg,"{""Cor"":""Sortido"",""Tamanho"":""Tamanho único ajustável"",""Composição"":""100% Poliéster"",""Pack"":""Pacote 12""}",10,Pacote 12,https://hologrammeparis.com/product/casquette-22224/
BON-25025,BOINA OITAVA INVERNO,"Boina oitavada em poliéster e rayon, cores sortidas","<p>Boina oitavada em poliéster e rayon, cores sortidas</p><p>Paquet de 12 pcs assorties: 4*Noir, 2*Bordeaux, 2*Gris Clair, 1*Gris Fonce, 1*Marine, 1*Marron, 1*Kaki</p><ul><li><strong>Cor</strong>: Sortido</li><li><strong>Tamanho</strong>: 57 , 59</li><li><strong>Vendido Por</strong>: Pacote 12</li><li><strong>Composição</strong>: 67,3% Poliéster – 32,7% Rayon</li></ul>",29.90,,Chapéus > Boinas > Inverno,"Inverno, boina oitavada",images/boinas inverno/bone-25025/img_01.jpg | images/boinas inverno/bone-25025/img_02.jpg | images/boinas inverno/bone-25025/img_03.jpg | images/boinas inverno/bone-25025/img_04.jpg | images/boinas inverno/bone-25025/img_05.jpg | images/boinas inverno/bone-25025/img_06.jpg | images/boinas inverno/bone-25025/img_07.jpg | images/boinas inverno/bone-25025/img_08.jpg | images/boinas inverno/bone-25025/img_09.jpg,"{""Cor"":""Sortido"",""Tamanho"":[""57"",""59""],""Composição"":""67,3% Poliéster – 32,7% Rayon"",""Pack"":""Pacote 12""}",10,Pacote 12,https://hologrammeparis.com/product/casquette-25025/
BON-22195,BOINA OITAVA XADREZ,"Boina oitavada xadrez com mistura de lã, cores sortidas","<p>Boina oitavada xadrez com mistura de lã, cores sortidas</p><p>Paquet de 12 pcs assorties: 4*Blanc, 3*Rouille, 3*Taupe, 2*Moutarde</p><ul><li><strong>Cor</strong>: Sortido</li><li><strong>Tamanho</strong>: 57 , 59</li><li><strong>Vendido Por</strong>: Pacote 12</li><li><strong>Composição</strong>: 70% Poliéster – 15% Algodão – 15% Lã</li></ul>",29.90,,Chapéus > Boinas > Inverno,"boina oitavada, Inverno, Mistura de lã",images/boinas inverno/bone-22195/img_01.jpg | images/boinas inverno/bone-22195/img_02.jpg | images/boinas inverno/bone-22195/img_03.jpg | images/boinas inverno/bone-22195/img_04.jpg | images/boinas inverno/bone-22195/img_05.jpg | images/boinas inverno/bone-22195/img_06.jpg | images/boinas inverno/bone-22195/img_07.jpg,"{""Cor"":""Sortido"",""Tamanho"":[""57"",""59""],""Composição"":""70% Poliéster – 15% Algodão – 15% Lã"",""Pack"":""Pacote 12""}",10,Pacote 12,https://hologrammeparis.com/product/casquette-22195/
BON-25023,BOINA OITAVADA HARRINGBONE,"Boina oitavada harringbone com mistura de lã, cores sortidas","<p>Boina oitavada harringbone com mistura de lã, cores sortidas</p><p>Paquet de 12 pcs assorties: 5*Noir, 3*Beige, 3*Gris, 1*Marron</p><ul><li><strong>Cor</strong>: Sortido</li><li><strong>Tamanho</strong>: 57 , 59</li><li><strong>Vendido Por</strong>: Pacote 12</li><li><strong>Composição</strong>: 51,5% Poliéster – 25,4% Acrílico – 6,2% Rayon – 13,5% Algodão – 3,4% Lã</li></ul>",29.90,,Chapéus > Boinas > Inverno,"boina oitavada, Inverno, Mistura de lã",images/boinas inverno/bone-25023/img_01.jpg | images/boinas inverno/bone-25023/img_02.jpg | images/boinas inverno/bone-25023/img_03.jpg | images/boinas inverno/bone-25023/img_04.jpg | images/boinas inverno/bone-25023/img_05.jpg | images/boinas inverno/bone-25023/img_06.jpg | images/boinas inverno/bone-25023/img_07.jpg,"{""Cor"":""Sortido"",""Tamanho"":[""57"",""59""],""Composição"":""51,5% Poliéster – 25,4% Acrílico – 6,2% Rayon – 13,5% Algodão – 3,4% Lã"",""Pack"":""Pacote 12""}",10,Pacote 12,https://hologrammeparis.com/product/casquette-25023/
BON-18456G,BOINA PIEMONTE HARRINGBONE,Lã Pura,"<p>Lã Pura</p><p>Découvrez notre Casquette - 18456MI au prix de grossiste pour votre boutique sur Hologramme Paris.</p><ul><li><strong>Cor</strong>: Marinho, Cinza, Castanho, Verde</li><li><strong>Tamanho</strong>: 55 , 56 , 57 , 58 , 59 , 60 , 61</li><li><strong>Vendido Por</strong>: Unitário</li><li><strong>Composição</strong>: 100% Lã</li></ul>",45.00,,Chapéus > Boinas > Inverno,"Fabricado na Itália, Inverno, Lã Pura",images/boinas inverno/bone-18456g/img_01.jpg | images/boinas inverno/bone-18456g/img_02.jpg | images/boinas inverno/bone-18456g/img_03.jpg | images/boinas inverno/bone-18456g/img_04.jpg | images/boinas inverno/bone-18456g/img_05.jpg | images/boinas inverno/bone-18456g/img_06.jpg | images/boinas inverno/bone-18456g/img_07.jpg | images/boinas inverno/bone-18456g/img_08.jpg | images/boinas inverno/bone-18456g/img_09.jpg | images/boinas inverno/bone-18456g/img_10.jpg | images/boinas inverno/bone-18456g/img_11.jpg | images/boinas inverno/bone-18456g/img_12.jpg | images/boinas inverno/bone-18456g/img_13.jpg | images/boinas inverno/bone-18456g/img_14.jpg | images/boinas inverno/bone-18456g/img_15.jpg | images/boinas inverno/bone-18456g/img_16.jpg,"{""Cor"":[""Marinho"",""Cinza"",""Castanho"",""Verde""],""Tamanho"":[""55"",""56"",""57"",""58"",""59"",""60"",""61""],""Composição"":""100% Lã"",""Pack"":""Unitário""}",10,Unitário,https://hologrammeparis.com/product/casquette-18456mi/
BON-18439OL,BOINA PURE WOOL QUADRADOS,Lã Pura,"<p>Lã Pura</p><p>Découvrez notre Casquette - 18439OL au prix de grossiste pour votre boutique sur Hologramme Paris.</p><ul><li><strong>Cor</strong>: Oliva</li><li><strong>Tamanho</strong>: 55 , 56 , 57 , 58 , 59 , 60 , 61</li><li><strong>Vendido Por</strong>: Unitário</li><li><strong>Composição</strong>: 100% Lã</li></ul>",45.00,,Chapéus > Boinas > Inverno,"Fabricado na Itália, Inverno, Lã Pura",images/boinas inverno/bone-18439ol/img_01.jpg | images/boinas inverno/bone-18439ol/img_02.jpg | images/boinas inverno/bone-18439ol/img_03.jpg | images/boinas inverno/bone-18439ol/img_04.jpg,"{""Cor"":""Oliva"",""Tamanho"":[""55"",""56"",""57"",""58"",""59"",""60"",""61""],""Composição"":""100% Lã"",""Pack"":""Unitário""}",10,Unitário,https://hologrammeparis.com/product/casquette-18439ol/
BON-18438MC-18502MI,BOINA OITAVA HARRIS TWEED,Harris Tweed 100% lã virgem,"<p>Harris Tweed 100% lã virgem</p><p>Harris Tweed 100% Laine vierge</p><ul><li><strong>Cor</strong>: Multicolorido</li><li><strong>Tamanho</strong>: 55 , 56 , 57 , 58 , 59 , 60 , 61</li><li><strong>Vendido Por</strong>: Unitário</li><li><strong>Composição</strong>: 100% Lã</li></ul>",85.00,,Chapéus > Boinas > Inverno,"Fabricado na Itália, Harris Tweed, Inverno, Lã Pura",images/boinas inverno/bone-18438mc-18502mi/img_01.jpg | images/boinas inverno/bone-18438mc-18502mi/img_02.jpg | images/boinas inverno/bone-18438mc-18502mi/img_03.jpg | images/boinas inverno/bone-18438mc-18502mi/img_04.jpg,"{""Cor"":""Multicolorido"",""Tamanho"":[""55"",""56"",""57"",""58"",""59"",""60"",""61""],""Composição"":""100% Lã"",""Pack"":""Unitário""}",10,Unitário,https://hologrammeparis.com/product/casquette-18438mc/
BON-18106MI-BON-18106K-BON-18106G-18106M,BOINA PIEMONTE BOMBAZINE,"Boina Piemonte em 100% algodão bombazine, fabricada na Itália","<p>Boina Piemonte em 100% algodão bombazine, fabricada na Itália</p><p>Découvrez notre Casquette - 18106MI au prix de grossiste pour votre boutique sur Hologramme Paris.</p><ul><li><strong>Cor</strong>: Azul , Bege, Castanho, Cinza, Preto, Verde</li><li><strong>Tamanho</strong>: 55 , 56 , 57 , 58 , 59 , 60 , 61</li><li><strong>Vendido Por</strong>: Unitário</li><li><strong>Composição</strong>: 100% algodão (BOMBAZINE)</li></ul>",27.50,,Chapéus > Boinas > Inverno,"Rótulo: Fabricado na Itália, bombazine",images/boinas inverno/bone-18106mi-bone-18106k-bone-18106g-18106ma/img_01.jpg,"{""Cor"":[""Azul"",""Bege"",""Castanho"",""Cinza"",""Preto"",""Verde""],""Tamanho"":[""55"",""56"",""57"",""58"",""59"",""60"",""61""],""Composição"":""100% algodão (BOMBAZINE)"",""Pack"":""Unitário""}",10,Unitário,https://hologrammeparis.com/product/casquette-18106e/
BON-18153K,BOINA MISTURA DE LÃ QUADRADOS,"Boina com mistura de lã e padrão quadrados, fabricada na Itália","<p>Boina com mistura de lã e padrão quadrados, fabricada na Itália</p><p>Découvrez notre Casquette - 18153K au prix de grossiste pour votre boutique sur Hologramme Paris.</p><ul><li><strong>Cor</strong>: Cáqui</li><li><strong>Tamanho</strong>: 55 , 56 , 57 , 58 , 59 , 60 , 61</li><li><strong>Vendido Por</strong>: Unitário</li><li><strong>Composição</strong>: 16% Poliéster – 25% Acrílico – 59% Lã</li></ul>",35.00,,Chapéus > Boinas > Inverno,Rótulo: Fabricado na Itália,images/boinas inverno/bone-18153k/img_01.jpg | images/boinas inverno/bone-18153k/img_02.jpg | images/boinas inverno/bone-18153k/img_03.jpg | images/boinas inverno/bone-18153k/img_04.jpg,"{""Cor"":""Cáqui"",""Tamanho"":[""55"",""56"",""57"",""58"",""59"",""60"",""61""],""Composição"":""16% Poliéster – 25% Acrílico – 59% Lã"",""Pack"":""Unitário""}",10,Unitário,https://hologrammeparis.com/product/casquette-18153k/
BON-18445MI-BON-18445K-BON-18445N-BON-18,BOINA PIEMONTE CASHMERE,WOOL &amp; CASHEMERE,"<p>WOOL &amp; CASHEMERE</p><p>Découvrez notre Casquette - 18445MI au prix de grossiste pour votre boutique sur Hologramme Paris.</p><ul><li><strong>Cor</strong>: Marinho, Cáqui, Preto, Cinza, Camel</li><li><strong>Tamanho</strong>: 55 , 56 , 57 , 58 , 59 , 60 , 61</li><li><strong>Vendido Por</strong>: Unitário</li><li><strong>Composição</strong>: 70% Lã – 20% Poliamida – 10% Caxemira</li></ul>",29.90,,Chapéus > Boinas > Inverno,"Fabricado na Itália, Inverno, cashmere",images/boinas inverno/bone-18445mi-bone-18445k-bone-18445n-bone-18445gr-bone-18445ca/img_01.jpg | images/boinas inverno/bone-18445mi-bone-18445k-bone-18445n-bone-18445gr-bone-18445ca/img_02.jpg | images/boinas inverno/bone-18445mi-bone-18445k-bone-18445n-bone-18445gr-bone-18445ca/img_03.jpg | images/boinas inverno/bone-18445mi-bone-18445k-bone-18445n-bone-18445gr-bone-18445ca/img_04.jpg | images/boinas inverno/bone-18445mi-bone-18445k-bone-18445n-bone-18445gr-bone-18445ca/img_05.jpg | images/boinas inverno/bone-18445mi-bone-18445k-bone-18445n-bone-18445gr-bone-18445ca/img_06.jpg | images/boinas inverno/bone-18445mi-bone-18445k-bone-18445n-bone-18445gr-bone-18445ca/img_07.jpg | images/boinas inverno/bone-18445mi-bone-18445k-bone-18445n-bone-18445gr-bone-18445ca/img_08.jpg | images/boinas inverno/bone-18445mi-bone-18445k-bone-18445n-bone-18445gr-bone-18445ca/img_09.jpg | images/boinas inverno/bone-18445mi-bone-18445k-bone-18445n-bone-18445gr-bone-18445ca/img_10.jpg | images/boinas inverno/bone-18445mi-bone-18445k-bone-18445n-bone-18445gr-bone-18445ca/img_11.jpg | images/boinas inverno/bone-18445mi-bone-18445k-bone-18445n-bone-18445gr-bone-18445ca/img_12.jpg | images/boinas inverno/bone-18445mi-bone-18445k-bone-18445n-bone-18445gr-bone-18445ca/img_13.jpg | images/boinas inverno/bone-18445mi-bone-18445k-bone-18445n-bone-18445gr-bone-18445ca/img_14.jpg | images/boinas inverno/bone-18445mi-bone-18445k-bone-18445n-bone-18445gr-bone-18445ca/img_15.jpg | images/boinas inverno/bone-18445mi-bone-18445k-bone-18445n-bone-18445gr-bone-18445ca/img_16.jpg | images/boinas inverno/bone-18445mi-bone-18445k-bone-18445n-bone-18445gr-bone-18445ca/img_17.jpg | images/boinas inverno/bone-18445mi-bone-18445k-bone-18445n-bone-18445gr-bone-18445ca/img_18.jpg | images/boinas inverno/bone-18445mi-bone-18445k-bone-18445n-bone-18445gr-bone-18445ca/img_19.jpg | images/boinas inverno/bone-18445mi-bone-18445k-bone-18445n-bone-18445gr-bone-18445ca/img_20.jpg,"{""Cor"":[""Marinho"",""Cáqui"",""Preto"",""Cinza"",""Camel""],""Tamanho"":[""55"",""56"",""57"",""58"",""59"",""60"",""61""],""Composição"":""70% Lã – 20% Poliamida – 10% Caxemira"",""Pack"":""Unitário""}",10,Unitário,https://hologrammeparis.com/product/casquette-18445mi/
BON-18440OL,BOINA OITAVADA PURE WOOL XADREZ,"Boina oitavada em 100% lã pura com padrão xadrez, fabricada na Itália","<p>Boina oitavada em 100% lã pura com padrão xadrez, fabricada na Itália</p><p>Découvrez notre Casquette - 18440OL au prix de grossiste pour votre boutique sur Hologramme Paris.</p><ul><li><strong>Cor</strong>: Oliva</li><li><strong>Tamanho</strong>: 55 , 56 , 57 , 58 , 59 , 60 , 61</li><li><strong>Vendido Por</strong>: Unitário</li><li><strong>Composição</strong>: 100% Lã</li></ul>",45.00,,Chapéus > Boinas > Inverno,"Fabricado na Itália, Inverno, Lã Pura",images/boinas inverno/bone-18440ol/img_01.jpg | images/boinas inverno/bone-18440ol/img_02.jpg | images/boinas inverno/bone-18440ol/img_03.jpg | images/boinas inverno/bone-18440ol/img_04.jpg,"{""Cor"":""Oliva"",""Tamanho"":[""55"",""56"",""57"",""58"",""59"",""60"",""61""],""Composição"":""100% Lã"",""Pack"":""Unitário""}",10,Unitário,https://hologrammeparis.com/product/casquette-18440ol/
GORRO-MIKI-22100-GORRO-DE-L-ESTILO-BRET-,CHAPÉUS MIKI / MARINHEIRO,Gorro estilo bretão Miki Docker em lã com pata de aperto traseira,"<p>Gorro estilo bretão Miki Docker em lã com pata de aperto traseira</p><p>Notre version Hologramme Paris du « Miki Docker » Bonnet style breton en laine avec patte de serrage arrière Sobre et sans logo apparent</p><ul><li><strong>Cor</strong>: Azul celeste , camelo claro , camelo escuro , cinza escuro , cáqui , marinho , marrom , mostarda , preto , vermelho , verde</li><li><strong>Vendido Por</strong>: Unitário</li><li><strong>Composição</strong>: 49% Viscose – 51% Lã</li></ul>",24.90,,Chapéus > Boinas > Inverno,CHAPÉUS MIKI / MARINHEIRO,images/boinas inverno/gorro-miki-22100-gorro-de-la-estilo-bretao-miki-docker-com-aba-de-aperto-traseira/img_01.jpg,"{""Cor"":[""Azul celeste"",""camelo claro"",""camelo escuro"",""cinza escuro"",""cáqui"",""marinho"",""marrom"",""mostarda"",""preto"",""vermelho"",""verde""],""Composição"":""49% Viscose – 51% Lã"",""Pack"":""Unitário""}",10,Unitário,https://hologrammeparis.com/product/bonnet-22100/
GORRO-344974-GORRO-DE-L-ESTILO-BRET-O-MI,CHAPÉUS MIKI / MARINHEIRO,"Gorro estilo bretão em lã merino, fabricado em Portugal","<p>Gorro estilo bretão em lã merino, fabricado em Portugal</p><p>Découvrez notre Bonnet - 4974 Laine au prix de grossiste pour votre boutique sur Hologramme Paris.</p><ul><li><strong>Cor</strong>: Borgonha , Camelo Claro , Camelo Escuro , Cinza Claro , Cinza Escuro , Cáqui , Marinho , Marrom , Marrom Escuro , Mostarda , Preto , Vermelho , Roxo</li><li><strong>Vendido Por</strong>: Unitário</li><li><strong>Composição</strong>: 20% Poliamida – 80% Lã Merino</li></ul>",24.90,,Chapéus > Boinas > Inverno,Etiqueta: Fabricado em Portugal,images/boinas inverno/gorro-344974-gorro-de-la-estilo-bretao-miki-docker-com-aba-de-aperto-traseira/img_01.jpg,"{""Cor"":[""Borgonha"",""Camelo Claro"",""Camelo Escuro"",""Cinza Claro"",""Cinza Escuro"",""Cáqui"",""Marinho"",""Marrom"",""Marrom Escuro"",""Mostarda"",""Preto"",""Vermelho"",""Roxo""],""Composição"":""20% Poliamida – 80% Lã Merino"",""Pack"":""Unitário""}",10,Unitário,https://hologrammeparis.com/product/bonnet-344974/?attribute_pa_couleur=gris-fonce
BON-18508MI-18452,BOINA SEXTAVADA PURE WOOL,"Boina sextavada em 100% lã pura, fabricada na Itália","<p>Boina sextavada em 100% lã pura, fabricada na Itália</p><p>Découvrez notre Casquette - 18508MI au prix de grossiste pour votre boutique sur Hologramme Paris.</p><ul><li><strong>Cor</strong>: Marinha, Caqui, Marrom</li><li><strong>Tamanho</strong>: 55 , 56 , 57 , 58 , 59 , 60 , 61</li><li><strong>Vendido Por</strong>: Unitário</li><li><strong>Composição</strong>: 100% Lã</li></ul>",55.00,,Chapéus > Boinas > Inverno,"Fabricado na Itália, Inverno, Lã Pura",images/boinas inverno/bone-18508mi-18452/img_01.jpg | images/boinas inverno/bone-18508mi-18452/img_02.jpg | images/boinas inverno/bone-18508mi-18452/img_03.jpg | images/boinas inverno/bone-18508mi-18452/img_04.jpg | images/boinas inverno/bone-18508mi-18452/img_05.jpg | images/boinas inverno/bone-18508mi-18452/img_06.jpg | images/boinas inverno/bone-18508mi-18452/img_07.jpg | images/boinas inverno/bone-18508mi-18452/img_08.jpg | images/boinas inverno/bone-18508mi-18452/img_09.jpg | images/boinas inverno/bone-18508mi-18452/img_10.jpg | images/boinas inverno/bone-18508mi-18452/img_11.jpg | images/boinas inverno/bone-18508mi-18452/img_12.jpg | images/boinas inverno/bone-18508mi-18452/img_13.jpg | images/boinas inverno/bone-18508mi-18452/img_14.jpg | images/boinas inverno/bone-18508mi-18452/img_15.jpg | images/boinas inverno/bone-18508mi-18452/img_16.jpg,"{""Cor"":[""Marinha"",""Caqui"",""Marrom""],""Tamanho"":[""55"",""56"",""57"",""58"",""59"",""60"",""61""],""Composição"":""100% Lã"",""Pack"":""Unitário""}",10,Unitário,https://hologrammeparis.com/product/casquette-18508mi/
BON-18500MI,BOINA HARRIS TWEED QUADRADOS,Harris Tweed 100% lã virgem,"<p>Harris Tweed 100% lã virgem</p><p>Harris Tweed 100% Laine vierge</p><ul><li><strong>Cor</strong>: Marinho</li><li><strong>Tamanho</strong>: 55 , 56 , 57 , 58 , 59 , 60 , 61</li><li><strong>Vendido Por</strong>: Unitário</li><li><strong>Composição</strong>: 100% Lã</li></ul>",85.00,,Chapéus > Boinas > Inverno,"Fabricado na Itália, Harris Tweed, Inverno, Lã Pura",images/boinas inverno/bone-18500mi/img_01.jpg | images/boinas inverno/bone-18500mi/img_02.jpg | images/boinas inverno/bone-18500mi/img_03.jpg | images/boinas inverno/bone-18500mi/img_04.jpg,"{""Cor"":""Marinho"",""Tamanho"":[""55"",""56"",""57"",""58"",""59"",""60"",""61""],""Composição"":""100% Lã"",""Pack"":""Unitário""}",10,Unitário,https://hologrammeparis.com/product/casquette-18500mi/
BON-18501MI,BOINA HARRIS TWEED PATCHWORK,Harris Tweed 100% lã virgem,"<p>Harris Tweed 100% lã virgem</p><p>Harris Tweed 100% Laine vierge</p><ul><li><strong>Cor</strong>: Marinho</li><li><strong>Tamanho</strong>: 55 , 56 , 57 , 58 , 59 , 60 , 61</li><li><strong>Vendido Por</strong>: Unitário</li><li><strong>Composição</strong>: 100% Lã</li></ul>",85.00,,Chapéus > Boinas > Inverno,"Fabricado na Itália, Harris Tweed, Inverno, Lã Pura",images/boinas inverno/bone-18501mi/img_01.jpg | images/boinas inverno/bone-18501mi/img_02.jpg | images/boinas inverno/bone-18501mi/img_03.jpg | images/boinas inverno/bone-18501mi/img_04.jpg,"{""Cor"":""Marinho"",""Tamanho"":[""55"",""56"",""57"",""58"",""59"",""60"",""61""],""Composição"":""100% Lã"",""Pack"":""Unitário""}",10,Unitário,https://hologrammeparis.com/product/casquette-18501mi/
BON-18074-BON-18074K-BON-18074GC,BOINA PIEMONTE MIX WOOL,"Boina Piemonte com mistura de lã, fabricada na Itália","<p>Boina Piemonte com mistura de lã, fabricada na Itália</p><p>Découvrez notre Casquette - 18074BL au prix de grossiste pour votre boutique sur Hologramme Paris.</p><ul><li><strong>Cor</strong>: Azul, Verde, Cinza</li><li><strong>Tamanho</strong>: 55 , 56 , 57 , 58 , 59 , 60 , 61</li><li><strong>Vendido Por</strong>: Unitário</li><li><strong>Composição</strong>: 35% Lã – 25% Poliéster – 20% Acrílico – 10% Algodão – 10% Poliamida</li></ul>",29.90,,Chapéus > Boinas > Inverno,"Fabricado na Itália, Inverno",images/boinas inverno/bone-18074-bone-18074k-bone-18074gc/img_01.jpg | images/boinas inverno/bone-18074-bone-18074k-bone-18074gc/img_02.jpg | images/boinas inverno/bone-18074-bone-18074k-bone-18074gc/img_03.jpg | images/boinas inverno/bone-18074-bone-18074k-bone-18074gc/img_04.jpg | images/boinas inverno/bone-18074-bone-18074k-bone-18074gc/img_05.jpg | images/boinas inverno/bone-18074-bone-18074k-bone-18074gc/img_06.jpg | images/boinas inverno/bone-18074-bone-18074k-bone-18074gc/img_07.jpg | images/boinas inverno/bone-18074-bone-18074k-bone-18074gc/img_08.jpg | images/boinas inverno/bone-18074-bone-18074k-bone-18074gc/img_09.jpg | images/boinas inverno/bone-18074-bone-18074k-bone-18074gc/img_12.jpg | images/boinas inverno/bone-18074-bone-18074k-bone-18074gc/img_13.jpg | images/boinas inverno/bone-18074-bone-18074k-bone-18074gc/img_14.jpg | images/boinas inverno/bone-18074-bone-18074k-bone-18074gc/img_15.jpg,"{""Cor"":[""Azul"",""Verde"",""Cinza""],""Tamanho"":[""55"",""56"",""57"",""58"",""59"",""60"",""61""],""Composição"":""35% Lã – 25% Poliéster – 20% Acrílico – 10% Algodão – 10% Poliamida"",""Pack"":""Unitário""}",10,Unitário,https://hologrammeparis.com/product/casquette-18074bl/
BON-18279K-BON-18279MA-BON-18279MI-BON-1,BOINA SEXTAVADA COM BOMBAZINE,"Boina sextavada em bombazine, fabricada na Itália","<p>Boina sextavada em bombazine, fabricada na Itália</p><p>Découvrez notre Casquette - 18279K au prix de grossiste pour votre boutique sur Hologramme Paris.</p><ul><li><strong>Cor</strong>: Azul, Preto, Bege, Marrom, Cinza, Verde</li><li><strong>Tamanho</strong>: 55 , 56 , 57 , 58 , 59 , 60 , 61</li><li><strong>Vendido Por</strong>: Unitário</li><li><strong>Composição</strong>: 61% Poliéster – 31% Viscose – 8% Elastano , Forro: Poliéster</li></ul>",45.00,,Chapéus > Boinas > Inverno,"Fabricado na Itália, Inverno",images/boinas inverno/bone-18279k-bone-18279ma-bone-18279mi-bone-18279bg-bone-18279g/img_01.jpg | images/boinas inverno/bone-18279k-bone-18279ma-bone-18279mi-bone-18279bg-bone-18279g/img_02.jpg | images/boinas inverno/bone-18279k-bone-18279ma-bone-18279mi-bone-18279bg-bone-18279g/img_03.jpg | images/boinas inverno/bone-18279k-bone-18279ma-bone-18279mi-bone-18279bg-bone-18279g/img_04.jpg | images/boinas inverno/bone-18279k-bone-18279ma-bone-18279mi-bone-18279bg-bone-18279g/img_05.jpg | images/boinas inverno/bone-18279k-bone-18279ma-bone-18279mi-bone-18279bg-bone-18279g/img_06.jpg | images/boinas inverno/bone-18279k-bone-18279ma-bone-18279mi-bone-18279bg-bone-18279g/img_07.jpg | images/boinas inverno/bone-18279k-bone-18279ma-bone-18279mi-bone-18279bg-bone-18279g/img_08.jpg | images/boinas inverno/bone-18279k-bone-18279ma-bone-18279mi-bone-18279bg-bone-18279g/img_09.jpg | images/boinas inverno/bone-18279k-bone-18279ma-bone-18279mi-bone-18279bg-bone-18279g/img_10.jpg | images/boinas inverno/bone-18279k-bone-18279ma-bone-18279mi-bone-18279bg-bone-18279g/img_11.jpg | images/boinas inverno/bone-18279k-bone-18279ma-bone-18279mi-bone-18279bg-bone-18279g/img_12.jpg,"{""Cor"":[""Azul"",""Preto"",""Bege"",""Marrom"",""Cinza"",""Verde""],""Tamanho"":[""55"",""56"",""57"",""58"",""59"",""60"",""61""],""Composição"":[""61% Poliéster – 31% Viscose – 8% Elastano"",""Forro: Poliéster""],""Pack"":""Unitário""}",10,Unitário,https://hologrammeparis.com/product/casquette-18279k/
18220MI,BOINA OITAVADA PURE WOOL,"Boina oitavada em 100% lã pura Shetland, fabricada na Itália","<p>Boina oitavada em 100% lã pura Shetland, fabricada na Itália</p><p>100% Pure Laine Shetland</p><ul><li><strong>Cor</strong>: Marinha</li><li><strong>Tamanho</strong>: 55 , 56 , 57 , 58 , 59 , 60 , 61</li><li><strong>Vendido Por</strong>: Unitário</li><li><strong>Composição</strong>: 100% Lã</li></ul>",45.00,,Chapéus > Boinas > Inverno,"Fabricado na Itália, Inverno, Lã Pura",images/boinas inverno/18220mi/img_01.jpg | images/boinas inverno/18220mi/img_02.jpg | images/boinas inverno/18220mi/img_03.jpg | images/boinas inverno/18220mi/img_04.jpg,"{""Cor"":""Marinha"",""Tamanho"":[""55"",""56"",""57"",""58"",""59"",""60"",""61""],""Composição"":""100% Lã"",""Pack"":""Unitário""}",10,Unitário,https://hologrammeparis.com/product/casquette-18220mi-new/
HOLOGRAMME,VISEIRA  FEMININA,"COR        
Bege, Castanho, Verde, Azul, Bordo, Marinho

TAMANHO                
55 , 56 , 57 , 58 , 59 , 60 , 61

VENDIDO POR        
Pacote 24

COMPOSIÇÃO                
69% Poliéster – 31% Algodão / Forro 100% Algodão","<p>COR        
Bege, Castanho, Verde, Azul, Bordo, Marinho

TAMANHO                
55 , 56 , 57 , 58 , 59 , 60 , 61

VENDIDO POR        
Pacote 24

COMPOSIÇÃO                
69% Poliéster – 31% Algodão / Forro 100% Algodão</p><p>Découvrez notre Casquette - 18474OL = 18519OL au prix de grossiste pour votre boutique sur Hologramme Paris.</p><ul><li><strong>Cor</strong>: Pink, verde, preto, azul, bege, camel</li><li><strong>Tamanho</strong>: 55 , 56 , 57 , 58 , 59 , 60 , 61</li><li><strong>Composição</strong>: 69% Poliéster – 31% Algodão / Forro 100% Algodão</li><li><strong>Vendido Por</strong>: Pacote 24</li></ul>",8.00,,Chapéus > Cowboy,VISEIRA  FEMININA,images/cowboy/hologramme/img_01.jpg | images/cowboy/hologramme/img_02.jpg | images/cowboy/hologramme/img_03.jpg | images/cowboy/hologramme/img_04.jpg,"{""Cor"":[""Pink"",""verde"",""preto"",""azul"",""bege"",""camel""],""Tamanho"":[""55"",""56"",""57"",""58"",""59"",""60"",""61""],""Composição"":[""69% Poliéster – 31% Algodão"",""Forro 100% Algodão""],""Pack"":""Pacote 24""}",10,Pacote 24,https://hologrammeparis.com/product/casquette-18474ol/
BON-12805,BOINA OITAVADA LINHO,"Boina oitavada em linho e viscose, leve e fresca para verão","<p>Boina oitavada em linho e viscose, leve e fresca para verão</p><p>Paquet de 24 pcs assorties: 4*Noir, 4*Marine, 5*Gris, 4*Vert, 3*Camel, 4*Beige</p><ul><li><strong>Cor</strong>: Sortido</li><li><strong>Tamanho</strong>: 57 , 59</li><li><strong>Vendido Por</strong>: Pacote 24</li><li><strong>Composição</strong>: 85% Viscose – 15% Linho</li></ul>",27.50,,Chapéus > Boinas > Verão,Verão 2023,images/boinas verão/bone-12805/img_01.jpg | images/boinas verão/bone-12805/img_02.jpg | images/boinas verão/bone-12805/img_03.jpg | images/boinas verão/bone-12805/img_04.jpg | images/boinas verão/bone-12805/img_05.jpg | images/boinas verão/bone-12805/img_06.jpg | images/boinas verão/bone-12805/img_07.jpg | images/boinas verão/bone-12805/img_08.jpg | images/boinas verão/bone-12805/img_09.jpg,"{""Cor"":""Sortido"",""Tamanho"":[""57"",""59""],""Composição"":""85% Viscose – 15% Linho"",""Pack"":""Pacote 24""}",10,Pacote 24,https://hologrammeparis.com/product/casquette-12805/
BON-18110EC-BON-18110OL,BOINA PIEMONTE LINHO E ALGODÃO,"Boina Piemonte em linho e algodão, fabricada na Itália","<p>Boina Piemonte em linho e algodão, fabricada na Itália</p><p>Découvrez notre Casquette - 18110EC au prix de grossiste pour votre boutique sur Hologramme Paris.</p><ul><li><strong>Cor</strong>: Cru, Preto, Verde, Azul</li><li><strong>Tamanho</strong>: 54 , 55 , 56 , 57 , 58 , 59 , 60 , 61</li><li><strong>Vendido Por</strong>: Unitário</li><li><strong>Composição</strong>: 50% Algodão – 50% Linho</li></ul>",27.50,,Chapéus > Boinas > Verão,Etiqueta: Fabricado em Italia,images/boinas verão/bone-18110ec-bone-18110ol/img_01.jpg | images/boinas verão/bone-18110ec-bone-18110ol/img_02.jpg | images/boinas verão/bone-18110ec-bone-18110ol/img_03.jpg | images/boinas verão/bone-18110ec-bone-18110ol/img_04.jpg | images/boinas verão/bone-18110ec-bone-18110ol/img_05.jpg | images/boinas verão/bone-18110ec-bone-18110ol/img_06.jpg | images/boinas verão/bone-18110ec-bone-18110ol/img_08.jpg | images/boinas verão/bone-18110ec-bone-18110ol/img_09.jpg,"{""Cor"":[""Cru"",""Preto"",""Verde"",""Azul""],""Tamanho"":[""54"",""55"",""56"",""57"",""58"",""59"",""60"",""61""],""Composição"":""50% Algodão – 50% Linho"",""Pack"":""Unitário""}",10,Unitário,https://hologrammeparis.com/product/casquette-18110ec/
BON-18474,BOINA SEXTAVADA CORES NA PALA,Boina sextavada com detalhes coloridos na pala,"<p>Boina sextavada com detalhes coloridos na pala</p><p>Découvrez notre Casquette - 18474OL = 18519OL au prix de grossiste pour votre boutique sur Hologramme Paris.</p><ul><li><strong>Cor</strong>: Verde, Bege, Azul, Cinza</li><li><strong>Tamanho</strong>: 55 , 56 , 57 , 58 , 59 , 60 , 61</li><li><strong>Vendido Por</strong>: Unitário</li><li><strong>Composição</strong>: 50% Polyester – 50% Viscose</li></ul>",45.00,,Chapéus > Boinas > Verão,BOINA SEXTAVADA CORES NA PALA,images/boinas verão/bone-18474/img_01.jpg | images/boinas verão/bone-18474/img_02.jpg | images/boinas verão/bone-18474/img_03.jpg | images/boinas verão/bone-18474/img_04.jpg | images/boinas verão/bone-18474/img_05.jpg | images/boinas verão/bone-18474/img_06.jpg | images/boinas verão/bone-18474/img_07.jpg | images/boinas verão/bone-18474/img_08.jpg,"{""Cor"":[""Verde"",""Bege"",""Azul"",""Cinza""],""Tamanho"":[""55"",""56"",""57"",""58"",""59"",""60"",""61""],""Composição"":""50% Polyester – 50% Viscose"",""Pack"":""Unitário""}",10,Unitário,https://hologrammeparis.com/product/casquette-18474ol/
HOLOGRAMME-2,VISEIRA  FEMININA,"COR        
Bege, Castanho, Verde, Azul, Bordo, Marinho

TAMANHO                
55 , 56 , 57 , 58 , 59 , 60 , 61

VENDIDO POR        
Pacote 24

COMPOSIÇÃO                
69% Poliéster – 31% Algodão / Forro 100% Algodão","<p>COR        
Bege, Castanho, Verde, Azul, Bordo, Marinho

TAMANHO                
55 , 56 , 57 , 58 , 59 , 60 , 61

VENDIDO POR        
Pacote 24

COMPOSIÇÃO                
69% Poliéster – 31% Algodão / Forro 100% Algodão</p><p>Découvrez notre Casquette - 18474OL = 18519OL au prix de grossiste pour votre boutique sur Hologramme Paris.</p><ul><li><strong>Cor</strong>: Pink, verde, preto, azul, bege, camel</li><li><strong>Tamanho</strong>: 55 , 56 , 57 , 58 , 59 , 60 , 61</li><li><strong>Composição</strong>: 69% Poliéster – 31% Algodão / Forro 100% Algodão</li><li><strong>Vendido Por</strong>: Pacote 24</li></ul>",8.00,,Chapéus > Cowboy,VISEIRA  FEMININA,images/cowboy/hologramme/img_01.jpg | images/cowboy/hologramme/img_02.jpg | images/cowboy/hologramme/img_03.jpg | images/cowboy/hologramme/img_04.jpg,"{""Cor"":[""Pink"",""verde"",""preto"",""azul"",""bege"",""camel""],""Tamanho"":[""55"",""56"",""57"",""58"",""59"",""60"",""61""],""Composição"":[""69% Poliéster – 31% Algodão"",""Forro 100% Algodão""],""Pack"":""Pacote 24""}",10,Pacote 24,https://hologrammeparis.com/product/casquette-18474ol/
BON-18107-BON-18515,"Tag: Fabricado na Itália, Linho","COR        
Verde, Azul, Bege

TAMANHO                
55 , 56 , 57 , 58 , 59 , 60 , 61

VENDIDO POR        
Unidade

COMPOSIÇÃO                
100% Linho","<p>COR        
Verde, Azul, Bege

TAMANHO                
55 , 56 , 57 , 58 , 59 , 60 , 61

VENDIDO POR        
Unidade

COMPOSIÇÃO                
100% Linho</p><p>Découvrez notre Casquette - E18107BL au prix de grossiste pour votre boutique sur Hologramme Paris.</p><ul><li><strong>Cor</strong>: Verde, Azul, Bege</li><li><strong>Tamanho</strong>: 55 , 56 , 57 , 58 , 59 , 60 , 61</li><li><strong>Vendido Por</strong>: Unidade</li><li><strong>Composição</strong>: 100% Linho</li></ul>",47.50,,Chapéus > Boinas > Verão,"Fabricado na Itália, Linho",images/boinas verão/bone-18107-bone-18515/img_01.jpg | images/boinas verão/bone-18107-bone-18515/img_02.jpg | images/boinas verão/bone-18107-bone-18515/img_03.jpg | images/boinas verão/bone-18107-bone-18515/img_04.jpg | images/boinas verão/bone-18107-bone-18515/img_05.jpg | images/boinas verão/bone-18107-bone-18515/img_06.jpg | images/boinas verão/bone-18107-bone-18515/img_07.jpg | images/boinas verão/bone-18107-bone-18515/img_08.jpg | images/boinas verão/bone-18107-bone-18515/img_09.jpg | images/boinas verão/bone-18107-bone-18515/img_10.jpg,"{""Cor"":[""Verde"",""Azul"",""Bege""],""Tamanho"":[""55"",""56"",""57"",""58"",""59"",""60"",""61""],""Composição"":""100% Linho"",""Pack"":""Unidade""}",10,Unidade,https://hologrammeparis.com/product/casquette-e18107bl/
BON-18521A,BOINA PIEMONTE ALGODÃO,"Boina Piemonte em algodão, fabricada na Itália","<p>Boina Piemonte em algodão, fabricada na Itália</p><p>Découvrez notre Casquette - 18521A au prix de grossiste pour votre boutique sur Hologramme Paris.</p><ul><li><strong>Cor</strong>: Azul, Bege, Marinho</li><li><strong>Tamanho</strong>: 55 , 56 , 57 , 58 , 59 , 60 , 61</li><li><strong>Vendido Por</strong>: Unidade</li><li><strong>Composição</strong>: 100% Algodão</li></ul>",35.00,,Chapéus > Boinas > Verão,"Fabricado na Itália, Algodão",images/boinas verão/bone-18521a/img_01.jpg | images/boinas verão/bone-18521a/img_02.jpg | images/boinas verão/bone-18521a/img_03.jpg | images/boinas verão/bone-18521a/img_04.jpg,"{""Cor"":[""Azul"",""Bege"",""Marinho""],""Tamanho"":[""55"",""56"",""57"",""58"",""59"",""60"",""61""],""Composição"":""100% Algodão"",""Pack"":""Unidade""}",10,Unidade,https://hologrammeparis.com/fr/product/casquette-18521a/
BON-15266F-BON-15266C,BOINA SEXTAVADA ALGODÃO,"Boina sextavada em algodão, leve e versátil","<p>Boina sextavada em algodão, leve e versátil</p><p>Paquet de 24 pcs assorties: 2 de chaque couleur</p><ul><li><strong>Couleur</strong>: Assorties</li><li><strong>Taille</strong>: 57, 59</li><li><strong>Vendu Par</strong>: Pack 24</li><li><strong>Composition</strong>: 100% Coton</li></ul>",16.90,,Chapéus > Boinas > Verão,"verão, cotton",images/boinas verão/bone-15266f-bone-15266c/img_01.jpg | images/boinas verão/bone-15266f-bone-15266c/img_02.jpg | images/boinas verão/bone-15266f-bone-15266c/img_03.jpg | images/boinas verão/bone-15266f-bone-15266c/img_04.jpg | images/boinas verão/bone-15266f-bone-15266c/img_05.jpg | images/boinas verão/bone-15266f-bone-15266c/img_06.jpg | images/boinas verão/bone-15266f-bone-15266c/img_07.jpg | images/boinas verão/bone-15266f-bone-15266c/img_08.jpg | images/boinas verão/bone-15266f-bone-15266c/img_09.jpg | images/boinas verão/bone-15266f-bone-15266c/img_10.jpg | images/boinas verão/bone-15266f-bone-15266c/img_11.jpg | images/boinas verão/bone-15266f-bone-15266c/img_12.jpg | images/boinas verão/bone-15266f-bone-15266c/img_13.jpg | images/boinas verão/bone-15266f-bone-15266c/img_14.jpg | images/boinas verão/bone-15266f-bone-15266c/img_15.jpg | images/boinas verão/bone-15266f-bone-15266c/img_16.jpg | images/boinas verão/bone-15266f-bone-15266c/img_17.jpg | images/boinas verão/bone-15266f-bone-15266c/img_18.jpg | images/boinas verão/bone-15266f-bone-15266c/img_19.jpg | images/boinas verão/bone-15266f-bone-15266c/img_20.jpg | images/boinas verão/bone-15266f-bone-15266c/img_21.jpg | images/boinas verão/bone-15266f-bone-15266c/img_22.jpg | images/boinas verão/bone-15266f-bone-15266c/img_23.jpg | images/boinas verão/bone-15266f-bone-15266c/img_24.jpg | images/boinas verão/bone-15266f-bone-15266c/img_25.jpg | images/boinas verão/bone-15266f-bone-15266c/img_26.jpg | images/boinas verão/bone-15266f-bone-15266c/img_27.jpg | images/boinas verão/bone-15266f-bone-15266c/img_28.jpg | images/boinas verão/bone-15266f-bone-15266c/img_29.jpg | images/boinas verão/bone-15266f-bone-15266c/img_30.jpg | images/boinas verão/bone-15266f-bone-15266c/img_31.jpg | images/boinas verão/bone-15266f-bone-15266c/img_32.jpg | images/boinas verão/bone-15266f-bone-15266c/img_33.jpg | images/boinas verão/bone-15266f-bone-15266c/img_34.jpg,{},10,,https://hologrammeparis.com/fr/product/casquette-15266f/
BON-18161N-BON-18161M,BOINA SEXTAVADA PELE,"Cor: Preto, Marrom","<p>Découvrez notre Casquette - 18161N au prix de grossiste pour votre boutique sur Hologramme Paris.</p><ul><li><strong>Cor</strong>: Preto, Marrom</li><li><strong>Tamanho</strong>: 55 , 56 , 57 , 58 , 59 , 60 , 61</li><li><strong>Vendido Por</strong>: Unitário</li><li><strong>Composição</strong>: 100% couro de vaca</li></ul>",89.90,,Acessórios > Artigos em Pele,"Fabricado na Itália, pele genuina",images/artigos em pele/bone-18161n-bone-18161m/img_01.jpg,"{""Cor"":[""Preto"",""Marrom""],""Tamanho"":[""55"",""56"",""57"",""58"",""59"",""60"",""61""],""Composição"":""100% couro de vaca"",""Pack"":""Unitário""}",10,Unitário,https://hologrammeparis.com/product/casquette-18161n/
GANTS-17120,LUVAS FEMININAS,"Couleur: Bordeaux, Gris, Marine, Marron, Moutarde, Noir, Orange, Rouge, Taupe","<p>Découvrez notre Gants en cuir classique - 17120 au prix de grossiste pour votre boutique sur Hologramme Paris.</p><ul><li><strong>Couleur</strong>: Bordeaux, Gris, Marine, Marron, Moutarde, Noir, Orange, Rouge, Taupe</li><li><strong>Taille</strong>: 6.5, 7, 7.5, 8</li><li><strong>Vendu Par</strong>: Unitaire</li><li><strong>Composition</strong>: 100% Cuir de Vachette</li></ul>",35.00,,Acessórios > Artigos em Pele,Etiqueta: LUVAS,images/artigos em pele/gants-17120/img_01.jpg,{},10,,https://hologrammeparis.com/product/gants-17120n/?attribute_pa_couleur=marron
GANTS-17119,LUVAS MASCULINAS,"Couleur: Camel, Marine, Marron, Noir","<p>Découvrez notre Gants en cuir classique - 17119 au prix de grossiste pour votre boutique sur Hologramme Paris.</p><ul><li><strong>Couleur</strong>: Camel, Marine, Marron, Noir</li><li><strong>Taille</strong>: 8, 8.5, 9, 9.5</li><li><strong>Vendu Par</strong>: Unitaire</li><li><strong>Composition</strong>: 100% Cuir d&#x27;Ovin / Doublure : 100% Polyester</li></ul>",35.00,,Acessórios > Artigos em Pele,Etiqueta: LUVAS,images/artigos em pele/gants-17119/img_01.jpg,{},10,,https://hologrammeparis.com/product/gants-17119n/
PORTE-MONNAIE-5657,CARTEIRAS,"Couleur: Bleu, Bordeaux, Cognac, Marron, Noir, Taupe","<p>Découvrez notre Porte-Monnaie - 5657 au prix de grossiste pour votre boutique sur Hologramme Paris.</p><ul><li><strong>Couleur</strong>: Bleu, Bordeaux, Cognac, Marron, Noir, Taupe</li><li><strong>Vendu Par</strong>: Unitaire</li></ul>",35.00,,Acessórios > Artigos em Pele,CARTEIRAS,images/artigos em pele/porte-monnaie-5657/img_01.jpg,{},10,,https://hologrammeparis.com/product/porte-monnaie-5657/
VELEN,CHAPÉU TIROLÊS EM CORTIÇA,Couleur: Natural,"<p>Boné Vegan estilo basebol de cortiça. 100% Eco-Friendly, produzido em Portugal. Leve,  prático e resistente. Montado - Cortiça com Arte.</p><ul><li><strong>Couleur</strong>: Natural</li><li><strong>Taille</strong>: 54, 55 , 56 , 57 , 58 , 59 , 60 , 61, 62, 63</li><li><strong>Vendu Par</strong>: Unitaire</li><li><strong>Composition</strong>: 100%</li><li><strong>Cor</strong>: Natural</li><li><strong>Tamanho</strong>: 55 , 56 , 57 , 58 , 59 , 60 , 61</li><li><strong>Composição</strong>: 100%</li><li><strong>Vendido Por</strong>: Unitário</li></ul>",45.00,,Chapéus > Cortiça,"Chapéu tirolês em cortiça. Na confecção deste chapéu não foi usado nenhum material de origem animal.

– Chapéu tirolês, 100% cortiça

– Produto sustentável.

– Produto produzido em Portugal com cortiça Portuguesa.

– Duradouro, eco-Friendly e resistente à água.

– Pode ser limpo com água e sabão neutro.

– Cor da peça em exibição: Natural.",images/cortiça/velen/img_01.jpg,"{""Cor"":""Natural"",""Tamanho"":[""55"",""56"",""57"",""58"",""59"",""60"",""61""],""Composição"":""100%"",""Pack"":""Unitário""}",10,Unitário,https://vips-velen.pt/?product=chapeu-tiroles-em-cortica
VELEN-2,CHAPÉU TIROLÊS EM CORTIÇA,Couleur: Natural,"<p>Boné Vegan estilo basebol de cortiça. 100% Eco-Friendly, produzido em Portugal. Leve,  prático e resistente. Montado - Cortiça com Arte.</p><ul><li><strong>Couleur</strong>: Natural</li><li><strong>Taille</strong>: 54, 55 , 56 , 57 , 58 , 59 , 60 , 61, 62, 63</li><li><strong>Vendu Par</strong>: Unitaire</li><li><strong>Composition</strong>: 100%</li><li><strong>Cor</strong>: Natural</li><li><strong>Tamanho</strong>: 55 , 56 , 57 , 58 , 59 , 60 , 61</li><li><strong>Composição</strong>: 100%</li><li><strong>Vendido Por</strong>: Unitário</li></ul>",45.00,,Chapéus > Cortiça,"Chapéu tirolês em cortiça. Na confecção deste chapéu não foi usado nenhum material de origem animal.

– Chapéu tirolês, 100% cortiça

– Produto sustentável.

– Produto produzido em Portugal com cortiça Portuguesa.

– Duradouro, eco-Friendly e resistente à água.

– Pode ser limpo com água e sabão neutro.

– Cor da peça em exibição: Natural.",images/cortiça/velen/img_01.jpg,"{""Cor"":""Natural"",""Tamanho"":[""55"",""56"",""57"",""58"",""59"",""60"",""61""],""Composição"":""100%"",""Pack"":""Unitário""}",10,Unitário,https://vips-velen.pt/?product=chapeu-tiroles-em-cortica
VELEN-3,CHAPÉU TIROLÊS EM CORTIÇA,Couleur: Natural,"<p>Boné Vegan estilo basebol de cortiça. 100% Eco-Friendly, produzido em Portugal. Leve,  prático e resistente. Montado - Cortiça com Arte.</p><ul><li><strong>Couleur</strong>: Natural</li><li><strong>Taille</strong>: 54, 55 , 56 , 57 , 58 , 59 , 60 , 61, 62, 63</li><li><strong>Vendu Par</strong>: Unitaire</li><li><strong>Composition</strong>: 100%</li><li><strong>Cor</strong>: Natural</li><li><strong>Tamanho</strong>: 55 , 56 , 57 , 58 , 59 , 60 , 61</li><li><strong>Composição</strong>: 100%</li><li><strong>Vendido Por</strong>: Unitário</li></ul>",45.00,,Chapéus > Cortiça,"Chapéu tirolês em cortiça. Na confecção deste chapéu não foi usado nenhum material de origem animal.

– Chapéu tirolês, 100% cortiça

– Produto sustentável.

– Produto produzido em Portugal com cortiça Portuguesa.

– Duradouro, eco-Friendly e resistente à água.

– Pode ser limpo com água e sabão neutro.

– Cor da peça em exibição: Natural.",images/cortiça/velen/img_01.jpg,"{""Cor"":""Natural"",""Tamanho"":[""55"",""56"",""57"",""58"",""59"",""60"",""61""],""Composição"":""100%"",""Pack"":""Unitário""}",10,Unitário,https://vips-velen.pt/?product=chapeu-tiroles-em-cortica
VELEN-4,CHAPÉU TIROLÊS EM CORTIÇA,Couleur: Natural,"<p>Boné Vegan estilo basebol de cortiça. 100% Eco-Friendly, produzido em Portugal. Leve,  prático e resistente. Montado - Cortiça com Arte.</p><ul><li><strong>Couleur</strong>: Natural</li><li><strong>Taille</strong>: 54, 55 , 56 , 57 , 58 , 59 , 60 , 61, 62, 63</li><li><strong>Vendu Par</strong>: Unitaire</li><li><strong>Composition</strong>: 100%</li><li><strong>Cor</strong>: Natural</li><li><strong>Tamanho</strong>: 55 , 56 , 57 , 58 , 59 , 60 , 61</li><li><strong>Composição</strong>: 100%</li><li><strong>Vendido Por</strong>: Unitário</li></ul>",45.00,,Chapéus > Cortiça,"Chapéu tirolês em cortiça. Na confecção deste chapéu não foi usado nenhum material de origem animal.

– Chapéu tirolês, 100% cortiça

– Produto sustentável.

– Produto produzido em Portugal com cortiça Portuguesa.

– Duradouro, eco-Friendly e resistente à água.

– Pode ser limpo com água e sabão neutro.

– Cor da peça em exibição: Natural.",images/cortiça/velen/img_01.jpg,"{""Cor"":""Natural"",""Tamanho"":[""55"",""56"",""57"",""58"",""59"",""60"",""61""],""Composição"":""100%"",""Pack"":""Unitário""}",10,Unitário,https://vips-velen.pt/?product=chapeu-tiroles-em-cortica
VELEN-5,CHAPÉU TIROLÊS EM CORTIÇA,Couleur: Natural,"<p>Boné Vegan estilo basebol de cortiça. 100% Eco-Friendly, produzido em Portugal. Leve,  prático e resistente. Montado - Cortiça com Arte.</p><ul><li><strong>Couleur</strong>: Natural</li><li><strong>Taille</strong>: 54, 55 , 56 , 57 , 58 , 59 , 60 , 61, 62, 63</li><li><strong>Vendu Par</strong>: Unitaire</li><li><strong>Composition</strong>: 100%</li><li><strong>Cor</strong>: Natural</li><li><strong>Tamanho</strong>: 55 , 56 , 57 , 58 , 59 , 60 , 61</li><li><strong>Composição</strong>: 100%</li><li><strong>Vendido Por</strong>: Unitário</li></ul>",45.00,,Chapéus > Cortiça,"Chapéu tirolês em cortiça. Na confecção deste chapéu não foi usado nenhum material de origem animal.

– Chapéu tirolês, 100% cortiça

– Produto sustentável.

– Produto produzido em Portugal com cortiça Portuguesa.

– Duradouro, eco-Friendly e resistente à água.

– Pode ser limpo com água e sabão neutro.

– Cor da peça em exibição: Natural.",images/cortiça/velen/img_01.jpg,"{""Cor"":""Natural"",""Tamanho"":[""55"",""56"",""57"",""58"",""59"",""60"",""61""],""Composição"":""100%"",""Pack"":""Unitário""}",10,Unitário,https://vips-velen.pt/?product=chapeu-tiroles-em-cortica
VELEN-6,CHAPÉU TIROLÊS EM CORTIÇA,Couleur: Natural,"<p>Boné Vegan estilo basebol de cortiça. 100% Eco-Friendly, produzido em Portugal. Leve,  prático e resistente. Montado - Cortiça com Arte.</p><ul><li><strong>Couleur</strong>: Natural</li><li><strong>Taille</strong>: 54, 55 , 56 , 57 , 58 , 59 , 60 , 61, 62, 63</li><li><strong>Vendu Par</strong>: Unitaire</li><li><strong>Composition</strong>: 100%</li><li><strong>Cor</strong>: Natural</li><li><strong>Tamanho</strong>: 55 , 56 , 57 , 58 , 59 , 60 , 61</li><li><strong>Composição</strong>: 100%</li><li><strong>Vendido Por</strong>: Unitário</li></ul>",45.00,,Chapéus > Cortiça,"Chapéu tirolês em cortiça. Na confecção deste chapéu não foi usado nenhum material de origem animal.

– Chapéu tirolês, 100% cortiça

– Produto sustentável.

– Produto produzido em Portugal com cortiça Portuguesa.

– Duradouro, eco-Friendly e resistente à água.

– Pode ser limpo com água e sabão neutro.

– Cor da peça em exibição: Natural.",images/cortiça/velen/img_01.jpg,"{""Cor"":""Natural"",""Tamanho"":[""55"",""56"",""57"",""58"",""59"",""60"",""61""],""Composição"":""100%"",""Pack"":""Unitário""}",10,Unitário,https://vips-velen.pt/?product=chapeu-tiroles-em-cortica
VELEN-7,CHAPÉU TIROLÊS EM CORTIÇA,Couleur: Natural,"<p>Boné Vegan estilo basebol de cortiça. 100% Eco-Friendly, produzido em Portugal. Leve,  prático e resistente. Montado - Cortiça com Arte.</p><ul><li><strong>Couleur</strong>: Natural</li><li><strong>Taille</strong>: 54, 55 , 56 , 57 , 58 , 59 , 60 , 61, 62, 63</li><li><strong>Vendu Par</strong>: Unitaire</li><li><strong>Composition</strong>: 100%</li><li><strong>Cor</strong>: Natural</li><li><strong>Tamanho</strong>: 55 , 56 , 57 , 58 , 59 , 60 , 61</li><li><strong>Composição</strong>: 100%</li><li><strong>Vendido Por</strong>: Unitário</li></ul>",45.00,,Chapéus > Cortiça,"Chapéu tirolês em cortiça. Na confecção deste chapéu não foi usado nenhum material de origem animal.

– Chapéu tirolês, 100% cortiça

– Produto sustentável.

– Produto produzido em Portugal com cortiça Portuguesa.

– Duradouro, eco-Friendly e resistente à água.

– Pode ser limpo com água e sabão neutro.

– Cor da peça em exibição: Natural.",images/cortiça/velen/img_01.jpg,"{""Cor"":""Natural"",""Tamanho"":[""55"",""56"",""57"",""58"",""59"",""60"",""61""],""Composição"":""100%"",""Pack"":""Unitário""}",10,Unitário,https://vips-velen.pt/?product=chapeu-tiroles-em-cortica
VELEN-8,CHAPÉU TIROLÊS EM CORTIÇA,Couleur: Natural,"<p>Boné Vegan estilo basebol de cortiça. 100% Eco-Friendly, produzido em Portugal. Leve,  prático e resistente. Montado - Cortiça com Arte.</p><ul><li><strong>Couleur</strong>: Natural</li><li><strong>Taille</strong>: 54, 55 , 56 , 57 , 58 , 59 , 60 , 61, 62, 63</li><li><strong>Vendu Par</strong>: Unitaire</li><li><strong>Composition</strong>: 100%</li><li><strong>Cor</strong>: Natural</li><li><strong>Tamanho</strong>: 55 , 56 , 57 , 58 , 59 , 60 , 61</li><li><strong>Composição</strong>: 100%</li><li><strong>Vendido Por</strong>: Unitário</li></ul>",45.00,,Chapéus > Cortiça,"Chapéu tirolês em cortiça. Na confecção deste chapéu não foi usado nenhum material de origem animal.

– Chapéu tirolês, 100% cortiça

– Produto sustentável.

– Produto produzido em Portugal com cortiça Portuguesa.

– Duradouro, eco-Friendly e resistente à água.

– Pode ser limpo com água e sabão neutro.

– Cor da peça em exibição: Natural.",images/cortiça/velen/img_01.jpg,"{""Cor"":""Natural"",""Tamanho"":[""55"",""56"",""57"",""58"",""59"",""60"",""61""],""Composição"":""100%"",""Pack"":""Unitário""}",10,Unitário,https://vips-velen.pt/?product=chapeu-tiroles-em-cortica
CHAPKA-6064,GORRO USHANKA,"Cor: Bege , Camelo , Cáqui , Marrom , Preto","<p>Hologramme est un grossiste de Toques et Chapkas avec 40 ans d’expérience. Découvrez nos collections de chapeaux en fourrure au tarif de gros.</p><ul><li><strong>Cor</strong>: Bege , Camelo , Cáqui , Marrom , Preto</li><li><strong>Tamanho</strong>: 57 , 59</li><li><strong>Vendido Por</strong>: Pacote 12</li><li><strong>Composição</strong>: 100% Poliéster / Forro: 100% Poliéster</li></ul>",1.00,,Chapéus > Gorros,Fabricado na China,images/gorros/chapka-6064/img_01.jpg,"{""Cor"":[""Bege"",""Camelo"",""Cáqui"",""Marrom"",""Preto""],""Tamanho"":[""57"",""59""],""Composição"":[""100% Poliéster"",""Forro: 100% Poliéster""],""Pack"":""Pacote 12""}",10,Pacote 12,https://hologrammeparis.com/product-category/chapellerie/collection-hiver/chapeaux-hiver/toques-chapkas/
CHAP-U-49171,CHAPÉU CHAPKA,"Cor: Bege , Azul Claro , Borgonha , Cinza , Marinho , Marrom , Mostarda , Preto , Laranja , Rosa , Vermelho , Verde","<p>Fausse fourrure en 100% Modacrylique</p><ul><li><strong>Cor</strong>: Bege , Azul Claro , Borgonha , Cinza , Marinho , Marrom , Mostarda , Preto , Laranja , Rosa , Vermelho , Verde</li><li><strong>Composição</strong>: 100% modacrílica</li></ul>",3.00,,Chapéus > Gorros,Etiqueta: Fabricado em Portugal,images/gorros/chapeu-49171/img_01.jpg,"{""Cor"":[""Bege"",""Azul Claro"",""Borgonha"",""Cinza"",""Marinho"",""Marrom"",""Mostarda"",""Preto"",""Laranja"",""Rosa"",""Vermelho"",""Verde""],""Composição"":""100% modacrílica""}",10,,https://hologrammeparis.com/product/toque-49171-simili-cuir/?attribute_pa_couleur=rouge-noir
CHAP-U-49171-2,CHAPÉU CHAPKA,"Cor: Bege , Azul Claro , Borgonha , Cinza , Marinho , Marrom , Mostarda , Preto , Laranja , Rosa , Vermelho , Verde","<p>Fausse fourrure en 100% Modacrylique</p><ul><li><strong>Cor</strong>: Bege , Azul Claro , Borgonha , Cinza , Marinho , Marrom , Mostarda , Preto , Laranja , Rosa , Vermelho , Verde</li><li><strong>Composição</strong>: 100% modacrílica</li></ul>",3.00,,Chapéus > Gorros,Etiqueta: Fabricado em Portugal,images/gorros/chapeu-49171/img_01.jpg,"{""Cor"":[""Bege"",""Azul Claro"",""Borgonha"",""Cinza"",""Marinho"",""Marrom"",""Mostarda"",""Preto"",""Laranja"",""Rosa"",""Vermelho"",""Verde""],""Composição"":""100% modacrílica""}",10,,https://hologrammeparis.com/product/toque-49171-simili-cuir/?attribute_pa_couleur=rouge-noir
BONNET-PIERRE-CARDIN,Bonnet – Pierre Cardin,"Cor: Branco, Camelo, Cinza, Preto","<p>Découvrez notre Bonnet - Pierre Cardin au prix de grossiste pour votre boutique sur Hologramme Paris.</p><ul><li><strong>Cor</strong>: Branco, Camelo, Cinza, Preto</li><li><strong>Tamanho</strong>: Tamanho Único</li><li><strong>Vendido Por</strong>: Unitário</li><li><strong>Composição</strong>: 100% Acrílico / Forro: 100% Poliéster</li></ul>",0.20,,Chapéus > Gorros,"Gorro da marca Pierre Cardin, com uma textura suave e simples.

Possui um grande reverso e exibe um emblema branco com o logo distintivo de Pierre Cardin, com um grande “P” estilizado em preto e a assinatura abaixo

Fabricado em um material quente e confortável, perfeito para um visual sóbrio de inverno.",images/gorros/bonnet-pierre-cardin/img_01.jpg | images/gorros/bonnet-pierre-cardin/img_02.jpg | images/gorros/bonnet-pierre-cardin/img_03.jpg,"{""Cor"":[""Branco"",""Camelo"",""Cinza"",""Preto""],""Tamanho"":""Tamanho Único"",""Composição"":[""100% Acrílico"",""Forro: 100% Poliéster""],""Pack"":""Unitário""}",10,Unitário,https://hologrammeparis.com/fr/product/bonnet-pierre-cardin-bonnet/
TAGS-FABRICADO-NA-IT-LIA-L-PURA,CHAPEU FEDORA,Cor: Sortido,"<p>Notre version Hologramme Paris du &quot;Fedora classique&quot; Chapeau avec un Ruban ton sur ton, 100 g de pure laine. Sobre et sans logo apparent.</p><ul><li><strong>Cor</strong>: Sortido</li><li><strong>Tamanho</strong>: 55 , 56 , 57 , 58 , 59 , 60 , 61 , 62</li><li><strong>Vendido Por</strong>: Pacote 12</li><li><strong>Composição</strong>: 100% Lã</li></ul>",35.00,,Chapéus > Lã,"Nossa versão Hologram Paris do “Fedora clássico”

Chapéu com fita tom sobre tom, 100 g de pura lã.

Sóbrio e sem logótipo visível.

100% lã e fabricação italiana",images/chapéus lã/tags-fabricado-na-italia-la-pura/img_01.jpg,"{""Cor"":""Sortido"",""Tamanho"":[""55"",""56"",""57"",""58"",""59"",""60"",""61"",""62""],""Composição"":""100% Lã"",""Pack"":""Pacote 12""}",10,Pacote 12,https://hologrammeparis.com/product/chapeau-art-01-gros-grain-pack-12/
TAGS-FABRICADO-NA-IT-LIA-L-PURA-2,CHAPEU FEDORA,Cor: Sortido,"<p>Notre version Hologramme Paris du &quot;Fedora classique&quot; Chapeau avec un Ruban ton sur ton, 100 g de pure laine. Sobre et sans logo apparent.</p><ul><li><strong>Cor</strong>: Sortido</li><li><strong>Tamanho</strong>: 55 , 56 , 57 , 58 , 59 , 60 , 61 , 62</li><li><strong>Vendido Por</strong>: Pacote 12</li><li><strong>Composição</strong>: 100% Lã</li></ul>",35.00,,Chapéus > Lã,"Nossa versão Hologram Paris do “Fedora clássico”

Chapéu com fita tom sobre tom, 100 g de pura lã.

Sóbrio e sem logótipo visível.

100% lã e fabricação italiana",images/chapéus lã/tags-fabricado-na-italia-la-pura/img_01.jpg,"{""Cor"":""Sortido"",""Tamanho"":[""55"",""56"",""57"",""58"",""59"",""60"",""61"",""62""],""Composição"":""100% Lã"",""Pack"":""Pacote 12""}",10,Pacote 12,https://hologrammeparis.com/product/chapeau-art-01-gros-grain-pack-12/
CHAP-U-IMPERME-VEL-ART-181054-PACK-12-TA,CHAPÉUS DE LÃ ITALIANA,"2*55, 2*56, 3*57, 3*58, 2*59 (ou 1*60 e 2*58)","<p>2*55, 2*56, 3*57, 3*58, 2*59 (ou 1*60 e 2*58)</p><p>Notre version Hologramme Paris du &quot;Fedora imperméable et indéformable&quot; Chapeau avec une ceinture marron, 100 g de pure laine Waterproof Crushable.</p><ul><li><strong>Cor</strong>: Sortido</li><li><strong>Tamanho</strong>: 55 , 56 , 57 , 58 , 59 , 60</li><li><strong>Vendido Por</strong>: Pacote 12</li><li><strong>Composição</strong>: 100% Lã</li></ul>",67.50,,Chapéus > Lã,"Fabricado na Itália, Lã, Esmagável, Impermeável",images/chapéus lã/chapeu-impermeavel-art-181054-pack-12-tags-fabricado-na-italia-la-esmagavel-impermeavel/img_01.jpg,"{""Cor"":""Sortido"",""Tamanho"":[""55"",""56"",""57"",""58"",""59"",""60""],""Composição"":""100% Lã"",""Pack"":""Pacote 12""}",10,Pacote 12,https://hologrammeparis.com/product/chapeau-waterproof-art-181054-pack-12/
CHAP-U-ART-970-PACK-12,CHAPÉU DE LÃ TRILBY,Cor: Sortido,"<p>Paquet de 12 pcs assorties: 2*55, 2*56, 3*57, 3*58, 2*59 (ou 1*60 et 2*58) Pour l’achat à l’unité de ce produit, c’est ici: https://hologrammeparis.com/product/chapeau-art-970/</p><ul><li><strong>Cor</strong>: Sortido</li><li><strong>Tamanho</strong>: 54, 55 , 56 , 57 , 58 , 59 , 60</li><li><strong>Vendido Por</strong>: Pacote 12</li><li><strong>Composição</strong>: 100% Lã</li></ul>",29.90,,Chapéus > Lã,"Fabricado na Itália, Lã Pura",images/chapéus lã/chapeu-art-970-pack-12/img_01.jpg,"{""Cor"":""Sortido"",""Tamanho"":[""54"",""55"",""56"",""57"",""58"",""59"",""60""],""Composição"":""100% Lã"",""Pack"":""Pacote 12""}",10,Pacote 12,https://hologrammeparis.com/product/chapeau-art-970-pack-12/
CHAP-U-IMPERME-VEL-ART-181056-TAGS-FABRI,CHAPÉUS DE LÃ IMPERMEÁVEL,Cor: Sortido,"<p>Paquet de 12 pcs assorties: 2*55, 2*56, 3*57, 3*58, 2*59 (ou 1*60 et 2*58) Pour l’achat à l’unité de ce produit, c’est ici: https://hologrammeparis.com/product/chapeau-art-181056/</p><ul><li><strong>Cor</strong>: Sortido</li><li><strong>Tamanho</strong>: 55 , 56 , 57 , 58 , 59 , 60</li><li><strong>Vendido Por</strong>: Pacote 12</li><li><strong>Composição</strong>: 100% Lã</li></ul>",49.90,,Chapéus > Lã,CHAPÉUS DE LÃ IMPERMEÁVEL,images/chapéus lã/chapeu-impermeavel-art-181056-tags-fabricado-na-italia-la-esmagavel-impermeavel/img_01.jpg,"{""Cor"":""Sortido"",""Tamanho"":[""55"",""56"",""57"",""58"",""59"",""60""],""Composição"":""100% Lã"",""Pack"":""Pacote 12""}",10,Pacote 12,https://hologrammeparis.com/product/chapeau-waterproof-art-181056-pack-12/
BON-13156,BONÉS DE INVERNO PARA MULHERES,,"<p>Paquet de 12 pcs assorties: 4*Noir, 2*Gris + 1 de chaque couleur</p>",0.20,,Chapéus > Feminino,BONÉS DE INVERNO PARA MULHERES,images/feminino/bone-13156/img_01.jpg | images/feminino/bone-13156/img_02.jpg | images/feminino/bone-13156/img_03.jpg | images/feminino/bone-13156/img_04.jpg | images/feminino/bone-13156/img_05.jpg | images/feminino/bone-13156/img_06.jpg | images/feminino/bone-13156/img_07.jpg | images/feminino/bone-13156/img_08.jpg | images/feminino/bone-13156/img_09.jpg | images/feminino/bone-13156/img_10.jpg,{},10,,https://hologrammeparis.com/product/casquette-13156/
CASQUETTE-22103,BONÉS DE INVERNO PARA MULHERES,Cor: Preto,<p>Paquet de 24 pcs assorties: 2 pcs de chaque couleur</p><ul><li><strong>Cor</strong>: Preto</li><li><strong>Tamanho</strong>: Unico</li><li><strong>Composição</strong>: 50% Polyester – 50% Laine</li></ul>,14.00,,Chapéus > Cerimónia,"Fabricado na China, Mistura de lã",images/cerimónia/casquette-22103/img_01.jpg | images/cerimónia/casquette-22103/img_02.jpg | images/cerimónia/casquette-22103/img_03.jpg | images/cerimónia/casquette-22103/img_04.jpg,"{""Cor"":""Preto"",""Tamanho"":""Unico"",""Composição"":""50% Polyester – 50% Laine""}",10,,https://hologrammeparis.com/product/casquette-22103/
CASQUETTE-12448,BONÉS DE INVERNO PARA MULHERES,"Cor: 2*Mostarda, 2*Marrom, 3*Bordéus, 3*Marinho, 3*Verde, 3*Azul, 3*Taupe, 5*Preto","<p>Paquet de 24 pcs assorties: 2*Moutarde, 2*Marron, 3*Bordeaux, 3*Marine, 3*Vert, 3*Bleu, 3*Taupe, 5*Noir</p><ul><li><strong>Cor</strong>: 2*Mostarda, 2*Marrom, 3*Bordéus, 3*Marinho, 3*Verde, 3*Azul, 3*Taupe, 5*Preto</li><li><strong>Tamanho</strong>: Unico com ajuste (elástico)</li><li><strong>Composição</strong>: 100% PU</li></ul>",15.00,,Chapéus > Cerimónia,"Fabricado na China, Tamanho ajustável",images/cerimónia/casquette-12448/img_01.jpg | images/cerimónia/casquette-12448/img_02.jpg | images/cerimónia/casquette-12448/img_03.jpg | images/cerimónia/casquette-12448/img_04.jpg | images/cerimónia/casquette-12448/img_05.jpg | images/cerimónia/casquette-12448/img_06.jpg | images/cerimónia/casquette-12448/img_07.jpg | images/cerimónia/casquette-12448/img_08.jpg | images/cerimónia/casquette-12448/img_09.jpg | images/cerimónia/casquette-12448/img_10.jpg | images/cerimónia/casquette-12448/img_11.jpg,"{""Cor"":[""2*Mostarda"",""2*Marrom"",""3*Bordéus"",""3*Marinho"",""3*Verde"",""3*Azul"",""3*Taupe"",""5*Preto""],""Tamanho"":""Unico com ajuste (elástico)"",""Composição"":""100% PU""}",10,,https://hologrammeparis.com/product/casquette-12448/
GORRO-5942F-BONNET-5942C,CHAPÉU LÃ HARMONICO,Cor: Sortido,"<p>Paquet de 12 pcs assorties: 1*Prune, 2*Bordeaux, 1*Marron, 3*Noir, 1*Camel, 1*Gris Fonce, 2*Marine, 1*Kaki</p><ul><li><strong>Cor</strong>: Sortido</li><li><strong>Tamanho</strong>: UNICO</li><li><strong>Vendido Por</strong>: Pacote 12</li><li><strong>Composição</strong>: 100% Lã</li></ul>",19.90,,Chapéus > Feminino,Lã Pura,images/feminino/gorro-5942f-bonnet-5942c/img_01.jpg,"{""Cor"":""Sortido"",""Tamanho"":""UNICO"",""Composição"":""100% Lã"",""Pack"":""Pacote 12""}",10,Pacote 12,https://hologrammeparis.com/product/bonnet-5942f/
BON-22238,BOINA COM PALA PIED POULE,Cor: Sortido,"<p>Paquet de 12 pcs assorties: 5*Gris Fonce, 4*Gris Clair, 3*Beige</p><ul><li><strong>Cor</strong>: Sortido</li><li><strong>Tamanho</strong>: 56 , 58</li><li><strong>Vendido Por</strong>: Pacote 12</li><li><strong>Composição</strong>: 50% Lã – 50% Poliéster</li></ul>",29.90,,Chapéus > Feminino,BOINA COM PALA PIED POULE,images/feminino/bone-22238/img_01.jpg | images/feminino/bone-22238/img_02.jpg | images/feminino/bone-22238/img_03.jpg | images/feminino/bone-22238/img_04.jpg | images/feminino/bone-22238/img_05.jpg | images/feminino/bone-22238/img_06.jpg,"{""Cor"":""Sortido"",""Tamanho"":[""56"",""58""],""Composição"":""50% Lã – 50% Poliéster"",""Pack"":""Pacote 12""}",10,Pacote 12,https://hologrammeparis.com/product/casquette-22238/
CASQUETTE-22103-2,BONÉS DE INVERNO PARA MULHERES,Cor: Preto,<p>Paquet de 24 pcs assorties: 2 pcs de chaque couleur</p><ul><li><strong>Cor</strong>: Preto</li><li><strong>Tamanho</strong>: Unico</li><li><strong>Composição</strong>: 50% Polyester – 50% Laine</li></ul>,14.00,,Chapéus > Cerimónia,"Fabricado na China, Mistura de lã",images/cerimónia/casquette-22103/img_01.jpg | images/cerimónia/casquette-22103/img_02.jpg | images/cerimónia/casquette-22103/img_03.jpg | images/cerimónia/casquette-22103/img_04.jpg,"{""Cor"":""Preto"",""Tamanho"":""Unico"",""Composição"":""50% Polyester – 50% Laine""}",10,,https://hologrammeparis.com/product/casquette-22103/
CASQUETTE-12448-2,BONÉS DE INVERNO PARA MULHERES,"Cor: 2*Mostarda, 2*Marrom, 3*Bordéus, 3*Marinho, 3*Verde, 3*Azul, 3*Taupe, 5*Preto","<p>Paquet de 24 pcs assorties: 2*Moutarde, 2*Marron, 3*Bordeaux, 3*Marine, 3*Vert, 3*Bleu, 3*Taupe, 5*Noir</p><ul><li><strong>Cor</strong>: 2*Mostarda, 2*Marrom, 3*Bordéus, 3*Marinho, 3*Verde, 3*Azul, 3*Taupe, 5*Preto</li><li><strong>Tamanho</strong>: Unico com ajuste (elástico)</li><li><strong>Composição</strong>: 100% PU</li></ul>",15.00,,Chapéus > Cerimónia,"Fabricado na China, Tamanho ajustável",images/cerimónia/casquette-12448/img_01.jpg | images/cerimónia/casquette-12448/img_02.jpg | images/cerimónia/casquette-12448/img_03.jpg | images/cerimónia/casquette-12448/img_04.jpg | images/cerimónia/casquette-12448/img_05.jpg | images/cerimónia/casquette-12448/img_06.jpg | images/cerimónia/casquette-12448/img_07.jpg | images/cerimónia/casquette-12448/img_08.jpg | images/cerimónia/casquette-12448/img_09.jpg | images/cerimónia/casquette-12448/img_10.jpg | images/cerimónia/casquette-12448/img_11.jpg,"{""Cor"":[""2*Mostarda"",""2*Marrom"",""3*Bordéus"",""3*Marinho"",""3*Verde"",""3*Azul"",""3*Taupe"",""5*Preto""],""Tamanho"":""Unico com ajuste (elástico)"",""Composição"":""100% PU""}",10,,https://hologrammeparis.com/product/casquette-12448/
PALHA-941216-COURO,CHAPÉU DE PALHA NATURAL,Cor: Natural,"<p>Paquet de 30 pcs assorties: 3*55, 4*56, 6*57, 7*58, 5*59, 3*60, 2*61</p><ul><li><strong>Cor</strong>: Natural</li><li><strong>Tamanho</strong>: 55 , 56 , 57 , 58 , 59 , 60 , 61</li><li><strong>Vendido Por</strong>: Pacote 15</li><li><strong>Composição</strong>: Palha 100% natural</li></ul>",35.00,,Chapéus > Palha,Rótulo: Fabricado na Itália,images/palha/palha-941216-couro/img_06.jpg,"{""Cor"":""Natural"",""Tamanho"":[""55"",""56"",""57"",""58"",""59"",""60"",""61""],""Composição"":""Palha 100% natural"",""Pack"":""Pacote 15""}",10,Pacote 15,https://hologrammeparis.com/product/paille-941216-cuir/
PANAM-201754,CHAPEU PANAMÁ,Cor: Branco,"<p>Découvrez notre Panama - 201754 au prix de grossiste pour votre boutique sur Hologramme Paris.</p><ul><li><strong>Cor</strong>: Branco</li><li><strong>Tamanho</strong>: 54, 55 , 56 , 57 , 58 , 59</li><li><strong>Vendido Por</strong>: Unitário</li><li><strong>Composição</strong>: Papel 100% Japonês</li></ul>",67.50,,Chapéus > Panamá,"A versão revisitada do Panamá equatoriano, mais sólida, dobrável e moderna.

Panamá Panasoft em papel 100% japonês .

Fabricado na Itália.",images/panamá/panama-201754/img_02.jpg | images/panamá/panama-201754/img_03.jpg | images/panamá/panama-201754/img_04.jpg | images/panamá/panama-201754/img_05.jpg | images/panamá/panama-201754/img_06.jpg,"{""Cor"":""Branco"",""Tamanho"":[""54"",""55"",""56"",""57"",""58"",""59""],""Composição"":""Papel 100% Japonês"",""Pack"":""Unitário""}",10,Unitário,https://hologrammeparis.com/product/panama-201754/
PANAM-201752,CHAPEU PANAMÁ ABA CURTA,"Cor: Branco, Bege","<p>Découvrez notre Panama - 201752-Ecru au prix de grossiste pour votre boutique sur Hologramme Paris.</p><ul><li><strong>Cor</strong>: Branco, Bege</li><li><strong>Tamanho</strong>: 54, 55 , 56 , 57 , 58 , 59 , 60 , 61</li><li><strong>Vendido Por</strong>: Unitário</li><li><strong>Composição</strong>: Papel 100% Japonês</li></ul>",67.50,,Chapéus > Panamá,"A versão revisitada do Panamá equatoriano, mais sólida, dobrável e moderna.

Panamá Panasoft em papel 100% japonês .

Fabricado na Itália.",images/panamá/panama-201752/img_01.jpg | images/panamá/panama-201752/img_02.jpg | images/panamá/panama-201752/img_03.jpg | images/panamá/panama-201752/img_04.jpg | images/panamá/panama-201752/img_05.jpg | images/panamá/panama-201752/img_06.jpg,"{""Cor"":[""Branco"",""Bege""],""Tamanho"":[""54"",""55"",""56"",""57"",""58"",""59"",""60"",""61""],""Composição"":""Papel 100% Japonês"",""Pack"":""Unitário""}",10,Unitário,https://hologrammeparis.com/product/panama-201752-ecru/
PANAM-931,CHAPEU PANAMÁ AJUSTÁVEL,"Cor: Beige, Kaki, Marine, Noir","<p>Découvrez notre Panama - Art 931 Japonais au prix de grossiste pour votre boutique sur Hologramme Paris.</p><ul><li><strong>Cor</strong>: Beige, Kaki, Marine, Noir</li><li><strong>Tamanho</strong>: 55 , 56 , 57 , 58 , 59 , 60 , 61</li><li><strong>Vendido Por</strong>: Unitário</li><li><strong>Composição</strong>: Papel 100% Japonês</li></ul>",67.50,,Chapéus > Panamá,"A versão revisitada do Panamá equatoriano, mais sólida, dobrável e moderna.

Panamá Panasoft em papel 100% japonês .

Fabricado na Itália.",images/panamá/panama-931/img_01.jpg | images/panamá/panama-931/img_02.jpg | images/panamá/panama-931/img_03.jpg | images/panamá/panama-931/img_04.jpg | images/panamá/panama-931/img_05.jpg | images/panamá/panama-931/img_06.jpg | images/panamá/panama-931/img_07.jpg,"{""Cor"":[""Beige"",""Kaki"",""Marine"",""Noir""],""Tamanho"":[""55"",""56"",""57"",""58"",""59"",""60"",""61""],""Composição"":""Papel 100% Japonês"",""Pack"":""Unitário""}",10,Unitário,https://hologrammeparis.com/product/panama-art-931-japonais/
CHAP-U-49103,CHAPÉUS ALGODÃO ENCERADO,"Cor: Camelo , Marinho , Marrom , Preto , Ferrugem , Taupe , Verde Escuro","<p>Découvrez notre Chapeau - 49103 au prix de grossiste pour votre boutique sur Hologramme Paris.</p><ul><li><strong>Cor</strong>: Camelo , Marinho , Marrom , Preto , Ferrugem , Taupe , Verde Escuro</li><li><strong>Tamanho</strong>: 55 , 57 , 59 , 61</li><li><strong>Vendido Por</strong>: Unitário</li><li><strong>Composição</strong>: 100% algodão</li></ul>",45.00,,Chapéus > À prova d'Água,"Algodão Oleado, Fabricado em Portugal",images/à prova d´água/chapeu-49103/img_01.jpg | images/à prova d´água/chapeu-49103/img_02.jpg | images/à prova d´água/chapeu-49103/img_03.jpg | images/à prova d´água/chapeu-49103/img_04.jpg,"{""Cor"":[""Camelo"",""Marinho"",""Marrom"",""Preto"",""Ferrugem"",""Taupe"",""Verde Escuro""],""Tamanho"":[""55"",""57"",""59"",""61""],""Composição"":""100% algodão"",""Pack"":""Unitário""}",10,Unitário,https://hologrammeparis.com/product/chapeau-49103/
BOB-2018121,BUCKT HAT ALGODÃO,"Cor: Bege Claro , Azul , Borgonha , Camelo , Cinza , Amarelo , Cáqui Claro , Cáqui Escuro , Marinho , Preto , Laranja , Vermelho","<p>Paquet de 24 pcs assorties: 3*Noir, 3*Marine, 2*Orange, 2*Beige, 2*Bleu Royal, 2*Moutarde, 2*Kaki, 2*Gris, 2*Bordeaux, 2*Rouge, 1*Camel, 1*Marron Clair</p><ul><li><strong>Cor</strong>: Bege Claro , Azul , Borgonha , Camelo , Cinza , Amarelo , Cáqui Claro , Cáqui Escuro , Marinho , Preto , Laranja , Vermelho</li><li><strong>Tamanho</strong>: 57 , 59</li><li><strong>Vendido Por</strong>: Pacote 24</li><li><strong>Composição</strong>: 100% algodão</li></ul>",14.90,,Chapéus > Tecido,BUCKT HAT ALGODÃO,images/chapéus em tecido/bob-2018121/img_01.jpg,"{""Cor"":[""Bege Claro"",""Azul"",""Borgonha"",""Camelo"",""Cinza"",""Amarelo"",""Cáqui Claro"",""Cáqui Escuro"",""Marinho"",""Preto"",""Laranja"",""Vermelho""],""Tamanho"":[""57"",""59""],""Composição"":""100% algodão"",""Pack"":""Pacote 24""}",10,Pacote 24,https://hologrammeparis.com/product/bob-2018121/
BOB-2018120,CHAPÉU SAFARI,"Cor: Beige Clair, Bleu, Bordeaux, Camel, Gris, Jaune, Kaki Clair, Kaki Fonce, Marine, Noir, Orange, Rouge","<p>Paquet de 24 pcs assorties: 3*Noir, 3*Marine, 2*Kaki, 2*Bordeaux, 2*Rouge, 2*Rouille, 2*Bleu Royal, 2*Gris, 2*Moutarde, 2*Beige, 1*Camel, 1*Marron Clair</p><ul><li><strong>Cor</strong>: Beige Clair, Bleu, Bordeaux, Camel, Gris, Jaune, Kaki Clair, Kaki Fonce, Marine, Noir, Orange, Rouge</li><li><strong>Tamanho</strong>: 57 , 59</li><li><strong>Vendido Por</strong>: Pacote 24</li><li><strong>Composição</strong>: 100% algodão</li></ul>",19.90,,Chapéus > Tecido,CHAPÉU SAFARI,images/chapéus em tecido/bob-2018120/img_01.jpg,"{""Cor"":[""Beige Clair"",""Bleu"",""Bordeaux"",""Camel"",""Gris"",""Jaune"",""Kaki Clair"",""Kaki Fonce"",""Marine"",""Noir"",""Orange"",""Rouge""],""Tamanho"":[""57"",""59""],""Composição"":""100% algodão"",""Pack"":""Pacote 24""}",10,Pacote 24,https://hologrammeparis.com/product/bob-2018120/
HOLOGRAMME-3,VISEIRA  FEMININA,"COR        
Bege, Castanho, Verde, Azul, Bordo, Marinho

TAMANHO                
55 , 56 , 57 , 58 , 59 , 60 , 61

VENDIDO POR        
Pacote 24

COMPOSIÇÃO                
69% Poliéster – 31% Algodão / Forro 100% Algodão","<p>COR        
Bege, Castanho, Verde, Azul, Bordo, Marinho

TAMANHO                
55 , 56 , 57 , 58 , 59 , 60 , 61

VENDIDO POR        
Pacote 24

COMPOSIÇÃO                
69% Poliéster – 31% Algodão / Forro 100% Algodão</p><p>Découvrez notre Casquette - 18474OL = 18519OL au prix de grossiste pour votre boutique sur Hologramme Paris.</p><ul><li><strong>Cor</strong>: Pink, verde, preto, azul, bege, camel</li><li><strong>Tamanho</strong>: 55 , 56 , 57 , 58 , 59 , 60 , 61</li><li><strong>Composição</strong>: 69% Poliéster – 31% Algodão / Forro 100% Algodão</li><li><strong>Vendido Por</strong>: Pacote 24</li></ul>",8.00,,Chapéus > Cowboy,VISEIRA  FEMININA,images/cowboy/hologramme/img_01.jpg | images/cowboy/hologramme/img_02.jpg | images/cowboy/hologramme/img_03.jpg | images/cowboy/hologramme/img_04.jpg,"{""Cor"":[""Pink"",""verde"",""preto"",""azul"",""bege"",""camel""],""Tamanho"":[""55"",""56"",""57"",""58"",""59"",""60"",""61""],""Composição"":[""69% Poliéster – 31% Algodão"",""Forro 100% Algodão""],""Pack"":""Pacote 24""}",10,Pacote 24,https://hologrammeparis.com/product/casquette-18474ol/
BON-12694,BONÉS CUBANOS,Cor: Sortido,"<p>Paquet de 24 pcs assorties: 3*Noir, 3*Marine, 2*Rouge, 2*Orange, 2*Bleu, 2*Moutarde, 2*Kaki, 2*Gris, 2*Beige, 2*Camel, 1*Rose, 1*Gris Fonce</p><ul><li><strong>Cor</strong>: Sortido</li><li><strong>Vendido Por</strong>: Pacote 12</li><li><strong>Composição</strong>: 72,2% Algodão – 27,8% Viscose</li></ul>",2022.00,,Bonés,BONÉS CUBANOS,images/bonés/bone-12694/img_01.jpg | images/bonés/bone-12694/img_02.jpg | images/bonés/bone-12694/img_03.jpg | images/bonés/bone-12694/img_04.jpg | images/bonés/bone-12694/img_05.jpg | images/bonés/bone-12694/img_06.jpg | images/bonés/bone-12694/img_07.jpg | images/bonés/bone-12694/img_08.jpg | images/bonés/bone-12694/img_09.jpg | images/bonés/bone-12694/img_10.jpg | images/bonés/bone-12694/img_11.jpg | images/bonés/bone-12694/img_12.jpg | images/bonés/bone-12694/img_13.jpg | images/bonés/bone-12694/img_14.jpg | images/bonés/bone-12694/img_15.jpg | images/bonés/bone-12694/img_16.jpg | images/bonés/bone-12694/img_17.jpg,"{""Cor"":""Sortido"",""Composição"":""72,2% Algodão – 27,8% Viscose"",""Pack"":""Pacote 12""}",10,Pacote 12,https://hologrammeparis.com/product/casquette-12694/
BON-12849,BONÉS CUBANOS,Cor: Sortido,"<p>Paquet de 24 pcs assorties: 3*Noir, 3*Gris Clair, 3*Marine, 4*Beige, 2*Bleu Canard, 2*Rouge, 2*Jean, 2*Gris Fonce, 2*Blanc, 1*Moutarde</p><ul><li><strong>Cor</strong>: Sortido</li><li><strong>Tamanho</strong>: 575</li><li><strong>Vendido Por</strong>: Pacote 24</li><li><strong>Composição</strong>: 85% Viscose – 15% Linho</li></ul>",2023.00,,Bonés,BONÉS CUBANOS,images/bonés/bone-12849/img_01.jpg | images/bonés/bone-12849/img_02.jpg | images/bonés/bone-12849/img_03.jpg | images/bonés/bone-12849/img_04.jpg | images/bonés/bone-12849/img_05.jpg | images/bonés/bone-12849/img_06.jpg | images/bonés/bone-12849/img_07.jpg | images/bonés/bone-12849/img_08.jpg | images/bonés/bone-12849/img_09.jpg | images/bonés/bone-12849/img_10.jpg | images/bonés/bone-12849/img_11.jpg | images/bonés/bone-12849/img_12.jpg | images/bonés/bone-12849/img_13.jpg | images/bonés/bone-12849/img_14.jpg,"{""Cor"":""Sortido"",""Tamanho"":""575"",""Composição"":""85% Viscose – 15% Linho"",""Pack"":""Pacote 24""}",10,Pacote 24,https://hologrammeparis.com/product/casquette-12849/
BON-15165,BONÉS CUBANOS,Cor: Sortido,"<p>Paquet de 24 pcs assorties: 4*Noir, 3*Beige, 3*Marine, 2*Gris Clair, 2*Gris Fonce, 2*Camel, 2*Kaki, 2*Orange, 2*Moutarde, 2*Blanc</p><ul><li><strong>Cor</strong>: Sortido</li><li><strong>Tamanho</strong>: 575</li><li><strong>Vendido Por</strong>: Pacote 24</li><li><strong>Composição</strong>: 98,8% Algodão – 1,2% Viscose</li></ul>",2023.00,,Bonés,BONÉS CUBANOS,images/bonés/bone-15165/img_01.jpg | images/bonés/bone-15165/img_02.jpg | images/bonés/bone-15165/img_03.jpg | images/bonés/bone-15165/img_04.jpg | images/bonés/bone-15165/img_05.jpg | images/bonés/bone-15165/img_06.jpg | images/bonés/bone-15165/img_07.jpg | images/bonés/bone-15165/img_08.jpg | images/bonés/bone-15165/img_09.jpg | images/bonés/bone-15165/img_10.jpg | images/bonés/bone-15165/img_11.jpg | images/bonés/bone-15165/img_12.jpg | images/bonés/bone-15165/img_13.jpg | images/bonés/bone-15165/img_14.jpg | images/bonés/bone-15165/img_15.jpg,"{""Cor"":""Sortido"",""Tamanho"":""575"",""Composição"":""98,8% Algodão – 1,2% Viscose"",""Pack"":""Pacote 24""}",10,Pacote 24,https://hologrammeparis.com/product/casquette-15165/
BON-15116,BONÉS CUBANOS,Cor: Sortido,<p>Paquet de 24 pcs assorties: 2 de chaque couleur</p><ul><li><strong>Cor</strong>: Sortido</li><li><strong>Tamanho</strong>: 575</li><li><strong>Vendido Por</strong>: Pacote 24</li><li><strong>Composição</strong>: 100% algodão</li></ul>,2023.00,,Bonés,BONÉS CUBANOS,images/bonés/bone-15116/img_01.jpg | images/bonés/bone-15116/img_02.jpg | images/bonés/bone-15116/img_03.jpg | images/bonés/bone-15116/img_04.jpg | images/bonés/bone-15116/img_05.jpg | images/bonés/bone-15116/img_06.jpg | images/bonés/bone-15116/img_07.jpg | images/bonés/bone-15116/img_08.jpg | images/bonés/bone-15116/img_09.jpg | images/bonés/bone-15116/img_10.jpg | images/bonés/bone-15116/img_11.jpg | images/bonés/bone-15116/img_12.jpg | images/bonés/bone-15116/img_13.jpg | images/bonés/bone-15116/img_14.jpg | images/bonés/bone-15116/img_15.jpg | images/bonés/bone-15116/img_16.jpg | images/bonés/bone-15116/img_17.jpg | images/bonés/bone-15116/img_18.jpg | images/bonés/bone-15116/img_19.jpg | images/bonés/bone-15116/img_20.jpg | images/bonés/bone-15116/img_21.jpg | images/bonés/bone-15116/img_22.jpg,"{""Cor"":""Sortido"",""Tamanho"":""575"",""Composição"":""100% algodão"",""Pack"":""Pacote 24""}",10,Pacote 24,https://hologrammeparis.com/product/casquette-15116/
BON-15263,BONÉS TRUCKER,Cor: ou unidade,<p>Découvrez notre Casquette - 15263 au prix de grossiste pour votre boutique sur Hologramme Paris.</p><ul><li><strong>Cor</strong>: ou unidade</li><li><strong>Vendido Por</strong>: Pacote por</li><li><strong>Tamanho</strong>: 575</li><li><strong>Composição</strong>: 100% algodão</li></ul>,12.90,,Bonés,BONÉS TRUCKER,images/bonés/bone-15263/img_01.jpg | images/bonés/bone-15263/img_02.jpg | images/bonés/bone-15263/img_03.jpg | images/bonés/bone-15263/img_04.jpg | images/bonés/bone-15263/img_05.jpg | images/bonés/bone-15263/img_06.jpg | images/bonés/bone-15263/img_07.jpg | images/bonés/bone-15263/img_08.jpg | images/bonés/bone-15263/img_09.jpg | images/bonés/bone-15263/img_10.jpg | images/bonés/bone-15263/img_11.jpg | images/bonés/bone-15263/img_12.jpg | images/bonés/bone-15263/img_13.jpg | images/bonés/bone-15263/img_14.jpg | images/bonés/bone-15263/img_15.jpg | images/bonés/bone-15263/img_16.jpg | images/bonés/bone-15263/img_17.jpg | images/bonés/bone-15263/img_18.jpg | images/bonés/bone-15263/img_19.jpg | images/bonés/bone-15263/img_20.jpg | images/bonés/bone-15263/img_21.jpg,"{""Cor"":""ou unidade"",""Tamanho"":""575"",""Composição"":""100% algodão"",""Pack"":""Pacote por""}",10,Pacote por,https://hologrammeparis.com/fr/product/casquette-15263/
BON-15125,CHAPÉU COWBOY,Cor: Sortido,"<p>Paquet de 24 pcs assorties: 3*Noir, 3*Gris Clair, 3*Marine, 4*Beige, 2*Bleu Canard, 2*Rouge, 2*Jean, 2*Gris Fonce, 2*Blanc, 1*Moutarde</p><ul><li><strong>Cor</strong>: Sortido</li><li><strong>Vendido Por</strong>: Pacote 24</li><li><strong>Composição</strong>: 32,7% Algodão – 60,1% Poliéster – 7,2% Celulose</li></ul>",2023.00,,Chapéus > Cowboy,CHAPÉU COWBOY,images/cowboy/bone-15125/img_01.jpg | images/cowboy/bone-15125/img_02.jpg | images/cowboy/bone-15125/img_03.jpg | images/cowboy/bone-15125/img_04.jpg | images/cowboy/bone-15125/img_05.jpg | images/cowboy/bone-15125/img_06.jpg | images/cowboy/bone-15125/img_07.jpg | images/cowboy/bone-15125/img_08.jpg | images/cowboy/bone-15125/img_09.jpg | images/cowboy/bone-15125/img_10.jpg | images/cowboy/bone-15125/img_11.jpg | images/cowboy/bone-15125/img_12.jpg | images/cowboy/bone-15125/img_13.jpg | images/cowboy/bone-15125/img_14.jpg,"{""Cor"":""Sortido"",""Composição"":""32,7% Algodão – 60,1% Poliéster – 7,2% Celulose"",""Pack"":""Pacote 24""}",10,Pacote 24,https://hologrammeparis.com/product/casquette-12849/
BON-15114,bone-15114,Cor: Sortido,"<p>Paquet de 24 pcs assorties: 2*Gris Clair, 3*Beige, 1*Orange, 4*Bleu, 2*Rouge, 1*Vert Sapin, 2*Bordeaux, 2*Kaki, 3*Gris Foncé, 4*Noir</p><ul><li><strong>Cor</strong>: Sortido</li><li><strong>Tamanho</strong>: 57 , 59</li><li><strong>Vendido Por</strong>: Pacote 24</li><li><strong>Composição</strong>: 100% algodão</li></ul>",2023.00,,Chapéus > Cowboy,,images/cowboy/bone-15114/img_01.jpg | images/cowboy/bone-15114/img_02.jpg | images/cowboy/bone-15114/img_03.jpg | images/cowboy/bone-15114/img_04.jpg | images/cowboy/bone-15114/img_05.jpg | images/cowboy/bone-15114/img_06.jpg | images/cowboy/bone-15114/img_07.jpg | images/cowboy/bone-15114/img_08.jpg | images/cowboy/bone-15114/img_09.jpg | images/cowboy/bone-15114/img_10.jpg | images/cowboy/bone-15114/img_11.jpg | images/cowboy/bone-15114/img_12.jpg | images/cowboy/bone-15114/img_13.jpg | images/cowboy/bone-15114/img_14.jpg | images/cowboy/bone-15114/img_15.jpg,"{""Cor"":""Sortido"",""Tamanho"":[""57"",""59""],""Composição"":""100% algodão"",""Pack"":""Pacote 24""}",10,Pacote 24,https://hologrammeparis.com/product/casquette-15114/
HOLOGRAMME-4,VISEIRA  FEMININA,"COR        
Bege, Castanho, Verde, Azul, Bordo, Marinho

TAMANHO                
55 , 56 , 57 , 58 , 59 , 60 , 61

VENDIDO POR        
Pacote 24

COMPOSIÇÃO                
69% Poliéster – 31% Algodão / Forro 100% Algodão","<p>COR        
Bege, Castanho, Verde, Azul, Bordo, Marinho

TAMANHO                
55 , 56 , 57 , 58 , 59 , 60 , 61

VENDIDO POR        
Pacote 24

COMPOSIÇÃO                
69% Poliéster – 31% Algodão / Forro 100% Algodão</p><p>Découvrez notre Casquette - 18474OL = 18519OL au prix de grossiste pour votre boutique sur Hologramme Paris.</p><ul><li><strong>Cor</strong>: Pink, verde, preto, azul, bege, camel</li><li><strong>Tamanho</strong>: 55 , 56 , 57 , 58 , 59 , 60 , 61</li><li><strong>Composição</strong>: 69% Poliéster – 31% Algodão / Forro 100% Algodão</li><li><strong>Vendido Por</strong>: Pacote 24</li></ul>",8.00,,Chapéus > Cowboy,VISEIRA  FEMININA,images/cowboy/hologramme/img_01.jpg | images/cowboy/hologramme/img_02.jpg | images/cowboy/hologramme/img_03.jpg | images/cowboy/hologramme/img_04.jpg,"{""Cor"":[""Pink"",""verde"",""preto"",""azul"",""bege"",""camel""],""Tamanho"":[""55"",""56"",""57"",""58"",""59"",""60"",""61""],""Composição"":[""69% Poliéster – 31% Algodão"",""Forro 100% Algodão""],""Pack"":""Pacote 24""}",10,Pacote 24,https://hologrammeparis.com/product/casquette-18474ol/
