Handle,Title,Body (HTML),Vendor,Type,Tags,Published,Option1 Name,Option1 Value,Variant SKU,Variant Grams,Variant Inventory Tracker,Variant Inventory Qty,Variant Inventory Policy,Variant Fulfillment Service,Variant Price,Variant Compare At Price,Variant Requires Shipping,Variant Taxable,Image Src,Image Position,Image Alt Text,Gift Card,Status
boina-bico-de-pato-ajustavel,BOINA BICO DE PATO AJUSTÁVEL,"<p>Tamanho ajustável</p><p>Paquet de 12 pcs assorties: 4*Noir, 3*Marron, 2*Beige, 1*Kaki, 1*Gris, 1*Camel</p><ul><li><strong>Cor</strong>: Sortido</li><li><strong>Tamanho</strong>: Tamanho único ajustável</li><li><strong>Vendido Por</strong>: Pacote 12</li><li><strong>Composição</strong>: 100% Poliéster</li></ul>",Chapeus Lisboetas,Inverno,"Inverno, Tamanho ajustável",TRUE,Title,Default Title,Boné – 22182,,shopify,10,deny,manual,27.50,,TRUE,TRUE,,,BOINA BICO DE PATO AJUSTÁVEL,FALSE,active
boina-oitava-inverno,BOINA OITAVA INVERNO,"<p>Boina oitavada em poliéster e rayon, cores sortidas</p><p>Paquet de 12 pcs assorties: 4*Noir, 2*Bordeaux, 2*Gris Clair, 1*Gris Fonce, 1*Marine, 1*Marron, 1*Kaki</p><ul><li><strong>Cor</strong>: Sortido</li><li><strong>Tamanho</strong>: 57 , 59</li><li><strong>Vendido Por</strong>: Pacote 12</li><li><strong>Composição</strong>: 67,3% Poliéster – 32,7% Rayon</li></ul>",Chapeus Lisboetas,Inverno,"Inverno, boina oitavada",TRUE,Title,Default Title,Boné – 25025,,shopify,10,deny,manual,29.90,,TRUE,TRUE,,,BOINA OITAVA INVERNO,FALSE,active
boina-oitava-xadrez,BOINA OITAVA XADREZ,"<p>Boina oitavada xadrez com mistura de lã, cores sortidas</p><p>Paquet de 12 pcs assorties: 4*Blanc, 3*Rouille, 3*Taupe, 2*Moutarde</p><ul><li><strong>Cor</strong>: Sortido</li><li><strong>Tamanho</strong>: 57 , 59</li><li><strong>Vendido Por</strong>: Pacote 12</li><li><strong>Composição</strong>: 70% Poliéster – 15% Algodão – 15% Lã</li></ul>",Chapeus Lisboetas,Inverno,"boina oitavada, Inverno, Mistura de lã",TRUE,Title,Default Title,Boné – 22195,,shopify,10,deny,manual,29.90,,TRUE,TRUE,,,BOINA OITAVA XADREZ,FALSE,active
boina-oitavada-harringbone,BOINA OITAVADA HARRINGBONE,"<p>Boina oitavada harringbone com mistura de lã, cores sortidas</p><p>Paquet de 12 pcs assorties: 5*Noir, 3*Beige, 3*Gris, 1*Marron</p><ul><li><strong>Cor</strong>: Sortido</li><li><strong>Tamanho</strong>: 57 , 59</li><li><strong>Vendido Por</strong>: Pacote 12</li><li><strong>Composição</strong>: 51,5% Poliéster – 25,4% Acrílico – 6,2% Rayon – 13,5% Algodão – 3,4% Lã</li></ul>",Chapeus Lisboetas,Inverno,"boina oitavada, Inverno, Mistura de lã",TRUE,Title,Default Title,Boné – 25023,,shopify,10,deny,manual,29.90,,TRUE,TRUE,,,BOINA OITAVADA HARRINGBONE,FALSE,active
boina-piemonte-harringbone,BOINA PIEMONTE HARRINGBONE,"<p>Lã Pura</p><p>Découvrez notre Casquette - 18456MI au prix de grossiste pour votre boutique sur Hologramme Paris.</p><ul><li><strong>Cor</strong>: Marinho, Cinza, Castanho, Verde</li><li><strong>Tamanho</strong>: 55 , 56 , 57 , 58 , 59 , 60 , 61</li><li><strong>Vendido Por</strong>: Unitário</li><li><strong>Composição</strong>: 100% Lã</li></ul>",Chapeus Lisboetas,Inverno,"Fabricado na Itália, Inverno, Lã Pura",TRUE,Title,Default Title,Boné – 18456G,,shopify,10,deny,manual,45.00,,TRUE,TRUE,,,BOINA PIEMONTE HARRINGBONE,FALSE,active
boina-pure-wool-quadrados,BOINA PURE WOOL QUADRADOS,"<p>Lã Pura</p><p>Découvrez notre Casquette - 18439OL au prix de grossiste pour votre boutique sur Hologramme Paris.</p><ul><li><strong>Cor</strong>: Oliva</li><li><strong>Tamanho</strong>: 55 , 56 , 57 , 58 , 59 , 60 , 61</li><li><strong>Vendido Por</strong>: Unitário</li><li><strong>Composição</strong>: 100% Lã</li></ul>",Chapeus Lisboetas,Inverno,"Fabricado na Itália, Inverno, Lã Pura",TRUE,Title,Default Title,Boné – 18439OL,,shopify,10,deny,manual,45.00,,TRUE,TRUE,,,BOINA PURE WOOL QUADRADOS,FALSE,active
boina-oitava-harris-tweed,BOINA OITAVA HARRIS TWEED,"<p>Harris Tweed 100% lã virgem</p><p>Harris Tweed 100% Laine vierge</p><ul><li><strong>Cor</strong>: Multicolorido</li><li><strong>Tamanho</strong>: 55 , 56 , 57 , 58 , 59 , 60 , 61</li><li><strong>Vendido Por</strong>: Unitário</li><li><strong>Composição</strong>: 100% Lã</li></ul>",Chapeus Lisboetas,Inverno,"Fabricado na Itália, Harris Tweed, Inverno, Lã Pura",TRUE,Title,Default Title,Boné – 18438MC 18502MI,,shopify,10,deny,manual,85.00,,TRUE,TRUE,,,BOINA OITAVA HARRIS TWEED,FALSE,active
boina-piemonte-bombazine,BOINA PIEMONTE BOMBAZINE,"<p>Boina Piemonte em 100% algodão bombazine, fabricada na Itália</p><p>Découvrez notre Casquette - 18106MI au prix de grossiste pour votre boutique sur Hologramme Paris.</p><ul><li><strong>Cor</strong>: Azul , Bege, Castanho, Cinza, Preto, Verde</li><li><strong>Tamanho</strong>: 55 , 56 , 57 , 58 , 59 , 60 , 61</li><li><strong>Vendido Por</strong>: Unitário</li><li><strong>Composição</strong>: 100% algodão (BOMBAZINE)</li></ul>",Chapeus Lisboetas,Inverno,"Rótulo: Fabricado na Itália, bombazine",TRUE,Title,Default Title,Boné – 18106MI Boné – 18106K Boné – 18106G 18106MA,,shopify,10,deny,manual,27.50,,TRUE,TRUE,,,BOINA PIEMONTE BOMBAZINE,FALSE,active
boina-mistura-de-la-quadrados,BOINA MISTURA DE LÃ QUADRADOS,"<p>Boina com mistura de lã e padrão quadrados, fabricada na Itália</p><p>Découvrez notre Casquette - 18153K au prix de grossiste pour votre boutique sur Hologramme Paris.</p><ul><li><strong>Cor</strong>: Cáqui</li><li><strong>Tamanho</strong>: 55 , 56 , 57 , 58 , 59 , 60 , 61</li><li><strong>Vendido Por</strong>: Unitário</li><li><strong>Composição</strong>: 16% Poliéster – 25% Acrílico – 59% Lã</li></ul>",Chapeus Lisboetas,Inverno,Rótulo: Fabricado na Itália,TRUE,Title,Default Title,Boné – 18153K,,shopify,10,deny,manual,35.00,,TRUE,TRUE,,,BOINA MISTURA DE LÃ QUADRADOS,FALSE,active
boina-piemonte-cashmere,BOINA PIEMONTE CASHMERE,"<p>WOOL &amp; CASHEMERE</p><p>Découvrez notre Casquette - 18445MI au prix de grossiste pour votre boutique sur Hologramme Paris.</p><ul><li><strong>Cor</strong>: Marinho, Cáqui, Preto, Cinza, Camel</li><li><strong>Tamanho</strong>: 55 , 56 , 57 , 58 , 59 , 60 , 61</li><li><strong>Vendido Por</strong>: Unitário</li><li><strong>Composição</strong>: 70% Lã – 20% Poliamida – 10% Caxemira</li></ul>",Chapeus Lisboetas,Inverno,"Fabricado na Itália, Inverno, cashmere",TRUE,Title,Default Title,Boné – 18445MI Boné – 18445K Boné – 18445N Boné – 18445GR Boné – 18445CA,,shopify,10,deny,manual,29.90,,TRUE,TRUE,,,BOINA PIEMONTE CASHMERE,FALSE,active
boina-oitavada-pure-wool-xadrez,BOINA OITAVADA PURE WOOL XADREZ,"<p>Boina oitavada em 100% lã pura com padrão xadrez, fabricada na Itália</p><p>Découvrez notre Casquette - 18440OL au prix de grossiste pour votre boutique sur Hologramme Paris.</p><ul><li><strong>Cor</strong>: Oliva</li><li><strong>Tamanho</strong>: 55 , 56 , 57 , 58 , 59 , 60 , 61</li><li><strong>Vendido Por</strong>: Unitário</li><li><strong>Composição</strong>: 100% Lã</li></ul>",Chapeus Lisboetas,Inverno,"Fabricado na Itália, Inverno, Lã Pura",TRUE,Title,Default Title,Boné – 18440OL,,shopify,10,deny,manual,45.00,,TRUE,TRUE,,,BOINA OITAVADA PURE WOOL XADREZ,FALSE,active
chapeus-miki-marinheiro,CHAPÉUS MIKI / MARINHEIRO,"<p>Gorro estilo bretão Miki Docker em lã com pata de aperto traseira</p><p>Notre version Hologramme Paris du « Miki Docker » Bonnet style breton en laine avec patte de serrage arrière Sobre et sans logo apparent</p><ul><li><strong>Cor</strong>: Azul celeste , camelo claro , camelo escuro , cinza escuro , cáqui , marinho , marrom , mostarda , preto , vermelho , verde</li><li><strong>Vendido Por</strong>: Unitário</li><li><strong>Composição</strong>: 49% Viscose – 51% Lã</li></ul>",Chapeus Lisboetas,Inverno,CHAPÉUS MIKI / MARINHEIRO,TRUE,Title,Default Title,Gorro – Miki 22100 gorro de lã estilo bretão “Miki Docker” com aba de aperto traseira,,shopify,10,deny,manual,24.90,,TRUE,TRUE,,,CHAPÉUS MIKI / MARINHEIRO,FALSE,active
chapeus-miki-marinheiro-2,CHAPÉUS MIKI / MARINHEIRO,"<p>Gorro estilo bretão em lã merino, fabricado em Portugal</p><p>Découvrez notre Bonnet - 4974 Laine au prix de grossiste pour votre boutique sur Hologramme Paris.</p><ul><li><strong>Cor</strong>: Borgonha , Camelo Claro , Camelo Escuro , Cinza Claro , Cinza Escuro , Cáqui , Marinho , Marrom , Marrom Escuro , Mostarda , Preto , Vermelho , Roxo</li><li><strong>Vendido Por</strong>: Unitário</li><li><strong>Composição</strong>: 20% Poliamida – 80% Lã Merino</li></ul>",Chapeus Lisboetas,Inverno,Etiqueta: Fabricado em Portugal,TRUE,Title,Default Title,Gorro – 344974 gorro de lã estilo bretão “Miki Docker” com aba de aperto traseira,,shopify,10,deny,manual,24.90,,TRUE,TRUE,,,CHAPÉUS MIKI / MARINHEIRO,FALSE,active
boina-sextavada-pure-wool,BOINA SEXTAVADA PURE WOOL,"<p>Boina sextavada em 100% lã pura, fabricada na Itália</p><p>Découvrez notre Casquette - 18508MI au prix de grossiste pour votre boutique sur Hologramme Paris.</p><ul><li><strong>Cor</strong>: Marinha, Caqui, Marrom</li><li><strong>Tamanho</strong>: 55 , 56 , 57 , 58 , 59 , 60 , 61</li><li><strong>Vendido Por</strong>: Unitário</li><li><strong>Composição</strong>: 100% Lã</li></ul>",Chapeus Lisboetas,Inverno,"Fabricado na Itália, Inverno, Lã Pura",TRUE,Title,Default Title,Boné – 18508MI 18452,,shopify,10,deny,manual,55.00,,TRUE,TRUE,,,BOINA SEXTAVADA PURE WOOL,FALSE,active
boina-harris-tweed-quadrados,BOINA HARRIS TWEED QUADRADOS,"<p>Harris Tweed 100% lã virgem</p><p>Harris Tweed 100% Laine vierge</p><ul><li><strong>Cor</strong>: Marinho</li><li><strong>Tamanho</strong>: 55 , 56 , 57 , 58 , 59 , 60 , 61</li><li><strong>Vendido Por</strong>: Unitário</li><li><strong>Composição</strong>: 100% Lã</li></ul>",Chapeus Lisboetas,Inverno,"Fabricado na Itália, Harris Tweed, Inverno, Lã Pura",TRUE,Title,Default Title,Boné – 18500MI,,shopify,10,deny,manual,85.00,,TRUE,TRUE,,,BOINA HARRIS TWEED QUADRADOS,FALSE,active
boina-harris-tweed-patchwork,BOINA HARRIS TWEED PATCHWORK,"<p>Harris Tweed 100% lã virgem</p><p>Harris Tweed 100% Laine vierge</p><ul><li><strong>Cor</strong>: Marinho</li><li><strong>Tamanho</strong>: 55 , 56 , 57 , 58 , 59 , 60 , 61</li><li><strong>Vendido Por</strong>: Unitário</li><li><strong>Composição</strong>: 100% Lã</li></ul>",Chapeus Lisboetas,Inverno,"Fabricado na Itália, Harris Tweed, Inverno, Lã Pura",TRUE,Title,Default Title,Boné – 18501MI,,shopify,10,deny,manual,85.00,,TRUE,TRUE,,,BOINA HARRIS TWEED PATCHWORK,FALSE,active
boina-piemonte-mix-wool,BOINA PIEMONTE MIX WOOL,"<p>Boina Piemonte com mistura de lã, fabricada na Itália</p><p>Découvrez notre Casquette - 18074BL au prix de grossiste pour votre boutique sur Hologramme Paris.</p><ul><li><strong>Cor</strong>: Azul, Verde, Cinza</li><li><strong>Tamanho</strong>: 55 , 56 , 57 , 58 , 59 , 60 , 61</li><li><strong>Vendido Por</strong>: Unitário</li><li><strong>Composição</strong>: 35% Lã – 25% Poliéster – 20% Acrílico – 10% Algodão – 10% Poliamida</li></ul>",Chapeus Lisboetas,Inverno,"Fabricado na Itália, Inverno",TRUE,Title,Default Title,Boné – 18074 Boné – 18074K Boné – 18074GC,,shopify,10,deny,manual,29.90,,TRUE,TRUE,,,BOINA PIEMONTE MIX WOOL,FALSE,active
boina-sextavada-com-bombazine,BOINA SEXTAVADA COM BOMBAZINE,"<p>Boina sextavada em bombazine, fabricada na Itália</p><p>Découvrez notre Casquette - 18279K au prix de grossiste pour votre boutique sur Hologramme Paris.</p><ul><li><strong>Cor</strong>: Azul, Preto, Bege, Marrom, Cinza, Verde</li><li><strong>Tamanho</strong>: 55 , 56 , 57 , 58 , 59 , 60 , 61</li><li><strong>Vendido Por</strong>: Unitário</li><li><strong>Composição</strong>: 61% Poliéster – 31% Viscose – 8% Elastano , Forro: Poliéster</li></ul>",Chapeus Lisboetas,Inverno,"Fabricado na Itália, Inverno",TRUE,Title,Default Title,Boné – 18279K Boné – 18279MA Boné – 18279MI Boné – 18279BG Boné – 18279G,,shopify,10,deny,manual,45.00,,TRUE,TRUE,,,BOINA SEXTAVADA COM BOMBAZINE,FALSE,active
boina-oitavada-pure-wool,BOINA OITAVADA PURE WOOL,"<p>Boina oitavada em 100% lã pura Shetland, fabricada na Itália</p><p>100% Pure Laine Shetland</p><ul><li><strong>Cor</strong>: Marinha</li><li><strong>Tamanho</strong>: 55 , 56 , 57 , 58 , 59 , 60 , 61</li><li><strong>Vendido Por</strong>: Unitário</li><li><strong>Composição</strong>: 100% Lã</li></ul>",Chapeus Lisboetas,Inverno,"Fabricado na Itália, Inverno, Lã Pura",TRUE,Title,Default Title,18220MI,,shopify,10,deny,manual,45.00,,TRUE,TRUE,,,BOINA OITAVADA PURE WOOL,FALSE,active
viseira-feminina,VISEIRA FEMININA,"<p>COR        
Bege, Castanho, Verde, Azul, Bordo, Marinho

TAMANHO                
55 , 56 , 57 , 58 , 59 , 60 , 61

VENDIDO POR        
Pacote 24

COMPOSIÇÃO                
69% Poliéster – 31% Algodão / Forro 100% Algodão</p><p>Découvrez notre Casquette - 18474OL = 18519OL au prix de grossiste pour votre boutique sur Hologramme Paris.</p><ul><li><strong>Cor</strong>: Pink, verde, preto, azul, bege, camel</li><li><strong>Tamanho</strong>: 55 , 56 , 57 , 58 , 59 , 60 , 61</li><li><strong>Composição</strong>: 69% Poliéster – 31% Algodão / Forro 100% Algodão</li><li><strong>Vendido Por</strong>: Pacote 24</li></ul>",Chapeus Lisboetas,Cowboy,VISEIRA  FEMININA,TRUE,Title,Default Title,HOLOGRAMME,,shopify,10,deny,manual,8.00,,TRUE,TRUE,,,VISEIRA FEMININA,FALSE,active
boina-oitavada-linho,BOINA OITAVADA LINHO,"<p>Boina oitavada em linho e viscose, leve e fresca para verão</p><p>Paquet de 24 pcs assorties: 4*Noir, 4*Marine, 5*Gris, 4*Vert, 3*Camel, 4*Beige</p><ul><li><strong>Cor</strong>: Sortido</li><li><strong>Tamanho</strong>: 57 , 59</li><li><strong>Vendido Por</strong>: Pacote 24</li><li><strong>Composição</strong>: 85% Viscose – 15% Linho</li></ul>",Chapeus Lisboetas,Verão,Verão 2023,TRUE,Title,Default Title,Boné – 12805,,shopify,10,deny,manual,27.50,,TRUE,TRUE,,,BOINA OITAVADA LINHO,FALSE,active
boina-piemonte-linho-e-algodao,BOINA PIEMONTE LINHO E ALGODÃO,"<p>Boina Piemonte em linho e algodão, fabricada na Itália</p><p>Découvrez notre Casquette - 18110EC au prix de grossiste pour votre boutique sur Hologramme Paris.</p><ul><li><strong>Cor</strong>: Cru, Preto, Verde, Azul</li><li><strong>Tamanho</strong>: 54 , 55 , 56 , 57 , 58 , 59 , 60 , 61</li><li><strong>Vendido Por</strong>: Unitário</li><li><strong>Composição</strong>: 50% Algodão – 50% Linho</li></ul>",Chapeus Lisboetas,Verão,Etiqueta: Fabricado em Italia,TRUE,Title,Default Title,Boné – 18110EC Boné – 18110OL,,shopify,10,deny,manual,27.50,,TRUE,TRUE,,,BOINA PIEMONTE LINHO E ALGODÃO,FALSE,active
boina-sextavada-cores-na-pala,BOINA SEXTAVADA CORES NA PALA,"<p>Boina sextavada com detalhes coloridos na pala</p><p>Découvrez notre Casquette - 18474OL = 18519OL au prix de grossiste pour votre boutique sur Hologramme Paris.</p><ul><li><strong>Cor</strong>: Verde, Bege, Azul, Cinza</li><li><strong>Tamanho</strong>: 55 , 56 , 57 , 58 , 59 , 60 , 61</li><li><strong>Vendido Por</strong>: Unitário</li><li><strong>Composição</strong>: 50% Polyester – 50% Viscose</li></ul>",Chapeus Lisboetas,Verão,BOINA SEXTAVADA CORES NA PALA,TRUE,Title,Default Title,Boné – 18474,,shopify,10,deny,manual,45.00,,TRUE,TRUE,,,BOINA SEXTAVADA CORES NA PALA,FALSE,active
viseira-feminina-2,VISEIRA FEMININA,"<p>COR        
Bege, Castanho, Verde, Azul, Bordo, Marinho

TAMANHO                
55 , 56 , 57 , 58 , 59 , 60 , 61

VENDIDO POR        
Pacote 24

COMPOSIÇÃO                
69% Poliéster – 31% Algodão / Forro 100% Algodão</p><p>Découvrez notre Casquette - 18474OL = 18519OL au prix de grossiste pour votre boutique sur Hologramme Paris.</p><ul><li><strong>Cor</strong>: Pink, verde, preto, azul, bege, camel</li><li><strong>Tamanho</strong>: 55 , 56 , 57 , 58 , 59 , 60 , 61</li><li><strong>Composição</strong>: 69% Poliéster – 31% Algodão / Forro 100% Algodão</li><li><strong>Vendido Por</strong>: Pacote 24</li></ul>",Chapeus Lisboetas,Cowboy,VISEIRA  FEMININA,TRUE,Title,Default Title,HOLOGRAMME,,shopify,10,deny,manual,8.00,,TRUE,TRUE,,,VISEIRA FEMININA,FALSE,active
tag-fabricado-na-italia-linho,"Tag: Fabricado na Itália, Linho","<p>COR        
Verde, Azul, Bege

TAMANHO                
55 , 56 , 57 , 58 , 59 , 60 , 61

VENDIDO POR        
Unidade

COMPOSIÇÃO                
100% Linho</p><p>Découvrez notre Casquette - E18107BL au prix de grossiste pour votre boutique sur Hologramme Paris.</p><ul><li><strong>Cor</strong>: Verde, Azul, Bege</li><li><strong>Tamanho</strong>: 55 , 56 , 57 , 58 , 59 , 60 , 61</li><li><strong>Vendido Por</strong>: Unidade</li><li><strong>Composição</strong>: 100% Linho</li></ul>",Chapeus Lisboetas,Verão,"Fabricado na Itália, Linho",TRUE,Title,Default Title,Boné – 18107 Boné – 18515,,shopify,10,deny,manual,47.50,,TRUE,TRUE,,,"Tag: Fabricado na Itália, Linho",FALSE,active
boina-piemonte-algodao,BOINA PIEMONTE ALGODÃO,"<p>Boina Piemonte em algodão, fabricada na Itália</p><p>Découvrez notre Casquette - 18521A au prix de grossiste pour votre boutique sur Hologramme Paris.</p><ul><li><strong>Cor</strong>: Azul, Bege, Marinho</li><li><strong>Tamanho</strong>: 55 , 56 , 57 , 58 , 59 , 60 , 61</li><li><strong>Vendido Por</strong>: Unidade</li><li><strong>Composição</strong>: 100% Algodão</li></ul>",Chapeus Lisboetas,Verão,"Fabricado na Itália, Algodão",TRUE,Title,Default Title,Boné – 18521A,,shopify,10,deny,manual,35.00,,TRUE,TRUE,,,BOINA PIEMONTE ALGODÃO,FALSE,active
boina-sextavada-algodao,BOINA SEXTAVADA ALGODÃO,"<p>Boina sextavada em algodão, leve e versátil</p><p>Paquet de 24 pcs assorties: 2 de chaque couleur</p><ul><li><strong>Couleur</strong>: Assorties</li><li><strong>Taille</strong>: 57, 59</li><li><strong>Vendu Par</strong>: Pack 24</li><li><strong>Composition</strong>: 100% Coton</li></ul>",Chapeus Lisboetas,Verão,"verão, cotton",TRUE,Title,Default Title,Boné – 15266F Boné – 15266C,,shopify,10,deny,manual,16.90,,TRUE,TRUE,,,BOINA SEXTAVADA ALGODÃO,FALSE,active
boina-sextavada-pele,BOINA SEXTAVADA PELE,"<p>Découvrez notre Casquette - 18161N au prix de grossiste pour votre boutique sur Hologramme Paris.</p><ul><li><strong>Cor</strong>: Preto, Marrom</li><li><strong>Tamanho</strong>: 55 , 56 , 57 , 58 , 59 , 60 , 61</li><li><strong>Vendido Por</strong>: Unitário</li><li><strong>Composição</strong>: 100% couro de vaca</li></ul>",Chapeus Lisboetas,Artigos em Pele,"Fabricado na Itália, pele genuina",TRUE,Title,Default Title,Boné – 18161N Boné – 18161M,,shopify,10,deny,manual,89.90,,TRUE,TRUE,,,BOINA SEXTAVADA PELE,FALSE,active
luvas-femininas,LUVAS FEMININAS,"<p>Découvrez notre Gants en cuir classique - 17120 au prix de grossiste pour votre boutique sur Hologramme Paris.</p><ul><li><strong>Couleur</strong>: Bordeaux, Gris, Marine, Marron, Moutarde, Noir, Orange, Rouge, Taupe</li><li><strong>Taille</strong>: 6.5, 7, 7.5, 8</li><li><strong>Vendu Par</strong>: Unitaire</li><li><strong>Composition</strong>: 100% Cuir de Vachette</li></ul>",Chapeus Lisboetas,Artigos em Pele,Etiqueta: LUVAS,TRUE,Title,Default Title,Gants – 17120,,shopify,10,deny,manual,35.00,,TRUE,TRUE,,,LUVAS FEMININAS,FALSE,active
luvas-masculinas,LUVAS MASCULINAS,"<p>Découvrez notre Gants en cuir classique - 17119 au prix de grossiste pour votre boutique sur Hologramme Paris.</p><ul><li><strong>Couleur</strong>: Camel, Marine, Marron, Noir</li><li><strong>Taille</strong>: 8, 8.5, 9, 9.5</li><li><strong>Vendu Par</strong>: Unitaire</li><li><strong>Composition</strong>: 100% Cuir d&#x27;Ovin / Doublure : 100% Polyester</li></ul>",Chapeus Lisboetas,Artigos em Pele,Etiqueta: LUVAS,TRUE,Title,Default Title,Gants – 17119,,shopify,10,deny,manual,35.00,,TRUE,TRUE,,,LUVAS MASCULINAS,FALSE,active
carteiras,CARTEIRAS,"<p>Découvrez notre Porte-Monnaie - 5657 au prix de grossiste pour votre boutique sur Hologramme Paris.</p><ul><li><strong>Couleur</strong>: Bleu, Bordeaux, Cognac, Marron, Noir, Taupe</li><li><strong>Vendu Par</strong>: Unitaire</li></ul>",Chapeus Lisboetas,Artigos em Pele,CARTEIRAS,TRUE,Title,Default Title,Porte-Monnaie – 5657,,shopify,10,deny,manual,35.00,,TRUE,TRUE,,,CARTEIRAS,FALSE,active
chapeu-tiroles-em-cortica,CHAPÉU TIROLÊS EM CORTIÇA,"<p>Boné Vegan estilo basebol de cortiça. 100% Eco-Friendly, produzido em Portugal. Leve,  prático e resistente. Montado - Cortiça com Arte.</p><ul><li><strong>Couleur</strong>: Natural</li><li><strong>Taille</strong>: 54, 55 , 56 , 57 , 58 , 59 , 60 , 61, 62, 63</li><li><strong>Vendu Par</strong>: Unitaire</li><li><strong>Composition</strong>: 100%</li><li><strong>Cor</strong>: Natural</li><li><strong>Tamanho</strong>: 55 , 56 , 57 , 58 , 59 , 60 , 61</li><li><strong>Composição</strong>: 100%</li><li><strong>Vendido Por</strong>: Unitário</li></ul>",Chapeus Lisboetas,Cortiça,"Chapéu tirolês em cortiça. Na confecção deste chapéu não foi usado nenhum material de origem animal.

– Chapéu tirolês, 100% cortiça

– Produto sustentável.

– Produto produzido em Portugal com cortiça Portuguesa.

– Duradouro, eco-Friendly e resistente à água.

– Pode ser limpo com água e sabão neutro.

– Cor da peça em exibição: Natural.",TRUE,Title,Default Title,VELEN,,shopify,10,deny,manual,45.00,,TRUE,TRUE,,,CHAPÉU TIROLÊS EM CORTIÇA,FALSE,active
chapeu-tiroles-em-cortica-2,CHAPÉU TIROLÊS EM CORTIÇA,"<p>Boné Vegan estilo basebol de cortiça. 100% Eco-Friendly, produzido em Portugal. Leve,  prático e resistente. Montado - Cortiça com Arte.</p><ul><li><strong>Couleur</strong>: Natural</li><li><strong>Taille</strong>: 54, 55 , 56 , 57 , 58 , 59 , 60 , 61, 62, 63</li><li><strong>Vendu Par</strong>: Unitaire</li><li><strong>Composition</strong>: 100%</li><li><strong>Cor</strong>: Natural</li><li><strong>Tamanho</strong>: 55 , 56 , 57 , 58 , 59 , 60 , 61</li><li><strong>Composição</strong>: 100%</li><li><strong>Vendido Por</strong>: Unitário</li></ul>",Chapeus Lisboetas,Cortiça,"Chapéu tirolês em cortiça. Na confecção deste chapéu não foi usado nenhum material de origem animal.

– Chapéu tirolês, 100% cortiça

– Produto sustentável.

– Produto produzido em Portugal com cortiça Portuguesa.

– Duradouro, eco-Friendly e resistente à água.

– Pode ser limpo com água e sabão neutro.

– Cor da peça em exibição: Natural.",TRUE,Title,Default Title,VELEN,,shopify,10,deny,manual,45.00,,TRUE,TRUE,,,CHAPÉU TIROLÊS EM CORTIÇA,FALSE,active
chapeu-tiroles-em-cortica-3,CHAPÉU TIROLÊS EM CORTIÇA,"<p>Boné Vegan estilo basebol de cortiça. 100% Eco-Friendly, produzido em Portugal. Leve,  prático e resistente. Montado - Cortiça com Arte.</p><ul><li><strong>Couleur</strong>: Natural</li><li><strong>Taille</strong>: 54, 55 , 56 , 57 , 58 , 59 , 60 , 61, 62, 63</li><li><strong>Vendu Par</strong>: Unitaire</li><li><strong>Composition</strong>: 100%</li><li><strong>Cor</strong>: Natural</li><li><strong>Tamanho</strong>: 55 , 56 , 57 , 58 , 59 , 60 , 61</li><li><strong>Composição</strong>: 100%</li><li><strong>Vendido Por</strong>: Unitário</li></ul>",Chapeus Lisboetas,Cortiça,"Chapéu tirolês em cortiça. Na confecção deste chapéu não foi usado nenhum material de origem animal.

– Chapéu tirolês, 100% cortiça

– Produto sustentável.

– Produto produzido em Portugal com cortiça Portuguesa.

– Duradouro, eco-Friendly e resistente à água.

– Pode ser limpo com água e sabão neutro.

– Cor da peça em exibição: Natural.",TRUE,Title,Default Title,VELEN,,shopify,10,deny,manual,45.00,,TRUE,TRUE,,,CHAPÉU TIROLÊS EM CORTIÇA,FALSE,active
chapeu-tiroles-em-cortica-4,CHAPÉU TIROLÊS EM CORTIÇA,"<p>Boné Vegan estilo basebol de cortiça. 100% Eco-Friendly, produzido em Portugal. Leve,  prático e resistente. Montado - Cortiça com Arte.</p><ul><li><strong>Couleur</strong>: Natural</li><li><strong>Taille</strong>: 54, 55 , 56 , 57 , 58 , 59 , 60 , 61, 62, 63</li><li><strong>Vendu Par</strong>: Unitaire</li><li><strong>Composition</strong>: 100%</li><li><strong>Cor</strong>: Natural</li><li><strong>Tamanho</strong>: 55 , 56 , 57 , 58 , 59 , 60 , 61</li><li><strong>Composição</strong>: 100%</li><li><strong>Vendido Por</strong>: Unitário</li></ul>",Chapeus Lisboetas,Cortiça,"Chapéu tirolês em cortiça. Na confecção deste chapéu não foi usado nenhum material de origem animal.

– Chapéu tirolês, 100% cortiça

– Produto sustentável.

– Produto produzido em Portugal com cortiça Portuguesa.

– Duradouro, eco-Friendly e resistente à água.

– Pode ser limpo com água e sabão neutro.

– Cor da peça em exibição: Natural.",TRUE,Title,Default Title,VELEN,,shopify,10,deny,manual,45.00,,TRUE,TRUE,,,CHAPÉU TIROLÊS EM CORTIÇA,FALSE,active
chapeu-tiroles-em-cortica-5,CHAPÉU TIROLÊS EM CORTIÇA,"<p>Boné Vegan estilo basebol de cortiça. 100% Eco-Friendly, produzido em Portugal. Leve,  prático e resistente. Montado - Cortiça com Arte.</p><ul><li><strong>Couleur</strong>: Natural</li><li><strong>Taille</strong>: 54, 55 , 56 , 57 , 58 , 59 , 60 , 61, 62, 63</li><li><strong>Vendu Par</strong>: Unitaire</li><li><strong>Composition</strong>: 100%</li><li><strong>Cor</strong>: Natural</li><li><strong>Tamanho</strong>: 55 , 56 , 57 , 58 , 59 , 60 , 61</li><li><strong>Composição</strong>: 100%</li><li><strong>Vendido Por</strong>: Unitário</li></ul>",Chapeus Lisboetas,Cortiça,"Chapéu tirolês em cortiça. Na confecção deste chapéu não foi usado nenhum material de origem animal.

– Chapéu tirolês, 100% cortiça

– Produto sustentável.

– Produto produzido em Portugal com cortiça Portuguesa.

– Duradouro, eco-Friendly e resistente à água.

– Pode ser limpo com água e sabão neutro.

– Cor da peça em exibição: Natural.",TRUE,Title,Default Title,VELEN,,shopify,10,deny,manual,45.00,,TRUE,TRUE,,,CHAPÉU TIROLÊS EM CORTIÇA,FALSE,active
chapeu-tiroles-em-cortica-6,CHAPÉU TIROLÊS EM CORTIÇA,"<p>Boné Vegan estilo basebol de cortiça. 100% Eco-Friendly, produzido em Portugal. Leve,  prático e resistente. Montado - Cortiça com Arte.</p><ul><li><strong>Couleur</strong>: Natural</li><li><strong>Taille</strong>: 54, 55 , 56 , 57 , 58 , 59 , 60 , 61, 62, 63</li><li><strong>Vendu Par</strong>: Unitaire</li><li><strong>Composition</strong>: 100%</li><li><strong>Cor</strong>: Natural</li><li><strong>Tamanho</strong>: 55 , 56 , 57 , 58 , 59 , 60 , 61</li><li><strong>Composição</strong>: 100%</li><li><strong>Vendido Por</strong>: Unitário</li></ul>",Chapeus Lisboetas,Cortiça,"Chapéu tirolês em cortiça. Na confecção deste chapéu não foi usado nenhum material de origem animal.

– Chapéu tirolês, 100% cortiça

– Produto sustentável.

– Produto produzido em Portugal com cortiça Portuguesa.

– Duradouro, eco-Friendly e resistente à água.

– Pode ser limpo com água e sabão neutro.

– Cor da peça em exibição: Natural.",TRUE,Title,Default Title,VELEN,,shopify,10,deny,manual,45.00,,TRUE,TRUE,,,CHAPÉU TIROLÊS EM CORTIÇA,FALSE,active
chapeu-tiroles-em-cortica-7,CHAPÉU TIROLÊS EM CORTIÇA,"<p>Boné Vegan estilo basebol de cortiça. 100% Eco-Friendly, produzido em Portugal. Leve,  prático e resistente. Montado - Cortiça com Arte.</p><ul><li><strong>Couleur</strong>: Natural</li><li><strong>Taille</strong>: 54, 55 , 56 , 57 , 58 , 59 , 60 , 61, 62, 63</li><li><strong>Vendu Par</strong>: Unitaire</li><li><strong>Composition</strong>: 100%</li><li><strong>Cor</strong>: Natural</li><li><strong>Tamanho</strong>: 55 , 56 , 57 , 58 , 59 , 60 , 61</li><li><strong>Composição</strong>: 100%</li><li><strong>Vendido Por</strong>: Unitário</li></ul>",Chapeus Lisboetas,Cortiça,"Chapéu tirolês em cortiça. Na confecção deste chapéu não foi usado nenhum material de origem animal.

– Chapéu tirolês, 100% cortiça

– Produto sustentável.

– Produto produzido em Portugal com cortiça Portuguesa.

– Duradouro, eco-Friendly e resistente à água.

– Pode ser limpo com água e sabão neutro.

– Cor da peça em exibição: Natural.",TRUE,Title,Default Title,VELEN,,shopify,10,deny,manual,45.00,,TRUE,TRUE,,,CHAPÉU TIROLÊS EM CORTIÇA,FALSE,active
chapeu-tiroles-em-cortica-8,CHAPÉU TIROLÊS EM CORTIÇA,"<p>Boné Vegan estilo basebol de cortiça. 100% Eco-Friendly, produzido em Portugal. Leve,  prático e resistente. Montado - Cortiça com Arte.</p><ul><li><strong>Couleur</strong>: Natural</li><li><strong>Taille</strong>: 54, 55 , 56 , 57 , 58 , 59 , 60 , 61, 62, 63</li><li><strong>Vendu Par</strong>: Unitaire</li><li><strong>Composition</strong>: 100%</li><li><strong>Cor</strong>: Natural</li><li><strong>Tamanho</strong>: 55 , 56 , 57 , 58 , 59 , 60 , 61</li><li><strong>Composição</strong>: 100%</li><li><strong>Vendido Por</strong>: Unitário</li></ul>",Chapeus Lisboetas,Cortiça,"Chapéu tirolês em cortiça. Na confecção deste chapéu não foi usado nenhum material de origem animal.

– Chapéu tirolês, 100% cortiça

– Produto sustentável.

– Produto produzido em Portugal com cortiça Portuguesa.

– Duradouro, eco-Friendly e resistente à água.

– Pode ser limpo com água e sabão neutro.

– Cor da peça em exibição: Natural.",TRUE,Title,Default Title,VELEN,,shopify,10,deny,manual,45.00,,TRUE,TRUE,,,CHAPÉU TIROLÊS EM CORTIÇA,FALSE,active
gorro-ushanka,GORRO USHANKA,"<p>Hologramme est un grossiste de Toques et Chapkas avec 40 ans d’expérience. Découvrez nos collections de chapeaux en fourrure au tarif de gros.</p><ul><li><strong>Cor</strong>: Bege , Camelo , Cáqui , Marrom , Preto</li><li><strong>Tamanho</strong>: 57 , 59</li><li><strong>Vendido Por</strong>: Pacote 12</li><li><strong>Composição</strong>: 100% Poliéster / Forro: 100% Poliéster</li></ul>",Chapeus Lisboetas,Gorros,Fabricado na China,TRUE,Title,Default Title,Chapka – 6064,,shopify,10,deny,manual,1.00,,TRUE,TRUE,,,GORRO USHANKA,FALSE,active
chapeu-chapka,CHAPÉU CHAPKA,"<p>Fausse fourrure en 100% Modacrylique</p><ul><li><strong>Cor</strong>: Bege , Azul Claro , Borgonha , Cinza , Marinho , Marrom , Mostarda , Preto , Laranja , Rosa , Vermelho , Verde</li><li><strong>Composição</strong>: 100% modacrílica</li></ul>",Chapeus Lisboetas,Gorros,Etiqueta: Fabricado em Portugal,TRUE,Title,Default Title,Chapéu – 49171,,shopify,10,deny,manual,3.00,,TRUE,TRUE,,,CHAPÉU CHAPKA,FALSE,active
chapeu-chapka-2,CHAPÉU CHAPKA,"<p>Fausse fourrure en 100% Modacrylique</p><ul><li><strong>Cor</strong>: Bege , Azul Claro , Borgonha , Cinza , Marinho , Marrom , Mostarda , Preto , Laranja , Rosa , Vermelho , Verde</li><li><strong>Composição</strong>: 100% modacrílica</li></ul>",Chapeus Lisboetas,Gorros,Etiqueta: Fabricado em Portugal,TRUE,Title,Default Title,Chapéu – 49171,,shopify,10,deny,manual,3.00,,TRUE,TRUE,,,CHAPÉU CHAPKA,FALSE,active
bonnet-pierre-cardin,Bonnet – Pierre Cardin,"<p>Découvrez notre Bonnet - Pierre Cardin au prix de grossiste pour votre boutique sur Hologramme Paris.</p><ul><li><strong>Cor</strong>: Branco, Camelo, Cinza, Preto</li><li><strong>Tamanho</strong>: Tamanho Único</li><li><strong>Vendido Por</strong>: Unitário</li><li><strong>Composição</strong>: 100% Acrílico / Forro: 100% Poliéster</li></ul>",Chapeus Lisboetas,Gorros,"Gorro da marca Pierre Cardin, com uma textura suave e simples.

Possui um grande reverso e exibe um emblema branco com o logo distintivo de Pierre Cardin, com um grande “P” estilizado em preto e a assinatura abaixo

Fabricado em um material quente e confortável, perfeito para um visual sóbrio de inverno.",TRUE,Title,Default Title,bonnet-pierre-cardin,,shopify,10,deny,manual,0.20,,TRUE,TRUE,,,Bonnet – Pierre Cardin,FALSE,active
chapeu-fedora,CHAPEU FEDORA,"<p>Notre version Hologramme Paris du &quot;Fedora classique&quot; Chapeau avec un Ruban ton sur ton, 100 g de pure laine. Sobre et sans logo apparent.</p><ul><li><strong>Cor</strong>: Sortido</li><li><strong>Tamanho</strong>: 55 , 56 , 57 , 58 , 59 , 60 , 61 , 62</li><li><strong>Vendido Por</strong>: Pacote 12</li><li><strong>Composição</strong>: 100% Lã</li></ul>",Chapeus Lisboetas,Lã,"Nossa versão Hologram Paris do “Fedora clássico”

Chapéu com fita tom sobre tom, 100 g de pura lã.

Sóbrio e sem logótipo visível.

100% lã e fabricação italiana",TRUE,Title,Default Title,"Tags: Fabricado na Itália , Lã Pura",,shopify,10,deny,manual,35.00,,TRUE,TRUE,,,CHAPEU FEDORA,FALSE,active
chapeu-fedora-2,CHAPEU FEDORA,"<p>Notre version Hologramme Paris du &quot;Fedora classique&quot; Chapeau avec un Ruban ton sur ton, 100 g de pure laine. Sobre et sans logo apparent.</p><ul><li><strong>Cor</strong>: Sortido</li><li><strong>Tamanho</strong>: 55 , 56 , 57 , 58 , 59 , 60 , 61 , 62</li><li><strong>Vendido Por</strong>: Pacote 12</li><li><strong>Composição</strong>: 100% Lã</li></ul>",Chapeus Lisboetas,Lã,"Nossa versão Hologram Paris do “Fedora clássico”

Chapéu com fita tom sobre tom, 100 g de pura lã.

Sóbrio e sem logótipo visível.

100% lã e fabricação italiana",TRUE,Title,Default Title,"Tags: Fabricado na Itália , Lã Pura",,shopify,10,deny,manual,35.00,,TRUE,TRUE,,,CHAPEU FEDORA,FALSE,active
chapeus-de-la-italiana,CHAPÉUS DE LÃ ITALIANA,"<p>2*55, 2*56, 3*57, 3*58, 2*59 (ou 1*60 e 2*58)</p><p>Notre version Hologramme Paris du &quot;Fedora imperméable et indéformable&quot; Chapeau avec une ceinture marron, 100 g de pure laine Waterproof Crushable.</p><ul><li><strong>Cor</strong>: Sortido</li><li><strong>Tamanho</strong>: 55 , 56 , 57 , 58 , 59 , 60</li><li><strong>Vendido Por</strong>: Pacote 12</li><li><strong>Composição</strong>: 100% Lã</li></ul>",Chapeus Lisboetas,Lã,"Fabricado na Itália, Lã, Esmagável, Impermeável",TRUE,Title,Default Title,"Chapéu Impermeável – Art 181054 (Pack 12) Tags: Fabricado na Itália , Lã Esmagável Impermeável",,shopify,10,deny,manual,67.50,,TRUE,TRUE,,,CHAPÉUS DE LÃ ITALIANA,FALSE,active
chapeu-de-la-trilby,CHAPÉU DE LÃ TRILBY,"<p>Paquet de 12 pcs assorties: 2*55, 2*56, 3*57, 3*58, 2*59 (ou 1*60 et 2*58) Pour l’achat à l’unité de ce produit, c’est ici: https://hologrammeparis.com/product/chapeau-art-970/</p><ul><li><strong>Cor</strong>: Sortido</li><li><strong>Tamanho</strong>: 54, 55 , 56 , 57 , 58 , 59 , 60</li><li><strong>Vendido Por</strong>: Pacote 12</li><li><strong>Composição</strong>: 100% Lã</li></ul>",Chapeus Lisboetas,Lã,"Fabricado na Itália, Lã Pura",TRUE,Title,Default Title,Chapéu – Art 970 (Pack 12),,shopify,10,deny,manual,29.90,,TRUE,TRUE,,,CHAPÉU DE LÃ TRILBY,FALSE,active
chapeus-de-la-impermeavel,CHAPÉUS DE LÃ IMPERMEÁVEL,"<p>Paquet de 12 pcs assorties: 2*55, 2*56, 3*57, 3*58, 2*59 (ou 1*60 et 2*58) Pour l’achat à l’unité de ce produit, c’est ici: https://hologrammeparis.com/product/chapeau-art-181056/</p><ul><li><strong>Cor</strong>: Sortido</li><li><strong>Tamanho</strong>: 55 , 56 , 57 , 58 , 59 , 60</li><li><strong>Vendido Por</strong>: Pacote 12</li><li><strong>Composição</strong>: 100% Lã</li></ul>",Chapeus Lisboetas,Lã,CHAPÉUS DE LÃ IMPERMEÁVEL,TRUE,Title,Default Title,"Chapéu Impermeável – Art 181056 Tags: Fabricado na Itália , Lã, Esmagável, Impermeável",,shopify,10,deny,manual,49.90,,TRUE,TRUE,,,CHAPÉUS DE LÃ IMPERMEÁVEL,FALSE,active
bones-de-inverno-para-mulheres,BONÉS DE INVERNO PARA MULHERES,"<p>Paquet de 12 pcs assorties: 4*Noir, 2*Gris + 1 de chaque couleur</p>",Chapeus Lisboetas,Feminino,BONÉS DE INVERNO PARA MULHERES,TRUE,Title,Default Title,Boné – 13156,,shopify,10,deny,manual,0.20,,TRUE,TRUE,,,BONÉS DE INVERNO PARA MULHERES,FALSE,active
bones-de-inverno-para-mulheres-2,BONÉS DE INVERNO PARA MULHERES,"<p>Paquet de 24 pcs assorties: 9*Beige, 7*Gris, 8*Noir</p><ul><li><strong>Cor</strong>: Cru , Cinza , Preto</li><li><strong>Vendido Por</strong>: Pacote 24</li><li><strong>Composição</strong>: 50% Lã – 50% PU Sintético</li></ul>",Chapeus Lisboetas,Feminino,"BONÉS DE INVERNO PARA MULHERES, OriginalPriceNote: Etiqueta: Fabricado na China",TRUE,Title,Default Title,Boné – 12463,,shopify,10,deny,manual,0.00,,TRUE,TRUE,,,BONÉS DE INVERNO PARA MULHERES,FALSE,active
chapeus-de-palha-femininos,CHAPÉUS DE PALHA FEMININOS,"<p>Découvrez notre Paille - 12673 au prix de grossiste pour votre boutique sur Hologramme Paris.</p><ul><li><strong>Cor</strong>: Natural, Preto</li><li><strong>Tamanho</strong>: Tamanho único</li><li><strong>Vendido Por</strong>: Unitário</li><li><strong>Composição</strong>: Palha 100% natural</li></ul>",Chapeus Lisboetas,Cerimónia,"Nossa versão Hologram Paris do chapéu de palha em forma de sino.

Chapéu luxuoso tricotado em palha de ráfia extrafina .
Sólido, dobrável e intemporal.

Palha 100% Ráfia, OriginalPriceNote: Tags: Fabricado na China , Tamanho ajustável",TRUE,Title,Default Title,Palha – 12673,,shopify,10,deny,manual,0.00,,TRUE,TRUE,,,CHAPÉUS DE PALHA FEMININOS,FALSE,active
bones-de-verao-para-mulheres,BONÉS DE VERÃO PARA MULHERES,"<p>Paquet de 24 pcs assorties: 2*Rouge, 2*Vert, 2*Bleu Ciel, 4*Camel, 4*Ecru, 3*Blanc, 3*Beige, 3*Marine, 1*Gris</p><ul><li><strong>Cor</strong>: Bege , Branco , Camelo , Cinza , Marinho , Vermelho</li><li><strong>Tamanho</strong>: 56 , 58</li><li><strong>Vendido Por</strong>: Pacote 24</li><li><strong>Composição</strong>: 7% Viscose – 33% Algodão – 60% Poliéster</li></ul>",Chapeus Lisboetas,Cerimónia,"BONÉS DE VERÃO PARA MULHERES, OriginalPriceNote: Etiqueta: Fabricado na China",TRUE,Title,Default Title,Boné – 12625,,shopify,10,deny,manual,0.00,,TRUE,TRUE,,,BONÉS DE VERÃO PARA MULHERES,FALSE,active
bones-de-verao-para-mulheres-2,BONÉS DE VERÃO PARA MULHERES,"<p>Paquet de 30 pcs assorties: 2*Rose, 5*Orange, 5*Violet, 6*Bleu, 6*Beige, 6*Noir</p><ul><li><strong>Cor</strong>: Bege , Bordéus , Marinho , Preto , Rosa , Vermelho</li><li><strong>Vendido Por</strong>: Pacote 15</li><li><strong>Composição</strong>: 100% Papel</li></ul>",Chapeus Lisboetas,Cerimónia,"SIZE	
One size adjustable, OriginalPriceNote: Etiqueta: Fabricado na China",TRUE,Title,Default Title,Viseira – 23119,,shopify,10,deny,manual,0.00,,TRUE,TRUE,,,BONÉS DE VERÃO PARA MULHERES,FALSE,active
bones-de-inverno-para-mulheres-3,BONÉS DE INVERNO PARA MULHERES,"<p>Paquet de 12 pcs assorties: 2*Gris Clair, 1*Gris Fonce, 1*Kaki, 1*Bordeaux, 1*Rouge, 2*Marine, 4*Noir</p><ul><li><strong>Cor</strong>: Azul , Cinza , Cinza Escuro , Preto , Vermelho , Verde</li><li><strong>Tamanho</strong>: 56 , 58</li><li><strong>Vendido Por</strong>: Pacote 12</li><li><strong>Composição</strong>: 5% Acrílico – 7% Fibra – 40% Lã – 48% Poliéster</li></ul>",Chapeus Lisboetas,Cerimónia,"Fabricado na China, Mistura de lã, OriginalPriceNote: NÃO TEM MAIS NO ESTOQUE",TRUE,Title,Default Title,Boné – 2018039,,shopify,10,deny,manual,0.00,,TRUE,TRUE,,,BONÉS DE INVERNO PARA MULHERES,FALSE,active
bones-de-inverno-para-mulheres-4,BONÉS DE INVERNO PARA MULHERES,<p>Paquet de 24 pcs assorties: 2 pcs de chaque couleur</p><ul><li><strong>Cor</strong>: Preto</li><li><strong>Tamanho</strong>: Unico</li><li><strong>Composição</strong>: 50% Polyester – 50% Laine</li></ul>,Chapeus Lisboetas,Cerimónia,"Fabricado na China, Mistura de lã",TRUE,Title,Default Title,Casquette – 22103,,shopify,10,deny,manual,14.00,,TRUE,TRUE,,,BONÉS DE INVERNO PARA MULHERES,FALSE,active
bones-de-inverno-para-mulheres-5,BONÉS DE INVERNO PARA MULHERES,"<p>Paquet de 24 pcs assorties: 2*Moutarde, 2*Marron, 3*Bordeaux, 3*Marine, 3*Vert, 3*Bleu, 3*Taupe, 5*Noir</p><ul><li><strong>Cor</strong>: 2*Mostarda, 2*Marrom, 3*Bordéus, 3*Marinho, 3*Verde, 3*Azul, 3*Taupe, 5*Preto</li><li><strong>Tamanho</strong>: Unico com ajuste (elástico)</li><li><strong>Composição</strong>: 100% PU</li></ul>",Chapeus Lisboetas,Cerimónia,"Fabricado na China, Tamanho ajustável",TRUE,Title,Default Title,Casquette – 12448,,shopify,10,deny,manual,15.00,,TRUE,TRUE,,,BONÉS DE INVERNO PARA MULHERES,FALSE,active
chapeus-de-palha-femininos-2,CHAPÉUS DE PALHA FEMININOS,"<p>Découvrez notre Paille - 12511 au prix de grossiste pour votre boutique sur Hologramme Paris.</p><ul><li><strong>Cor</strong>: Camel , Cinza , Natural , Preto , Verde</li><li><strong>Tamanho</strong>: Tamanho único</li><li><strong>Vendido Por</strong>: Unitário</li><li><strong>Composição</strong>: Palha 100% natural</li></ul>",Chapeus Lisboetas,Cerimónia,"Nossa versão Hologram Paris do chapéu de palha em forma de sino.

Chapéu luxuoso tricotado em palha de ráfia extrafina .
Sólido, dobrável e intemporal.

Palha 100% Ráfia, OriginalPriceNote: Tags: Fabricado na China , Tamanho ajustável",TRUE,Title,Default Title,Palha – 12511,,shopify,10,deny,manual,0.00,,TRUE,TRUE,,,CHAPÉUS DE PALHA FEMININOS,FALSE,active
chapeus-de-palha-femininos-3,CHAPÉUS DE PALHA FEMININOS,"<p>Découvrez notre Paille - 12512 au prix de grossiste pour votre boutique sur Hologramme Paris.</p><ul><li><strong>Cor</strong>: Preto, Verde, Natural</li><li><strong>Tamanho</strong>: Tamanho único</li><li><strong>Vendido Por</strong>: Unitário</li><li><strong>Composição</strong>: Palha 100% natural</li></ul>",Chapeus Lisboetas,Cerimónia,"Nossa versão Hologram Paris do chapéu de palha em forma de sino.

Chapéu luxuoso tricotado em palha de ráfia extrafina .
Sólido, dobrável e intemporal.

Palha 100% Ráfia, OriginalPriceNote: Tags: Fabricado na China , Tamanho ajustável",TRUE,Title,Default Title,Palha – 12512,,shopify,10,deny,manual,0.00,,TRUE,TRUE,,,CHAPÉUS DE PALHA FEMININOS,FALSE,active
chapeus-de-palha-femininos-4,CHAPÉUS DE PALHA FEMININOS,"<p>Paquet de 30 pcs assorties: 11*Beige, 7*Camel, 4*Vert, 4*Gris, 4*Noir il reste que du naturel</p><ul><li><strong>Cor</strong>: Cinza, Verde, Natural</li><li><strong>Tamanho</strong>: Tamanho único</li><li><strong>Vendido Por</strong>: Unitário</li><li><strong>Composição</strong>: Palha 100% natural</li></ul>",Chapeus Lisboetas,Cerimónia,"Nossa versão Hologram Paris do chapéu de palha em forma de sino.

Chapéu luxuoso tricotado em palha de ráfia extrafina .
Sólido, dobrável e intemporal.

Palha 100% Ráfia, OriginalPriceNote: Tags: Fabricado na China , Tamanho ajustável",TRUE,Title,Default Title,Palha – 12517,,shopify,10,deny,manual,0.00,,TRUE,TRUE,,,CHAPÉUS DE PALHA FEMININOS,FALSE,active
boina-classica-beret,BOINA CLÁSSICA / BERET,"<p>Notre version Hologramme Paris du &quot;Béret Uni classique&quot; Sobre, intemporel et sans logo apparent. 75g de Laine grattée et rasée *les nouvelles couleurs sont à 90% laine.</p><ul><li><strong>Vendido Por</strong>: Unitário</li><li><strong>Composição</strong>: 100% Lã</li></ul>",Chapeus Lisboetas,Cerimónia,"Nossa versão holográfica parisiense da “boina lisa clássica”

Sóbrio, intemporal e sem logótipo visível.

75g de lã escovada e raspada, OriginalPriceNote: Etiqueta: Fabricado na China",TRUE,Title,Default Title,Boina Clássica – 5020,,shopify,10,deny,manual,0.00,,TRUE,TRUE,,,BOINA CLÁSSICA / BERET,FALSE,active
chapeu-la-harmonico,CHAPÉU LÃ HARMONICO,"<p>Paquet de 12 pcs assorties: 1*Prune, 2*Bordeaux, 1*Marron, 3*Noir, 1*Camel, 1*Gris Fonce, 2*Marine, 1*Kaki</p><ul><li><strong>Cor</strong>: Sortido</li><li><strong>Tamanho</strong>: UNICO</li><li><strong>Vendido Por</strong>: Pacote 12</li><li><strong>Composição</strong>: 100% Lã</li></ul>",Chapeus Lisboetas,Feminino,Lã Pura,TRUE,Title,Default Title,Gorro – 5942F Bonnet – 5942C,,shopify,10,deny,manual,19.90,,TRUE,TRUE,,,CHAPÉU LÃ HARMONICO,FALSE,active
boina-com-pala-pied-poule,BOINA COM PALA PIED POULE,"<p>Paquet de 12 pcs assorties: 5*Gris Fonce, 4*Gris Clair, 3*Beige</p><ul><li><strong>Cor</strong>: Sortido</li><li><strong>Tamanho</strong>: 56 , 58</li><li><strong>Vendido Por</strong>: Pacote 12</li><li><strong>Composição</strong>: 50% Lã – 50% Poliéster</li></ul>",Chapeus Lisboetas,Feminino,BOINA COM PALA PIED POULE,TRUE,Title,Default Title,Boné – 22238,,shopify,10,deny,manual,29.90,,TRUE,TRUE,,,BOINA COM PALA PIED POULE,FALSE,active
chapeus-de-palha-femininos-5,CHAPÉUS DE PALHA FEMININOS,"<p>Découvrez notre Paille - 12673 au prix de grossiste pour votre boutique sur Hologramme Paris.</p><ul><li><strong>Cor</strong>: Natural, Preto</li><li><strong>Tamanho</strong>: Tamanho único</li><li><strong>Vendido Por</strong>: Unitário</li><li><strong>Composição</strong>: Palha 100% natural</li></ul>",Chapeus Lisboetas,Cerimónia,"Nossa versão Hologram Paris do chapéu de palha em forma de sino.

Chapéu luxuoso tricotado em palha de ráfia extrafina .
Sólido, dobrável e intemporal.

Palha 100% Ráfia, OriginalPriceNote: Tags: Fabricado na China , Tamanho ajustável",TRUE,Title,Default Title,Palha – 12673,,shopify,10,deny,manual,0.00,,TRUE,TRUE,,,CHAPÉUS DE PALHA FEMININOS,FALSE,active
bones-de-verao-para-mulheres-3,BONÉS DE VERÃO PARA MULHERES,"<p>Paquet de 24 pcs assorties: 2*Rouge, 2*Vert, 2*Bleu Ciel, 4*Camel, 4*Ecru, 3*Blanc, 3*Beige, 3*Marine, 1*Gris</p><ul><li><strong>Cor</strong>: Bege , Branco , Camelo , Cinza , Marinho , Vermelho</li><li><strong>Tamanho</strong>: 56 , 58</li><li><strong>Vendido Por</strong>: Pacote 24</li><li><strong>Composição</strong>: 7% Viscose – 33% Algodão – 60% Poliéster</li></ul>",Chapeus Lisboetas,Cerimónia,"BONÉS DE VERÃO PARA MULHERES, OriginalPriceNote: Etiqueta: Fabricado na China",TRUE,Title,Default Title,Boné – 12625,,shopify,10,deny,manual,0.00,,TRUE,TRUE,,,BONÉS DE VERÃO PARA MULHERES,FALSE,active
bones-de-verao-para-mulheres-4,BONÉS DE VERÃO PARA MULHERES,"<p>Paquet de 30 pcs assorties: 2*Rose, 5*Orange, 5*Violet, 6*Bleu, 6*Beige, 6*Noir</p><ul><li><strong>Cor</strong>: Bege , Bordéus , Marinho , Preto , Rosa , Vermelho</li><li><strong>Vendido Por</strong>: Pacote 15</li><li><strong>Composição</strong>: 100% Papel</li></ul>",Chapeus Lisboetas,Cerimónia,"SIZE	
One size adjustable, OriginalPriceNote: Etiqueta: Fabricado na China",TRUE,Title,Default Title,Viseira – 23119,,shopify,10,deny,manual,0.00,,TRUE,TRUE,,,BONÉS DE VERÃO PARA MULHERES,FALSE,active
bones-de-inverno-para-mulheres-6,BONÉS DE INVERNO PARA MULHERES,"<p>Paquet de 12 pcs assorties: 2*Gris Clair, 1*Gris Fonce, 1*Kaki, 1*Bordeaux, 1*Rouge, 2*Marine, 4*Noir</p><ul><li><strong>Cor</strong>: Azul , Cinza , Cinza Escuro , Preto , Vermelho , Verde</li><li><strong>Tamanho</strong>: 56 , 58</li><li><strong>Vendido Por</strong>: Pacote 12</li><li><strong>Composição</strong>: 5% Acrílico – 7% Fibra – 40% Lã – 48% Poliéster</li></ul>",Chapeus Lisboetas,Cerimónia,"Fabricado na China, Mistura de lã, OriginalPriceNote: NÃO TEM MAIS NO ESTOQUE",TRUE,Title,Default Title,Boné – 2018039,,shopify,10,deny,manual,0.00,,TRUE,TRUE,,,BONÉS DE INVERNO PARA MULHERES,FALSE,active
bones-de-inverno-para-mulheres-7,BONÉS DE INVERNO PARA MULHERES,<p>Paquet de 24 pcs assorties: 2 pcs de chaque couleur</p><ul><li><strong>Cor</strong>: Preto</li><li><strong>Tamanho</strong>: Unico</li><li><strong>Composição</strong>: 50% Polyester – 50% Laine</li></ul>,Chapeus Lisboetas,Cerimónia,"Fabricado na China, Mistura de lã",TRUE,Title,Default Title,Casquette – 22103,,shopify,10,deny,manual,14.00,,TRUE,TRUE,,,BONÉS DE INVERNO PARA MULHERES,FALSE,active
bones-de-inverno-para-mulheres-8,BONÉS DE INVERNO PARA MULHERES,"<p>Paquet de 24 pcs assorties: 2*Moutarde, 2*Marron, 3*Bordeaux, 3*Marine, 3*Vert, 3*Bleu, 3*Taupe, 5*Noir</p><ul><li><strong>Cor</strong>: 2*Mostarda, 2*Marrom, 3*Bordéus, 3*Marinho, 3*Verde, 3*Azul, 3*Taupe, 5*Preto</li><li><strong>Tamanho</strong>: Unico com ajuste (elástico)</li><li><strong>Composição</strong>: 100% PU</li></ul>",Chapeus Lisboetas,Cerimónia,"Fabricado na China, Tamanho ajustável",TRUE,Title,Default Title,Casquette – 12448,,shopify,10,deny,manual,15.00,,TRUE,TRUE,,,BONÉS DE INVERNO PARA MULHERES,FALSE,active
chapeus-de-palha-femininos-6,CHAPÉUS DE PALHA FEMININOS,"<p>Découvrez notre Paille - 12511 au prix de grossiste pour votre boutique sur Hologramme Paris.</p><ul><li><strong>Cor</strong>: Camel , Cinza , Natural , Preto , Verde</li><li><strong>Tamanho</strong>: Tamanho único</li><li><strong>Vendido Por</strong>: Unitário</li><li><strong>Composição</strong>: Palha 100% natural</li></ul>",Chapeus Lisboetas,Cerimónia,"Nossa versão Hologram Paris do chapéu de palha em forma de sino.

Chapéu luxuoso tricotado em palha de ráfia extrafina .
Sólido, dobrável e intemporal.

Palha 100% Ráfia, OriginalPriceNote: Tags: Fabricado na China , Tamanho ajustável",TRUE,Title,Default Title,Palha – 12511,,shopify,10,deny,manual,0.00,,TRUE,TRUE,,,CHAPÉUS DE PALHA FEMININOS,FALSE,active
chapeus-de-palha-femininos-7,CHAPÉUS DE PALHA FEMININOS,"<p>Découvrez notre Paille - 12512 au prix de grossiste pour votre boutique sur Hologramme Paris.</p><ul><li><strong>Cor</strong>: Preto, Verde, Natural</li><li><strong>Tamanho</strong>: Tamanho único</li><li><strong>Vendido Por</strong>: Unitário</li><li><strong>Composição</strong>: Palha 100% natural</li></ul>",Chapeus Lisboetas,Cerimónia,"Nossa versão Hologram Paris do chapéu de palha em forma de sino.

Chapéu luxuoso tricotado em palha de ráfia extrafina .
Sólido, dobrável e intemporal.

Palha 100% Ráfia, OriginalPriceNote: Tags: Fabricado na China , Tamanho ajustável",TRUE,Title,Default Title,Palha – 12512,,shopify,10,deny,manual,0.00,,TRUE,TRUE,,,CHAPÉUS DE PALHA FEMININOS,FALSE,active
chapeus-de-palha-femininos-8,CHAPÉUS DE PALHA FEMININOS,"<p>Paquet de 30 pcs assorties: 11*Beige, 7*Camel, 4*Vert, 4*Gris, 4*Noir il reste que du naturel</p><ul><li><strong>Cor</strong>: Cinza, Verde, Natural</li><li><strong>Tamanho</strong>: Tamanho único</li><li><strong>Vendido Por</strong>: Unitário</li><li><strong>Composição</strong>: Palha 100% natural</li></ul>",Chapeus Lisboetas,Cerimónia,"Nossa versão Hologram Paris do chapéu de palha em forma de sino.

Chapéu luxuoso tricotado em palha de ráfia extrafina .
Sólido, dobrável e intemporal.

Palha 100% Ráfia, OriginalPriceNote: Tags: Fabricado na China , Tamanho ajustável",TRUE,Title,Default Title,Palha – 12517,,shopify,10,deny,manual,0.00,,TRUE,TRUE,,,CHAPÉUS DE PALHA FEMININOS,FALSE,active
chapeus-de-palha-femininos-9,CHAPÉUS DE PALHA FEMININOS,"<p>Paquet de 30 pcs assorties: 12*55, 18*57</p><ul><li><strong>Cor</strong>: Bege , Cáqui , Marinho , Preto , Laranja , Ferrugem</li><li><strong>Tamanho</strong>: Tamanho único</li><li><strong>Vendido Por</strong>: Unitário</li><li><strong>Composição</strong>: Palha 100% natural</li></ul>",Chapeus Lisboetas,Cerimónia,"CHAPÉUS DE PALHA FEMININOS, OriginalPriceNote: Tags: Fabricado na China , Tamanho ajustável",TRUE,Title,Default Title,Palha – 937,,shopify,10,deny,manual,0.00,,TRUE,TRUE,,,CHAPÉUS DE PALHA FEMININOS,FALSE,active
boina-classica-beret-2,BOINA CLÁSSICA / BERET,"<p>Notre version Hologramme Paris du &quot;Béret Uni classique&quot; Sobre, intemporel et sans logo apparent. 75g de Laine grattée et rasée *les nouvelles couleurs sont à 90% laine.</p><ul><li><strong>Vendido Por</strong>: Unitário</li><li><strong>Composição</strong>: 100% Lã</li></ul>",Chapeus Lisboetas,Cerimónia,"Nossa versão holográfica parisiense da “boina lisa clássica”

Sóbrio, intemporal e sem logótipo visível.

75g de lã escovada e raspada, OriginalPriceNote: Etiqueta: Fabricado na China",TRUE,Title,Default Title,Boina Clássica – 5020,,shopify,10,deny,manual,0.00,,TRUE,TRUE,,,BOINA CLÁSSICA / BERET,FALSE,active
chapeu-de-palha-natural,CHAPÉU DE PALHA NATURAL,"<p>Paquet de 30 pcs assorties: 3*55, 4*56, 6*57, 7*58, 5*59, 3*60, 2*61</p><ul><li><strong>Cor</strong>: Natural</li><li><strong>Tamanho</strong>: 55 , 56 , 57 , 58 , 59 , 60 , 61</li><li><strong>Vendido Por</strong>: Pacote 15</li><li><strong>Composição</strong>: Palha 100% natural</li></ul>",Chapeus Lisboetas,Palha,Rótulo: Fabricado na Itália,TRUE,Title,Default Title,Palha – 941216 Couro,,shopify,10,deny,manual,35.00,,TRUE,TRUE,,,CHAPÉU DE PALHA NATURAL,FALSE,active
chapeu-panama,CHAPEU PANAMÁ,"<p>Découvrez notre Panama - 201754 au prix de grossiste pour votre boutique sur Hologramme Paris.</p><ul><li><strong>Cor</strong>: Branco</li><li><strong>Tamanho</strong>: 54, 55 , 56 , 57 , 58 , 59</li><li><strong>Vendido Por</strong>: Unitário</li><li><strong>Composição</strong>: Papel 100% Japonês</li></ul>",Chapeus Lisboetas,Panamá,"A versão revisitada do Panamá equatoriano, mais sólida, dobrável e moderna.

Panamá Panasoft em papel 100% japonês .

Fabricado na Itália.",TRUE,Title,Default Title,Panamá – 201754,,shopify,10,deny,manual,67.50,,TRUE,TRUE,,,CHAPEU PANAMÁ,FALSE,active
chapeu-panama-aba-curta,CHAPEU PANAMÁ ABA CURTA,"<p>Découvrez notre Panama - 201752-Ecru au prix de grossiste pour votre boutique sur Hologramme Paris.</p><ul><li><strong>Cor</strong>: Branco, Bege</li><li><strong>Tamanho</strong>: 54, 55 , 56 , 57 , 58 , 59 , 60 , 61</li><li><strong>Vendido Por</strong>: Unitário</li><li><strong>Composição</strong>: Papel 100% Japonês</li></ul>",Chapeus Lisboetas,Panamá,"A versão revisitada do Panamá equatoriano, mais sólida, dobrável e moderna.

Panamá Panasoft em papel 100% japonês .

Fabricado na Itália.",TRUE,Title,Default Title,Panamá – 201752,,shopify,10,deny,manual,67.50,,TRUE,TRUE,,,CHAPEU PANAMÁ ABA CURTA,FALSE,active
chapeu-panama-ajustavel,CHAPEU PANAMÁ AJUSTÁVEL,"<p>Découvrez notre Panama - Art 931 Japonais au prix de grossiste pour votre boutique sur Hologramme Paris.</p><ul><li><strong>Cor</strong>: Beige, Kaki, Marine, Noir</li><li><strong>Tamanho</strong>: 55 , 56 , 57 , 58 , 59 , 60 , 61</li><li><strong>Vendido Por</strong>: Unitário</li><li><strong>Composição</strong>: Papel 100% Japonês</li></ul>",Chapeus Lisboetas,Panamá,"A versão revisitada do Panamá equatoriano, mais sólida, dobrável e moderna.

Panamá Panasoft em papel 100% japonês .

Fabricado na Itália.",TRUE,Title,Default Title,Panamá – 931,,shopify,10,deny,manual,67.50,,TRUE,TRUE,,,CHAPEU PANAMÁ AJUSTÁVEL,FALSE,active
chapeus-algodao-encerado,CHAPÉUS ALGODÃO ENCERADO,"<p>Découvrez notre Chapeau - 49103 au prix de grossiste pour votre boutique sur Hologramme Paris.</p><ul><li><strong>Cor</strong>: Camelo , Marinho , Marrom , Preto , Ferrugem , Taupe , Verde Escuro</li><li><strong>Tamanho</strong>: 55 , 57 , 59 , 61</li><li><strong>Vendido Por</strong>: Unitário</li><li><strong>Composição</strong>: 100% algodão</li></ul>",Chapeus Lisboetas,À prova d'Água,"Algodão Oleado, Fabricado em Portugal",TRUE,Title,Default Title,Chapéu – 49103,,shopify,10,deny,manual,45.00,,TRUE,TRUE,,,CHAPÉUS ALGODÃO ENCERADO,FALSE,active
buckt-hat-algodao,BUCKT HAT ALGODÃO,"<p>Paquet de 24 pcs assorties: 3*Noir, 3*Marine, 2*Orange, 2*Beige, 2*Bleu Royal, 2*Moutarde, 2*Kaki, 2*Gris, 2*Bordeaux, 2*Rouge, 1*Camel, 1*Marron Clair</p><ul><li><strong>Cor</strong>: Bege Claro , Azul , Borgonha , Camelo , Cinza , Amarelo , Cáqui Claro , Cáqui Escuro , Marinho , Preto , Laranja , Vermelho</li><li><strong>Tamanho</strong>: 57 , 59</li><li><strong>Vendido Por</strong>: Pacote 24</li><li><strong>Composição</strong>: 100% algodão</li></ul>",Chapeus Lisboetas,Tecido,BUCKT HAT ALGODÃO,TRUE,Title,Default Title,Bob – 2018121,,shopify,10,deny,manual,14.90,,TRUE,TRUE,,,BUCKT HAT ALGODÃO,FALSE,active
chapeu-safari,CHAPÉU SAFARI,"<p>Paquet de 24 pcs assorties: 3*Noir, 3*Marine, 2*Kaki, 2*Bordeaux, 2*Rouge, 2*Rouille, 2*Bleu Royal, 2*Gris, 2*Moutarde, 2*Beige, 1*Camel, 1*Marron Clair</p><ul><li><strong>Cor</strong>: Beige Clair, Bleu, Bordeaux, Camel, Gris, Jaune, Kaki Clair, Kaki Fonce, Marine, Noir, Orange, Rouge</li><li><strong>Tamanho</strong>: 57 , 59</li><li><strong>Vendido Por</strong>: Pacote 24</li><li><strong>Composição</strong>: 100% algodão</li></ul>",Chapeus Lisboetas,Tecido,CHAPÉU SAFARI,TRUE,Title,Default Title,Bob – 2018120,,shopify,10,deny,manual,19.90,,TRUE,TRUE,,,CHAPÉU SAFARI,FALSE,active
viseira-feminina-3,VISEIRA FEMININA,"<p>COR        
Bege, Castanho, Verde, Azul, Bordo, Marinho

TAMANHO                
55 , 56 , 57 , 58 , 59 , 60 , 61

VENDIDO POR        
Pacote 24

COMPOSIÇÃO                
69% Poliéster – 31% Algodão / Forro 100% Algodão</p><p>Découvrez notre Casquette - 18474OL = 18519OL au prix de grossiste pour votre boutique sur Hologramme Paris.</p><ul><li><strong>Cor</strong>: Pink, verde, preto, azul, bege, camel</li><li><strong>Tamanho</strong>: 55 , 56 , 57 , 58 , 59 , 60 , 61</li><li><strong>Composição</strong>: 69% Poliéster – 31% Algodão / Forro 100% Algodão</li><li><strong>Vendido Por</strong>: Pacote 24</li></ul>",Chapeus Lisboetas,Cowboy,VISEIRA  FEMININA,TRUE,Title,Default Title,HOLOGRAMME,,shopify,10,deny,manual,8.00,,TRUE,TRUE,,,VISEIRA FEMININA,FALSE,active
bones-cubanos,BONÉS CUBANOS,"<p>Paquet de 24 pcs assorties: 2*Bleu, 2*Moutarde, 2*Rouge, 2*Kaki, 4*Noir, 3*Camel, 3*Gris, 4*Marine, 2*Vert</p><ul><li><strong>Cor</strong>: Azul , Camelo , Cinza , Cáqui , Marinho , Mostarda , Preto , Vermelho , Verde</li><li><strong>Vendido Por</strong>: Pacote 12</li><li><strong>Composição</strong>: 100% algodão</li></ul>",Chapeus Lisboetas,Bonés,"2*Azul, 2*Mostarda, 2*Vermelho, 2*Cáqui, 4*Preto, 3*Camelo, 3*Cinza, 4*Marinha, 2*Verde, 3 * cinza escuro, 3 * bege, 2 * cáqui, 2 * preto, 2 * verde maçã, 2 * laranja, 2 * marrom 2 * azul, 2 * verde abeto, 2 * vermelho, 2 * Cinza claro, OriginalPriceNote: Tags: Fabricado na China , Tamanho ajustável",TRUE,Title,Default Title,Boné – 12614 Boné – 15112,,shopify,10,deny,manual,0.00,,TRUE,TRUE,,,BONÉS CUBANOS,FALSE,active
bones-cubanos-2,BONÉS CUBANOS,"<p>Paquet de 24 pcs assorties: 3*Noir, 3*Marine, 2*Rouge, 2*Orange, 2*Bleu, 2*Moutarde, 2*Kaki, 2*Gris, 2*Beige, 2*Camel, 1*Rose, 1*Gris Fonce</p><ul><li><strong>Cor</strong>: Sortido</li><li><strong>Vendido Por</strong>: Pacote 12</li><li><strong>Composição</strong>: 72,2% Algodão – 27,8% Viscose</li></ul>",Chapeus Lisboetas,Bonés,BONÉS CUBANOS,TRUE,Title,Default Title,Boné – 12694,,shopify,10,deny,manual,2022.00,,TRUE,TRUE,,,BONÉS CUBANOS,FALSE,active
bones-cubanos-3,BONÉS CUBANOS,"<p>Paquet de 24 pcs assorties: 3*Noir, 3*Gris Clair, 3*Marine, 4*Beige, 2*Bleu Canard, 2*Rouge, 2*Jean, 2*Gris Fonce, 2*Blanc, 1*Moutarde</p><ul><li><strong>Cor</strong>: Sortido</li><li><strong>Tamanho</strong>: 575</li><li><strong>Vendido Por</strong>: Pacote 24</li><li><strong>Composição</strong>: 85% Viscose – 15% Linho</li></ul>",Chapeus Lisboetas,Bonés,BONÉS CUBANOS,TRUE,Title,Default Title,Boné – 12849,,shopify,10,deny,manual,2023.00,,TRUE,TRUE,,,BONÉS CUBANOS,FALSE,active
bones-cubanos-4,BONÉS CUBANOS,"<p>Paquet de 24 pcs assorties: 4*Noir, 3*Beige, 3*Marine, 2*Gris Clair, 2*Gris Fonce, 2*Camel, 2*Kaki, 2*Orange, 2*Moutarde, 2*Blanc</p><ul><li><strong>Cor</strong>: Sortido</li><li><strong>Tamanho</strong>: 575</li><li><strong>Vendido Por</strong>: Pacote 24</li><li><strong>Composição</strong>: 98,8% Algodão – 1,2% Viscose</li></ul>",Chapeus Lisboetas,Bonés,BONÉS CUBANOS,TRUE,Title,Default Title,Boné – 15165,,shopify,10,deny,manual,2023.00,,TRUE,TRUE,,,BONÉS CUBANOS,FALSE,active
bones-cubanos-5,BONÉS CUBANOS,<p>Paquet de 24 pcs assorties: 2 de chaque couleur</p><ul><li><strong>Cor</strong>: Sortido</li><li><strong>Tamanho</strong>: 575</li><li><strong>Vendido Por</strong>: Pacote 24</li><li><strong>Composição</strong>: 100% algodão</li></ul>,Chapeus Lisboetas,Bonés,BONÉS CUBANOS,TRUE,Title,Default Title,Boné – 15116,,shopify,10,deny,manual,2023.00,,TRUE,TRUE,,,BONÉS CUBANOS,FALSE,active
bones-trucker,BONÉS TRUCKER,"<p>Découvrez notre casquette en velours, un incontournable pour les boutiques de mode et les enseignes d’accessoires.</p><ul><li><strong>Cor</strong>: Sortido , Bege , Bordeaux , Cinza , Azul Marinho , Castanho Claro , Castanho Escuro , Preto , Vermelho</li><li><strong>Vendido Por</strong>: Pacote 12</li><li><strong>Composição</strong>: 100% Poliéster</li></ul>",Chapeus Lisboetas,Bonés,"BONÉS TRUCKER, OriginalPriceNote: Tags: Fabricado na China",TRUE,Title,Default Title,Boné Veludo – 22138 (ou 2019110),,shopify,10,deny,manual,0.00,,TRUE,TRUE,,,BONÉS TRUCKER,FALSE,active
bones-trucker-2,BONÉS TRUCKER,"<p>Paquet de 24 pcs assorties: 3*Noir, 3*Marine, 2*Vert, 2*Turquoise, 2*Bordeaux, 2*Orange, 2*Moutarde, 2*Gris, 2*Beige, 2*Camel, 1*Kaki, 1*Rose</p><ul><li><strong>Cor</strong>: Bege , Azul , Bordéus , Cru , Cinza Claro , Cinza Escuro , Cáqui , Marinho , Mostarda , Laranja , Rosa , Verde</li><li><strong>Vendido Por</strong>: Pacote 24</li><li><strong>Tamanho</strong>: 575</li><li><strong>Composição</strong>: 100% algodão</li></ul>",Chapeus Lisboetas,Bonés,"BONÉS TRUCKER, OriginalPriceNote: Tags: Fabricado na China",TRUE,Title,Default Title,Boné – 22134,,shopify,10,deny,manual,0.00,,TRUE,TRUE,,,BONÉS TRUCKER,FALSE,active
bones-trucker-3,BONÉS TRUCKER,"<p>Paquet de 24 pcs assorties: 3*Noir, 3*Marine, 2*Vert, 2*Turquoise, 2*Bordeaux, 2*Orange, 2*Moutarde, 2*Gris, 2*Beige, 2*Camel, 1*Kaki, 1*Rose</p><ul><li><strong>Cor</strong>: Bege , Azul , Bordéus , Cru , Cinza Claro , Cinza Escuro , Cáqui , Marinho , Mostarda , Laranja , Rosa , Verde</li><li><strong>Vendido Por</strong>: Pacote 24</li><li><strong>Tamanho</strong>: 575</li><li><strong>Composição</strong>: 100% algodão</li></ul>",Chapeus Lisboetas,Bonés,"BONÉS TRUCKER, OriginalPriceNote: Tags: Fabricado na China",TRUE,Title,Default Title,Boné – 22134,,shopify,10,deny,manual,0.00,,TRUE,TRUE,,,BONÉS TRUCKER,FALSE,active
bones-trucker-4,BONÉS TRUCKER,<p>Découvrez notre Casquette - 15263 au prix de grossiste pour votre boutique sur Hologramme Paris.</p><ul><li><strong>Cor</strong>: ou unidade</li><li><strong>Vendido Por</strong>: Pacote por</li><li><strong>Tamanho</strong>: 575</li><li><strong>Composição</strong>: 100% algodão</li></ul>,Chapeus Lisboetas,Bonés,BONÉS TRUCKER,TRUE,Title,Default Title,Boné – 15263,,shopify,10,deny,manual,12.90,,TRUE,TRUE,,,BONÉS TRUCKER,FALSE,active
chapeu-cowboy,CHAPÉU COWBOY,"<p>Paquet de 24 pcs assorties: 3*Noir, 3*Gris Clair, 3*Marine, 4*Beige, 2*Bleu Canard, 2*Rouge, 2*Jean, 2*Gris Fonce, 2*Blanc, 1*Moutarde</p><ul><li><strong>Cor</strong>: Sortido</li><li><strong>Vendido Por</strong>: Pacote 24</li><li><strong>Composição</strong>: 32,7% Algodão – 60,1% Poliéster – 7,2% Celulose</li></ul>",Chapeus Lisboetas,Cowboy,CHAPÉU COWBOY,TRUE,Title,Default Title,Boné – 15125,,shopify,10,deny,manual,2023.00,,TRUE,TRUE,,,CHAPÉU COWBOY,FALSE,active
bone-15114,bone-15114,"<p>Paquet de 24 pcs assorties: 2*Gris Clair, 3*Beige, 1*Orange, 4*Bleu, 2*Rouge, 1*Vert Sapin, 2*Bordeaux, 2*Kaki, 3*Gris Foncé, 4*Noir</p><ul><li><strong>Cor</strong>: Sortido</li><li><strong>Tamanho</strong>: 57 , 59</li><li><strong>Vendido Por</strong>: Pacote 24</li><li><strong>Composição</strong>: 100% algodão</li></ul>",Chapeus Lisboetas,Cowboy,,TRUE,Title,Default Title,Boné – 15114,,shopify,10,deny,manual,2023.00,,TRUE,TRUE,,,bone-15114,FALSE,active
gorro-miki-12601-gorro-640182503,gorro-miki-12601-gorro-640182503,<p>Découvrez notre Bonnet - Miki 12601 au prix de grossiste pour votre boutique sur Hologramme Paris.</p><ul><li><strong>Vendido Por</strong>: Unitário</li><li><strong>Composição</strong>: 100% algodão</li></ul>,Chapeus Lisboetas,Cowboy,OriginalPriceNote: Tags: Fabricado na China,TRUE,Title,Default Title,Gorro – Miki 12601 Gorro – 640182503,,shopify,10,deny,manual,0.00,,TRUE,TRUE,,,gorro-miki-12601-gorro-640182503,FALSE,active
algodao-4974,algodao-4974,<p>Découvrez notre Bonnet - Coton 4974 au prix de grossiste pour votre boutique sur Hologramme Paris.</p><ul><li><strong>Cor</strong>: Sortido</li><li><strong>Vendido Por</strong>: Unitário</li><li><strong>Composição</strong>: 50% Algodão – 50% Poliéster</li></ul>,Chapeus Lisboetas,Cowboy,OriginalPriceNote: Etiqueta: Fabricado em Portugal,TRUE,Title,Default Title,Algodão 4974,,shopify,10,deny,manual,0.00,,TRUE,TRUE,,,algodao-4974,FALSE,active
bone-18110ec,bone-18110ec,"<p>Découvrez notre Casquette - 18110EC au prix de grossiste pour votre boutique sur Hologramme Paris.</p><ul><li><strong>Cor</strong>: Cru, Preto, Verde, Azul</li><li><strong>Tamanho</strong>: 54 , 55 , 56 , 57 , 58 , 59 , 60 , 61</li><li><strong>Vendido Por</strong>: Unitário</li><li><strong>Composição</strong>: 50% Algodão – 50% Linho</li></ul>",Chapeus Lisboetas,Cowboy,OriginalPriceNote: Etiqueta: Fabricado em Italia,TRUE,Title,Default Title,Boné – 18110EC,,shopify,10,deny,manual,0.00,,TRUE,TRUE,,,bone-18110ec,FALSE,active
viseira-feminina-4,VISEIRA FEMININA,"<p>COR        
Bege, Castanho, Verde, Azul, Bordo, Marinho

TAMANHO                
55 , 56 , 57 , 58 , 59 , 60 , 61

VENDIDO POR        
Pacote 24

COMPOSIÇÃO                
69% Poliéster – 31% Algodão / Forro 100% Algodão</p><p>Découvrez notre Casquette - 18474OL = 18519OL au prix de grossiste pour votre boutique sur Hologramme Paris.</p><ul><li><strong>Cor</strong>: Pink, verde, preto, azul, bege, camel</li><li><strong>Tamanho</strong>: 55 , 56 , 57 , 58 , 59 , 60 , 61</li><li><strong>Composição</strong>: 69% Poliéster – 31% Algodão / Forro 100% Algodão</li><li><strong>Vendido Por</strong>: Pacote 24</li></ul>",Chapeus Lisboetas,Cowboy,VISEIRA  FEMININA,TRUE,Title,Default Title,HOLOGRAMME,,shopify,10,deny,manual,8.00,,TRUE,TRUE,,,VISEIRA FEMININA,FALSE,active
